pmid,year,LASIK,Surface ablation,Lenticule extraction,no_family_named
9642321,1997,0,1,0,0
9603299,1997,0,1,0,0
9603293,1997,0,1,0,0
9603291,1997,0,1,0,0
9603289,1997,0,1,0,0
9527320,1997,0,1,0,0
9510650,1997,0,1,0,0
9505812,1997,0,1,0,0
9480341,1997,0,1,0,0
9469543,1997,0,1,0,0
9465708,1997,1,1,0,0
9432237,1997,1,0,0,0
9432235,1997,0,1,0,0
9457454,1997,0,1,0,0
9456407,1997,0,1,0,0
9456405,1997,1,0,0,0
9456404,1997,0,1,0,0
9456403,1997,0,1,0,0
9456402,1997,0,1,0,0
9445896,1997,0,1,0,0
9439357,1997,0,1,0,0
9427202,1997,0,1,0,0
9427201,1997,1,0,0,0
9427200,1997,1,0,0,0
9427199,1997,0,1,0,0
9427198,1997,1,0,0,0
9427197,1997,0,1,0,0
9427195,1997,0,1,0,0
9423903,1997,0,1,0,0
9423902,1997,0,1,0,0
9423901,1997,0,1,0,0
9423900,1997,0,1,0,0
9423895,1997,0,1,0,0
9422933,1997,0,1,0,0
9422932,1997,0,1,0,0
9422928,1997,0,1,0,0
9407363,1997,0,1,0,0
9373133,1997,0,1,0,0
9373132,1997,0,1,0,0
9373131,1997,0,1,0,0
9373094,1997,1,0,0,0
9406374,1997,0,1,0,0
9403893,1997,0,1,0,0
9403890,1997,0,1,0,0
9403887,1997,0,1,0,0
9400799,1997,1,0,0,0
9395880,1997,0,1,0,0
9395879,1997,0,1,0,0
9369062,1997,0,1,0,0
9369059,1997,0,1,0,0
9369058,1997,0,1,0,0
9368160,1997,0,1,0,0
9368158,1997,0,1,0,0
9368157,1997,0,1,0,0
9366692,1997,0,1,0,0
9379396,1997,0,1,0,0
9379395,1997,0,1,0,0
9379391,1997,0,1,0,0
9379388,1997,0,1,0,0
9379387,1997,1,0,0,0
9379375,1997,0,1,0,0
9379374,1997,0,1,0,0
9379373,1997,0,1,0,0
9352487,1997,0,1,0,0
9352486,1997,0,1,0,0
9352482,1997,0,1,0,0
9352481,1997,1,1,0,0
9352480,1997,1,0,0,0
9352479,1997,1,0,0,0
9352478,1997,0,1,0,0
9352476,1997,1,0,0,0
9339056,1997,1,1,0,0
9338681,1997,0,1,0,0
9333523,1997,0,1,0,0
9331192,1997,0,1,0,0
9331191,1997,0,1,0,0
9331190,1997,0,1,0,0
9331182,1997,0,1,0,0
9331181,1997,0,1,0,0
27475086,1997,1,0,0,0
9294698,1997,0,1,0,0
9294693,1997,0,1,0,0
9294692,1997,0,1,0,0
9294690,1997,0,1,0,0
9294681,1997,0,1,0,0
9288460,1997,0,0,0,1
9377320,1997,0,1,0,0
9376697,1997,0,1,0,0
9374255,1997,0,1,0,0
9349167,1997,0,1,0,0
9349159,1997,0,1,0,0
9349150,1997,0,1,0,0
9349148,1997,0,1,0,0
9303780,1997,0,1,0,0
9303779,1997,0,1,0,0
9286799,1997,0,1,0,0
9286798,1997,0,1,0,0
9286797,1997,0,1,0,0
9286796,1997,0,1,0,0
9286795,1997,0,1,0,0
9286794,1997,0,1,0,0
9286793,1997,0,1,0,0
9286792,1997,0,1,0,0
9286791,1997,0,1,0,0
9286790,1997,0,1,0,0
9286789,1997,0,1,0,0
9286788,1997,0,1,0,0
9286787,1997,1,0,0,0
9286786,1997,1,0,0,0
9286785,1997,1,1,0,0
9286784,1997,1,0,0,0
9286783,1997,1,0,0,0
9286782,1997,1,0,0,0
9286272,1997,0,0,0,1
9262544,1997,0,0,0,1
9261324,1997,0,1,0,0
9261323,1997,0,1,0,0
9261322,1997,0,1,0,0
9261321,1997,0,1,0,0
9261320,1997,0,1,0,0
9258225,1997,0,1,0,0
9255512,1997,0,1,0,0
10173139,1997,0,1,0,0
10170448,1997,0,0,0,1
10170446,1997,1,0,0,0
9395798,1997,0,1,0,0
9352271,1997,0,1,0,0
9333393,1997,0,1,0,0
9333392,1997,0,1,0,0
9333391,1997,0,1,0,0
9333390,1997,0,1,0,0
9303778,1997,1,0,0,0
9292685,1997,0,1,0,0
9292683,1997,1,0,0,0
9292666,1997,0,1,0,0
9292665,1997,0,1,0,0
9292664,1997,0,1,0,0
9292657,1997,0,1,0,0
9290367,1997,0,1,0,0
9290364,1997,0,1,0,0
9268943,1997,0,1,0,0
9268936,1997,0,1,0,0
9268935,1997,0,1,0,0
9268934,1997,0,1,0,0
9268932,1997,0,1,0,0
9268931,1997,0,1,0,0
9268930,1997,0,1,0,0
9248252,1997,0,1,0,0
9230822,1997,1,0,0,0
9224456,1997,1,1,0,0
9222080,1997,0,1,0,0
11189338,1997,0,1,0,0
9312321,1997,0,1,0,0
9278809,1997,0,1,0,0
9278807,1997,0,1,0,0
9278795,1997,0,1,0,0
9278794,1997,0,1,0,0
9278793,1997,0,1,0,0
9278792,1997,0,1,0,0
9278791,1997,1,0,0,0
9278788,1997,0,1,0,0
9278784,1997,1,0,0,0
9278780,1997,0,1,0,0
9223813,1997,0,1,0,0
9186434,1997,0,1,0,0
10437037,1997,0,1,0,0
9267596,1997,0,1,0,0
9209999,1997,0,1,0,0
9209986,1997,0,0,0,1
9209982,1997,1,1,0,0
9209981,1997,0,1,0,0
9183766,1997,1,0,0,0
9183761,1997,0,1,0,0
9183760,1997,0,1,0,0
9183758,1997,0,1,0,0
9183756,1997,0,1,0,0
9183755,1997,0,1,0,0
9183754,1997,0,1,0,0
9183751,1997,0,1,0,0
9183750,1997,0,1,0,0
9176678,1997,0,0,0,1
9160029,1997,0,1,0,0
9152137,1997,0,1,0,0
9143802,1997,1,0,0,0
9594229,1997,1,1,0,0
9243215,1997,0,1,0,0
9227267,1997,0,1,0,0
9197555,1997,0,1,0,0
9197554,1997,0,1,0,0
9197552,1997,0,1,0,0
9159692,1997,0,1,0,0
9159683,1997,1,1,0,0
9159682,1997,1,0,0,0
9159672,1997,0,1,0,0
9159670,1997,0,1,0,0
9111243,1997,1,0,0,0
9101565,1997,0,1,0,0
10684076,1997,0,1,0,0
10437020,1997,0,1,0,0
10437019,1997,0,1,0,0
9196380,1997,0,0,0,1
9135383,1997,1,1,0,0
9113585,1997,0,1,0,0
9113575,1997,0,1,0,0
9113572,1997,0,1,0,0
9113569,1997,0,1,0,0
9113567,1997,1,0,0,0
9113566,1997,0,1,0,0
9113558,1997,0,1,0,0
9109075,1997,1,1,0,0
9109073,1997,0,1,0,0
9109071,1997,0,1,0,0
9109070,1997,1,0,0,0
9109068,1997,0,1,0,0
9109066,1997,1,1,0,0
9109065,1997,0,1,0,0
9082259,1997,0,1,0,0
9082258,1997,0,1,0,0
9082257,1997,0,1,0,0
9082256,1997,0,1,0,0
9076219,1997,0,1,0,0
9071534,1997,0,1,0,0
9071528,1997,0,1,0,0
9063257,1997,0,1,0,0
9063238,1997,0,1,0,0
9156635,1997,0,1,0,0
9156634,1997,0,1,0,0
9124096,1997,0,1,0,0
9109332,1997,0,1,0,0
9059250,1997,0,1,0,0
9059249,1997,0,1,0,0
9059248,1997,0,1,0,0
9047030,1997,0,1,0,0
9046248,1997,0,1,0,0
10168269,1997,0,1,0,0
10436993,1997,0,1,0,0
10436992,1997,0,1,0,0
10436991,1997,1,1,0,0
10436990,1997,1,1,0,0
10436989,1997,0,1,0,0
10436988,1997,0,1,0,0
10073040,1997,0,1,0,0
10073032,1997,0,1,0,0
9868038,1997,0,1,0,0
9745809,1997,0,1,0,0
9587590,1997,0,1,0,0
9554141,1997,0,1,0,0
9554140,1997,0,1,0,0
9554138,1997,0,1,0,0
9554136,1997,0,1,0,0
9554135,1997,0,1,0,0
9554134,1997,1,1,0,0
9554131,1997,0,1,0,0
9515115,1997,0,1,0,0
9479821,1997,0,1,0,0
9474312,1997,0,1,0,0
9440190,1997,0,1,0,0
9440176,1997,1,0,0,0
9440175,1997,1,0,0,0
9408362,1997,0,1,0,0
9408312,1997,0,1,0,0
9389211,1997,0,1,0,0
9380362,1997,0,1,0,0
9380358,1997,0,1,0,0
9380350,1997,0,1,0,0
9373487,1997,0,1,0,0
9340929,1997,1,1,0,0
9261795,1997,0,1,0,0
9228645,1997,0,1,0,0
9186108,1997,0,1,0,0
9186095,1997,0,1,0,0
9186094,1997,0,1,0,0
9142681,1997,0,0,0,1
9101351,1997,0,1,0,0
9101350,1997,1,1,0,0
9101349,1997,0,0,0,1
9101348,1997,0,1,0,0
9101347,1997,0,1,0,0
9101346,1997,0,1,0,0
9101345,1997,0,1,0,0
9100110,1997,0,1,0,0
9100107,1997,0,1,0,0
9100106,1997,1,1,0,0
9100105,1997,1,1,0,0
9100102,1997,0,1,0,0
9099295,1997,0,1,0,0
9049941,1997,0,1,0,0
9049940,1997,0,1,0,0
9049938,1997,0,1,0,0
9049937,1997,0,1,0,0
9049936,1997,0,1,0,0
9049934,1997,0,1,0,0
9049933,1997,0,1,0,0
9049932,1997,1,0,0,0
9049931,1997,0,1,0,0
9049929,1997,0,1,0,0
9049927,1997,0,1,0,0
9049926,1997,0,1,0,0
9043819,1997,0,1,0,0
9031299,1997,0,1,0,0
8985635,1997,0,1,0,0
8985634,1997,0,1,0,0
8958529,1997,0,1,0,0
9286317,1996,0,1,0,0
9286313,1996,1,0,0,0
9286311,1996,0,1,0,0
9082152,1996,0,1,0,0
9051500,1996,0,0,0,1
9051498,1996,0,1,0,0
9051497,1996,0,1,0,0
9051496,1996,0,1,0,0
9051486,1996,1,0,0,0
9003330,1996,0,1,0,0
8956634,1996,0,1,0,0
8953983,1996,0,1,0,0
8953982,1996,0,1,0,0
8953977,1996,0,1,0,0
9479550,1996,1,0,0,0
9479547,1996,1,1,0,0
9479521,1996,0,1,0,0
9479520,1996,0,1,0,0
9479518,1996,0,1,0,0
9479515,1996,0,1,0,0
9044986,1996,0,1,0,0
9044975,1996,0,1,0,0
8994361,1996,0,1,0,0
8972369,1996,0,0,0,1
8972366,1996,0,1,0,0
8972365,1996,0,1,0,0
8972357,1996,0,1,0,0
8970028,1996,0,1,0,0
8970027,1996,0,1,0,0
8970026,1996,0,1,0,0
8970025,1996,0,1,0,0
8970024,1996,0,1,0,0
8970023,1996,0,1,0,0
8970022,1996,1,1,0,0
8970021,1996,0,1,0,0
8970020,1996,0,0,0,1
8970019,1996,0,1,0,0
8970018,1996,0,1,0,0
8950650,1996,0,0,0,1
8942898,1996,0,1,0,0
8942897,1996,0,1,0,0
8942896,1996,0,1,0,0
8942895,1996,0,1,0,0
8899266,1996,0,1,0,0
8843803,1996,0,1,0,0
9044957,1996,0,1,0,0
8976697,1996,0,1,0,0
8915802,1996,0,1,0,0
8915800,1996,0,1,0,0
8859096,1996,0,1,0,0
9639844,1996,0,1,0,0
9041084,1996,0,1,0,0
9041082,1996,0,1,0,0
9041081,1996,0,1,0,0
9041080,1996,0,1,0,0
9041079,1996,0,1,0,0
9041073,1996,0,1,0,0
9041072,1996,0,1,0,0
8895129,1996,1,0,0,0
8895128,1996,0,1,0,0
8895123,1996,0,1,0,0
8895122,1996,0,1,0,0
8895121,1996,1,1,0,0
8895120,1996,0,1,0,0
8895119,1996,1,1,0,0
8895118,1996,0,1,0,0
8890449,1996,0,1,0,0
8890447,1996,0,1,0,0
8862933,1996,0,1,0,0
8862929,1996,0,1,0,0
8854687,1996,0,1,0,0
8841296,1996,0,1,0,0
8841295,1996,0,1,0,0
8841294,1996,0,1,0,0
8841293,1996,0,1,0,0
8790097,1996,0,1,0,0
8752060,1996,0,1,0,0
8913123,1996,0,1,0,0
8871166,1996,0,0,0,1
8871165,1996,0,1,0,0
8854484,1996,0,1,0,0
8853835,1996,0,1,0,0
8764789,1996,0,1,0,0
8764786,1996,0,1,0,0
8759348,1996,0,1,0,0
8701994,1996,0,1,0,0
8694725,1996,0,1,0,0
8694110,1996,1,1,0,0
8694083,1996,0,1,0,0
10163639,1996,0,1,0,0
10163638,1996,0,0,0,1
10163633,1996,0,1,0,0
21102720,1996,0,1,0,0
9590836,1996,0,1,0,0
9590835,1996,0,1,0,0
8954411,1996,1,1,0,0
8908425,1996,0,1,0,0
8871867,1996,0,1,0,0
8871866,1996,0,1,0,0
8871861,1996,0,1,0,0
8871858,1996,1,1,0,0
8871857,1996,1,1,0,0
8871856,1996,0,1,0,0
8871855,1996,0,0,0,1
8871854,1996,0,1,0,0
8844391,1996,0,1,0,0
8844382,1996,0,1,0,0
8844381,1996,0,1,0,0
8844380,1996,0,1,0,0
8844377,1996,0,1,0,0
8844369,1996,0,1,0,0
8828931,1996,0,0,0,1
8795383,1996,0,1,0,0
8795371,1996,0,1,0,0
8795370,1996,0,1,0,0
8684805,1996,0,1,0,0
8673912,1996,0,1,0,0
8659595,1996,0,0,0,1
8965463,1996,0,0,0,1
8965461,1996,1,1,0,0
8965458,1996,0,1,0,0
8828717,1996,0,1,0,0
8828716,1996,0,1,0,0
8828715,1996,0,1,0,0
8826785,1996,0,1,0,0
8784638,1996,0,0,0,1
8784625,1996,0,1,0,0
8784623,1996,1,0,0,0
8784622,1996,0,1,0,0
8784618,1996,0,1,0,0
8759267,1996,0,1,0,0
8753986,1996,0,0,0,1
8753985,1996,1,0,0,0
8753984,1996,0,1,0,0
8753983,1996,0,1,0,0
8846261,1996,0,1,0,0
8771547,1996,0,1,0,0
8771546,1996,0,1,0,0
8771544,1996,0,1,0,0
8771541,1996,0,1,0,0
8771537,1996,1,0,0,0
8771536,1996,0,1,0,0
8733859,1996,0,1,0,0
8733846,1996,0,1,0,0
8724164,1996,0,1,0,0
8724163,1996,1,1,0,0
8724162,1996,1,1,0,0
8724161,1996,1,1,0,0
8724160,1996,0,1,0,0
8724159,1996,0,1,0,0
8724158,1996,0,1,0,0
8724157,1996,0,1,0,0
8724156,1996,0,1,0,0
8724155,1996,0,1,0,0
8724154,1996,0,1,0,0
8724153,1996,0,1,0,0
8724152,1996,0,1,0,0
8724151,1996,0,1,0,0
8724150,1996,0,1,0,0
8724149,1996,0,1,0,0
8724148,1996,0,1,0,0
8724147,1996,0,1,0,0
8724146,1996,0,1,0,0
8724145,1996,0,1,0,0
8717710,1996,0,1,0,0
8651052,1996,0,1,0,0
8637682,1996,0,1,0,0
8616734,1996,0,1,0,0
8610802,1996,0,1,0,0
8610796,1996,0,1,0,0
8964536,1996,0,1,0,0
8826209,1996,0,1,0,0
8823582,1996,0,1,0,0
8823581,1996,0,1,0,0
8778497,1996,0,0,0,1
8778363,1996,0,1,0,0
8778360,1996,0,1,0,0
8778354,1996,0,1,0,0
8705747,1996,0,1,0,0
8703896,1996,0,1,0,0
8689548,1996,1,1,0,0
8689547,1996,0,1,0,0
8670734,1996,0,1,0,0
8604730,1996,0,1,0,0
8602772,1996,0,1,0,0
10156320,1996,0,1,0,0
8925667,1996,0,1,0,0
8857255,1996,0,1,0,0
8715319,1996,0,1,0,0
8705718,1996,1,1,0,0
8705717,1996,0,1,0,0
8705716,1996,0,1,0,0
8705713,1996,0,1,0,0
8705712,1996,0,1,0,0
8705711,1996,0,1,0,0
8705710,1996,0,1,0,0
8705709,1996,0,1,0,0
8705708,1996,0,1,0,0
8703860,1996,0,1,0,0
8656386,1996,0,1,0,0
8656385,1996,0,1,0,0
8656384,1996,0,1,0,0
8656383,1996,0,1,0,0
8600896,1996,0,1,0,0
8600882,1996,0,1,0,0
8600881,1996,0,1,0,0
8600423,1996,0,1,0,0
8600421,1996,0,1,0,0
8600420,1996,0,1,0,0
8597267,1996,0,1,0,0
8653527,1996,0,1,0,0
8653526,1996,0,1,0,0
8653524,1996,1,1,0,0
8653512,1996,0,1,0,0
8653511,1996,0,1,0,0
8653510,1996,0,1,0,0
8653509,1996,0,1,0,0
8653508,1996,0,1,0,0
8653507,1996,0,1,0,0
8653506,1996,0,1,0,0
8653505,1996,0,1,0,0
8653504,1996,0,1,0,0
8653503,1996,0,1,0,0
8653502,1996,0,1,0,0
8653501,1996,0,1,0,0
8653500,1996,0,1,0,0
8623883,1996,1,1,0,0
8573013,1996,0,0,0,1
8631236,1996,0,0,0,1
9213595,1996,0,1,0,0
9091633,1996,0,1,0,0
9072516,1996,1,0,0,0
9021468,1996,0,1,0,0
9021465,1996,0,1,0,0
9021460,1996,0,0,0,1
9021459,1996,1,0,0,0
9021458,1996,0,0,0,1
9021456,1996,1,1,0,0
9021455,1996,1,0,0,0
9021454,1996,0,0,0,1
8977782,1996,0,1,0,0
8963826,1996,0,1,0,0
8963825,1996,0,1,0,0
8963821,1996,0,1,0,0
8963819,1996,0,1,0,0
8963818,1996,0,1,0,0
8963815,1996,0,0,0,1
8963809,1996,0,0,0,1
8963808,1996,0,1,0,0
8963807,1996,0,1,0,0
8963804,1996,0,1,0,0
8963802,1996,0,1,0,0
8963800,1996,0,1,0,0
8963797,1996,0,1,0,0
8907376,1996,0,1,0,0
8876381,1996,0,1,0,0
8871273,1996,0,1,0,0
8850895,1996,0,1,0,0
8840673,1996,0,1,0,0
8758380,1996,0,1,0,0
8734223,1996,0,1,0,0
8732575,1996,0,1,0,0
8731780,1996,0,1,0,0
8664226,1996,0,1,0,0
8656364,1996,0,1,0,0
8656363,1996,0,1,0,0
8656361,1996,0,1,0,0
8656353,1996,0,1,0,0
8630753,1996,0,1,0,0
8628560,1996,0,1,0,0
8550334,1996,0,1,0,0
8540851,1996,0,1,0,0
9275739,1995,0,0,0,1
9098296,1995,0,1,0,0
9098269,1995,0,1,0,0
8818325,1995,0,1,0,0
8808510,1995,0,1,0,0
7501077,1995,0,1,0,0
11980071,1995,0,1,0,0
9098244,1995,0,1,0,0
8751103,1995,0,1,0,0
8746579,1995,0,1,0,0
8624833,1995,0,1,0,0
8624830,1995,0,1,0,0
8624828,1995,0,1,0,0
8624827,1995,0,1,0,0
8624826,1995,0,0,0,1
8551441,1995,0,1,0,0
8551440,1995,0,1,0,0
8551439,1995,0,1,0,0
8533653,1995,0,1,0,0
7501518,1995,0,1,0,0
7487586,1995,0,1,0,0
7485370,1995,0,0,0,1
10172490,1995,0,1,0,0
9005038,1995,0,1,0,0
8963167,1995,0,1,0,0
8963155,1995,0,1,0,0
8574974,1995,0,1,0,0
8570159,1995,0,1,0,0
8565201,1995,0,1,0,0
8565200,1995,0,1,0,0
8549153,1995,0,1,0,0
7573326,1995,0,1,0,0
7573316,1995,1,1,0,0
7488574,1995,0,1,0,0
10151963,1995,0,1,0,0
9097759,1995,0,1,0,0
8963863,1995,0,1,0,0
8668824,1995,0,1,0,0
8533107,1995,0,1,0,0
8528919,1995,0,1,0,0
8528917,1995,0,1,0,0
8528915,1995,0,1,0,0
8528913,1995,0,1,0,0
8528912,1995,0,1,0,0
8528911,1995,0,1,0,0
8528909,1995,0,1,0,0
8528908,1995,0,1,0,0
8528907,1995,0,1,0,0
8524557,1995,0,1,0,0
8524556,1995,0,1,0,0
7661734,1995,0,0,0,1
7474791,1995,0,1,0,0
7473111,1995,0,1,0,0
7473110,1995,0,1,0,0
7473109,1995,0,1,0,0
11990102,1995,0,0,0,1
8646590,1995,0,1,0,0
8537030,1995,0,1,0,0
8537022,1995,0,1,0,0
8534450,1995,0,0,0,1
8534442,1995,0,0,0,1
8534441,1995,0,1,0,0
7639676,1995,0,1,0,0
7639658,1995,0,1,0,0
7587492,1995,0,1,0,0
7549336,1995,0,1,0,0
7549334,1995,0,1,0,0
7549322,1995,0,1,0,0
7549319,1995,0,1,0,0
7549318,1995,0,0,0,1
7549317,1995,0,1,0,0
7549316,1995,0,1,0,0
7549315,1995,1,1,0,0
7547788,1995,0,1,0,0
10150886,1995,1,1,0,0
10150885,1995,0,1,0,0
10150883,1995,0,0,0,1
9121752,1995,0,1,0,0
9121751,1995,0,1,0,0
8545808,1995,0,1,0,0
8523280,1995,0,1,0,0
7613344,1995,0,1,0,0
7605277,1995,0,1,0,0
7605273,1995,0,1,0,0
7575321,1995,0,1,0,0
7496986,1995,0,1,0,0
7496985,1995,0,1,0,0
7496983,1995,0,1,0,0
7496979,1995,0,1,0,0
7786205,1995,0,1,0,0
7786197,1995,0,1,0,0
7777306,1995,0,1,0,0
7777305,1995,0,1,0,0
7641848,1995,0,1,0,0
7585309,1995,0,1,0,0
7761066,1995,0,1,0,0
7748117,1995,0,1,0,0
7733186,1995,0,1,0,0
7674162,1995,0,0,0,1
7674160,1995,0,1,0,0
7674151,1995,0,1,0,0
7663328,1995,0,1,0,0
7659417,1995,0,0,0,1
7609376,1995,0,1,0,0
7600805,1995,0,0,0,1
7600804,1995,0,1,0,0
7555409,1995,0,0,0,1
7555398,1995,0,1,0,0
7553122,1995,0,1,0,0
7553121,1995,0,1,0,0
7553120,1995,0,1,0,0
7553119,1995,0,1,0,0
7553118,1995,0,1,0,0
7553117,1995,0,1,0,0
7553116,1995,0,1,0,0
7553115,1995,0,1,0,0
7553114,1995,0,1,0,0
7553113,1995,0,1,0,0
7553112,1995,0,1,0,0
7553111,1995,0,1,0,0
7553110,1995,0,1,0,0
7553109,1995,0,1,0,0
7553108,1995,0,1,0,0
7553107,1995,0,1,0,0
7553106,1995,0,1,0,0
7553105,1995,0,1,0,0
7553104,1995,0,1,0,0
7553103,1995,0,1,0,0
7553102,1995,0,1,0,0
7553101,1995,0,1,0,0
7553100,1995,0,1,0,0
7553099,1995,1,1,0,0
7553098,1995,1,1,0,0
7553097,1995,1,1,0,0
7553096,1995,1,1,0,0
7553095,1995,0,1,0,0
7553094,1995,0,1,0,0
7553093,1995,0,0,0,1
7553090,1995,0,1,0,0
7553088,1995,0,1,0,0
7553087,1995,0,1,0,0
7553086,1995,0,1,0,0
7553083,1995,0,1,0,0
7728036,1995,0,0,0,1
7791285,1995,0,0,0,1
7746995,1995,0,0,0,1
7724171,1995,0,1,0,0
7710402,1995,0,1,0,0
7710392,1995,0,1,0,0
7710391,1995,0,1,0,0
7656390,1995,0,1,0,0
7656147,1995,0,0,0,1
7540961,1995,0,1,0,0
7891987,1995,0,1,0,0
7872385,1995,0,1,0,0
7791054,1995,0,1,0,0
7634146,1995,0,1,0,0
7634145,1995,1,0,0,0
7634142,1995,0,1,0,0
7634140,1995,0,1,0,0
7634139,1995,0,1,0,0
7478626,1995,0,0,0,1
7731292,1995,0,0,0,1
7781123,1995,0,1,0,0
7780900,1995,0,1,0,0
7739199,1995,0,1,0,0
7739188,1995,0,0,0,1
7701983,1995,0,1,0,0
7696238,1995,0,1,0,0
7627753,1995,0,0,0,1
9262732,1995,0,1,0,0
9262731,1995,0,1,0,0
9262730,1995,0,1,0,0
9262729,1995,0,1,0,0
9262717,1995,0,1,0,0
9221227,1995,0,1,0,0
8745706,1995,0,1,0,0
8719677,1995,1,1,0,0
8659231,1995,0,1,0,0
8569411,1995,0,0,0,1
8549241,1995,0,1,0,0
7831040,1995,0,1,0,0
7825688,1995,0,0,0,1
7822157,1995,0,0,0,1
7722900,1995,0,1,0,0
7722893,1995,0,1,0,0
7715922,1995,0,1,0,0
7712612,1995,0,0,0,1
7651060,1995,0,0,0,1
7641050,1995,0,0,0,1
7641048,1995,0,1,0,0
7641047,1995,0,1,0,0
7641046,1995,0,0,0,1
7560787,1995,0,1,0,0
7560780,1995,0,0,0,1
7533534,1995,0,1,0,0
7488798,1995,0,1,0,0
7993206,1994,0,1,0,0
7993199,1994,0,0,0,1
7856160,1994,0,0,0,1
7980132,1994,0,1,0,0
7885676,1994,0,1,0,0
7844938,1994,0,1,0,0
7837071,1994,0,1,0,0
7837070,1994,0,0,0,1
7719540,1994,0,0,0,1
7719539,1994,0,1,0,0
7719532,1994,0,1,0,0
7943146,1994,0,1,0,0
7887157,1994,0,1,0,0
7812099,1994,0,1,0,0
7812098,1994,0,1,0,0
7812096,1994,0,1,0,0
7803365,1994,0,1,0,0
8085586,1994,0,1,0,0
8090459,1994,0,1,0,0
8090458,1994,0,1,0,0
8090457,1994,0,1,0,0
7996402,1994,0,1,0,0
7996400,1994,0,1,0,0
7994491,1994,0,0,0,1
7805537,1994,0,0,0,1
7530111,1994,0,1,0,0
7530109,1994,0,0,0,1
7530108,1994,0,1,0,0
7530103,1994,0,1,0,0
7530099,1994,1,1,0,0
7522315,1994,0,1,0,0
8053462,1994,0,1,0,0
8087899,1994,0,0,0,1
8058288,1994,0,1,0,0
8053825,1994,0,1,0,0
7825413,1994,0,0,0,1
7825412,1994,0,1,0,0
7825411,1994,0,1,0,0
8023858,1994,0,1,0,0
10172082,1994,0,0,0,1
10147334,1994,0,1,0,0
8035996,1994,0,0,0,1
8031278,1994,0,0,0,1
8031271,1994,0,1,0,0
7932126,1994,0,0,0,1
7528619,1994,0,1,0,0
7528617,1994,0,1,0,0
7528616,1994,0,1,0,0
7528613,1994,0,0,0,1
7528612,1994,0,1,0,0
7528611,1994,0,1,0,0
7528610,1994,0,0,0,1
8198170,1994,0,1,0,0
10147298,1994,0,1,0,0
10147297,1994,0,0,0,1
10147296,1994,0,0,0,1
8206721,1994,0,1,0,0
8206720,1994,0,0,0,1
8060928,1994,0,0,0,1
8008363,1994,0,0,0,1
8172276,1994,0,0,0,1
8190476,1994,0,0,0,1
8190475,1994,0,1,0,0
8051887,1994,0,1,0,0
8051886,1994,0,1,0,0
8033572,1994,0,0,0,1
7522098,1994,0,1,0,0
7522096,1994,0,1,0,0
7522093,1994,0,1,0,0
7522088,1994,0,1,0,0
8154526,1994,0,1,0,0
8079631,1994,0,0,0,1
8079630,1994,0,1,0,0
7925681,1994,0,1,0,0
8129020,1994,0,1,0,0
8129016,1994,0,0,0,1
8129014,1994,0,1,0,0
8129013,1994,0,1,0,0
8201569,1994,0,1,0,0
8196922,1994,0,1,0,0
8193570,1994,0,0,0,1
8148335,1994,0,0,0,1
8127563,1994,0,1,0,0
8006800,1994,0,1,0,0
8006799,1994,0,1,0,0
8006798,1994,0,1,0,0
8006797,1994,0,1,0,0
8006796,1994,0,1,0,0
8006795,1994,0,1,0,0
8006794,1994,0,1,0,0
8006793,1994,0,1,0,0
8006792,1994,0,1,0,0
8006791,1994,0,1,0,0
8006790,1994,0,1,0,0
8006789,1994,0,1,0,0
8006788,1994,0,0,0,1
8006787,1994,0,0,0,1
7966373,1994,0,0,0,1
7517321,1994,0,1,0,0
7517320,1994,0,1,0,0
7517319,1994,0,1,0,0
7517318,1994,0,1,0,0
7517316,1994,0,1,0,0
7517315,1994,0,1,0,0
7517314,1994,0,1,0,0
7517313,1994,0,1,0,0
7517312,1994,0,1,0,0
7517311,1994,0,1,0,0
7517310,1994,0,1,0,0
7517309,1994,0,1,0,0
7517308,1994,0,1,0,0
7517307,1994,0,1,0,0
7517306,1994,0,1,0,0
7517305,1994,0,1,0,0
7517304,1994,0,1,0,0
7517303,1994,0,1,0,0
7517302,1994,0,1,0,0
7517301,1994,0,1,0,0
7517300,1994,0,1,0,0
7517299,1994,0,1,0,0
7517298,1994,0,1,0,0
7517297,1994,0,1,0,0
7517296,1994,0,1,0,0
7517293,1994,0,1,0,0
7517292,1994,0,0,0,1
7517287,1994,0,1,0,0
7517286,1994,0,1,0,0
7517285,1994,0,1,0,0
8152742,1994,0,1,0,0
8152741,1994,0,1,0,0
8115139,1994,0,0,0,1
8115138,1994,0,0,0,1
8017194,1994,0,0,0,1
8302549,1994,0,1,0,0
8302548,1994,0,1,0,0
8300350,1994,0,0,0,1
8183051,1994,0,0,0,1
8114123,1994,0,1,0,0
8089410,1994,0,0,0,1
8089408,1994,0,0,0,1
8089402,1994,0,1,0,0
8019121,1994,0,1,0,0
8013719,1994,0,1,0,0
7997043,1994,0,0,0,1
7896534,1994,0,1,0,0
7896528,1994,0,1,0,0
7886866,1994,0,0,0,1
7886865,1994,0,1,0,0
7852022,1994,0,0,0,1
7849412,1994,0,1,0,0
7821482,1994,0,1,0,0
7722235,1994,0,1,0,0
7604613,1994,0,1,0,0
7517785,1994,0,1,0,0
7517779,1994,0,1,0,0
7517775,1994,0,0,0,1
8250070,1993,0,1,0,0
8259282,1993,0,1,0,0
8155032,1993,0,1,0,0
8155031,1993,0,1,0,0
8154261,1993,0,0,0,1
8115096,1993,0,1,0,0
8312823,1993,0,1,0,0
8310397,1993,0,0,0,1
8280683,1993,0,0,0,1
8261781,1993,0,0,0,1
8233381,1993,0,1,0,0
8117646,1993,0,1,0,0
8117643,1993,0,1,0,0
8117642,1993,0,1,0,0
8117641,1993,0,1,0,0
8117638,1993,0,1,0,0
8412953,1993,0,1,0,0
8304687,1993,0,0,0,1
8261607,1993,0,0,0,1
8261604,1993,0,1,0,0
8259241,1993,0,1,0,0
8218043,1993,0,0,0,1
8114466,1993,0,0,0,1
8310220,1993,0,1,0,0
8395794,1993,0,1,0,0
8371921,1993,0,1,0,0
8241049,1993,0,1,0,0
8241048,1993,0,1,0,0
8241042,1993,0,1,0,0
8241036,1993,0,1,0,0
8229712,1993,0,1,0,0
8352695,1993,0,1,0,0
8352677,1993,0,1,0,0
8341507,1993,0,0,0,1
8266200,1993,0,1,0,0
8112963,1993,0,1,0,0
8328526,1993,0,0,0,1
10148871,1993,0,0,0,1
10148870,1993,0,0,0,1
10148868,1993,0,1,0,0
8398977,1993,0,1,0,0
8398976,1993,0,1,0,0
8398975,1993,0,0,0,1
8398972,1993,0,0,0,1
8398971,1993,0,0,0,1
8375040,1993,0,0,0,1
8375039,1993,0,1,0,0
8355173,1993,0,0,0,1
8339566,1993,0,1,0,0
8339562,1993,0,0,0,1
8338819,1993,0,1,0,0
8328940,1993,0,0,0,1
8325755,1993,0,1,0,0
8321536,1993,0,0,0,1
8321534,1993,0,0,0,1
8225071,1993,0,0,0,1
8225068,1993,0,1,0,0
8225056,1993,0,1,0,0
8506924,1993,0,1,0,0
8510900,1993,0,1,0,0
8230777,1993,0,1,0,0
8488917,1993,0,0,0,1
8503817,1993,0,1,0,0
8501631,1993,0,1,0,0
8493018,1993,0,1,0,0
8489425,1993,0,1,0,0
8343437,1993,0,1,0,0
8334387,1993,0,1,0,0
8334386,1993,0,1,0,0
8319921,1993,0,0,0,1
8470715,1993,0,1,0,0
8470714,1993,0,1,0,0
8497716,1993,0,0,0,1
8495564,1993,0,1,0,0
8494862,1993,0,1,0,0
8490304,1993,0,0,0,1
8479713,1993,0,0,0,1
8407121,1993,0,1,0,0
8510419,1993,0,1,0,0
8510418,1993,0,1,0,0
8499390,1993,0,1,0,0
8499386,1993,0,0,0,1
8499384,1993,0,1,0,0
8499383,1993,0,1,0,0
8499382,1993,0,1,0,0
8499381,1993,0,1,0,0
8499380,1993,0,1,0,0
8499379,1993,0,1,0,0
8499378,1993,0,1,0,0
8499377,1993,0,1,0,0
8499376,1993,0,1,0,0
8499375,1993,0,1,0,0
8499374,1993,0,1,0,0
8499373,1993,0,1,0,0
8499372,1993,0,1,0,0
8499371,1993,0,1,0,0
8499370,1993,0,1,0,0
8499369,1993,0,1,0,0
8499367,1993,0,1,0,0
8499366,1993,0,0,0,1
8499364,1993,0,0,0,1
8499363,1993,0,1,0,0
8499362,1993,0,1,0,0
8499361,1993,0,1,0,0
8499360,1993,0,1,0,0
8499358,1993,0,0,0,1
8499357,1993,0,1,0,0
8499356,1993,0,1,0,0
8499355,1993,0,1,0,0
8499354,1993,0,1,0,0
8499353,1993,0,1,0,0
8494818,1993,0,1,0,0
8487181,1993,0,0,0,1
20802716,1993,0,0,0,1
8487465,1993,0,0,0,1
8515675,1993,0,0,0,1
8482799,1993,0,1,0,0
8481372,1993,0,1,0,0
8481371,1993,0,0,0,1
8481369,1993,0,1,0,0
8481368,1993,0,0,0,1
8464306,1993,0,0,0,1
8464304,1993,0,1,0,0
8450438,1993,0,1,0,0
8450437,1993,0,1,0,0
8450436,1993,0,1,0,0
8450435,1993,0,1,0,0
8450433,1993,0,1,0,0
8326102,1993,0,1,0,0
8288437,1993,0,0,0,1
8287981,1993,0,1,0,0
8253244,1993,0,1,0,0
8205334,1993,0,0,0,1
7952350,1993,0,1,0,0
7952349,1993,0,1,0,0
1486268,1992,0,0,0,1
1486267,1992,0,1,0,0
1484663,1992,0,0,0,1
1493120,1992,0,0,0,1
1493119,1992,0,0,0,1
1341304,1992,0,0,0,1
1341295,1992,0,0,0,1
1341294,1992,0,0,0,1
1341292,1992,0,0,0,1
1291686,1992,0,0,0,1
1415453,1992,0,1,0,0
1406388,1992,0,0,0,1
1471479,1992,0,0,0,1
1462540,1992,0,1,0,0
1453657,1992,0,0,0,1
1399404,1992,0,0,0,1
1524126,1992,0,1,0,0
1520118,1992,0,1,0,0
1520108,1992,0,1,0,0
1520105,1992,0,0,0,1
1480371,1992,0,1,0,0
1480367,1992,0,1,0,0
1450126,1992,0,1,0,0
1450120,1992,0,1,0,0
1450118,1992,0,0,0,1
1450117,1992,0,0,0,1
1450116,1992,0,1,0,0
10147881,1992,0,1,0,0
1513588,1992,0,0,0,1
1513573,1992,0,1,0,0
1513572,1992,0,0,0,1
1497507,1992,0,1,0,0
1449784,1992,0,0,0,1
1414302,1992,0,0,0,1
1621785,1992,0,1,0,0
1320331,1992,0,0,0,1
1320329,1992,0,0,0,1
10147735,1992,0,1,0,0
1637286,1992,0,1,0,0
1637279,1992,0,1,0,0
1637278,1992,0,1,0,0
1634334,1992,0,0,0,1
1495783,1992,0,0,0,1
1390414,1992,0,0,0,1
1390411,1992,0,0,0,1
1390408,1992,0,1,0,0
1390406,1992,0,0,0,1
1390405,1992,0,1,0,0
1630779,1992,0,1,0,0
1630356,1992,0,1,0,0
1607228,1992,0,0,0,1
1507787,1992,0,1,0,0
1633145,1992,0,0,0,1
1633144,1992,0,0,0,1
1633139,1992,0,1,0,0
1614096,1992,0,0,0,1
1614095,1992,0,0,0,1
1594227,1992,0,1,0,0
1600320,1992,0,0,0,1
1600319,1992,0,1,0,0
1562264,1992,0,1,0,0
1543222,1992,0,0,0,1
1542243,1992,0,0,0,1
1591213,1992,0,0,0,1
1591208,1992,0,0,0,1
1591203,1992,0,1,0,0
1580210,1992,0,0,0,1
1544782,1992,0,0,0,1
1599677,1992,0,0,0,1
1739700,1992,0,0,0,1
1735860,1992,0,0,0,1
1735856,1992,0,0,0,1
1559292,1992,0,0,0,1
1554640,1992,0,0,0,1
1494824,1992,0,1,0,0
1490143,1992,0,0,0,1
1477611,1992,0,1,0,0
1455083,1992,0,0,0,1
1399354,1992,0,0,0,1
1374356,1992,0,0,0,1
1344750,1992,0,1,0,0
1303854,1992,0,0,0,1
1294605,1992,0,1,0,0
1294593,1992,0,1,0,0
1289144,1992,0,1,0,0
1841579,1991,1,0,0,0
1775310,1991,0,0,0,1
1946117,1991,0,0,0,1
1798754,1991,0,0,0,1
1782155,1991,0,1,0,0
1774669,1991,0,1,0,0
1774663,1991,0,1,0,0
1755732,1991,0,1,0,0
1755731,1991,0,1,0,0
10149472,1991,0,0,0,1
1929934,1991,0,0,0,1
1929923,1991,0,1,0,0
1821211,1991,0,1,0,0
1776419,1991,0,0,0,1
1958626,1991,0,0,0,1
1958625,1991,0,0,0,1
1958619,1991,0,1,0,0
1945307,1991,0,1,0,0
1945306,1991,0,1,0,0
1753666,1991,0,0,0,1
1923351,1991,0,1,0,0
1907822,1991,0,0,0,1
1750325,1991,0,0,0,1
10149299,1991,0,0,0,1
1911513,1991,0,0,0,1
1895219,1991,0,0,0,1
1886933,1991,0,0,0,1
2047632,1991,0,0,0,1
2069915,1991,0,0,0,1
2069914,1991,0,0,0,1
2025174,1991,0,1,0,0
1817467,1991,0,0,0,1
2012547,1991,0,0,0,1
2012538,1991,0,0,0,1
2000917,1991,0,0,0,1
2043561,1991,0,0,0,1
2043559,1991,0,1,0,0
2043557,1991,0,1,0,0
2008271,1991,0,0,0,1
2045019,1991,0,0,0,1
2034015,1991,0,0,0,1
1997454,1991,0,0,0,1
1997446,1991,0,0,0,1
1987937,1991,0,0,0,1
1936445,1991,0,1,0,0
1936435,1991,0,0,0,1
1936430,1991,0,0,0,1
1816477,1991,0,0,0,1
1816475,1991,0,0,0,1
1808805,1991,0,1,0,0
1794801,1991,0,1,0,0
1794800,1991,0,1,0,0
1794797,1991,0,0,0,1
1786926,1991,0,0,0,1
1786925,1991,0,0,0,1
1753850,1991,0,0,0,1
20577565,1990,0,0,0,1
2244845,1990,0,0,0,1
2244835,1990,0,0,0,1
2244834,1990,0,1,0,0
2244833,1990,0,1,0,0
2081827,1990,0,1,0,0
2076419,1990,0,0,0,1
1700895,1990,0,0,0,1
2090409,1990,0,0,0,1
2257264,1990,0,0,0,1
2257263,1990,0,1,0,0
2257262,1990,0,0,0,1
2257259,1990,0,1,0,0
2257258,1990,0,1,0,0
2257256,1990,0,1,0,0
2257255,1990,0,1,0,0
2257253,1990,0,0,0,1
2257252,1990,0,0,0,1
2231380,1990,0,0,0,1
2205186,1990,0,0,0,1
2082985,1990,0,0,0,1
2387682,1990,0,0,0,1
2373017,1990,0,0,0,1
2369344,1990,0,0,0,1
2369343,1990,0,0,0,1
2268588,1990,0,1,0,0
2268585,1990,0,0,0,1
2115421,1990,0,0,0,1
2350291,1990,0,1,0,0
2350282,1990,0,1,0,0
2334323,1990,0,1,0,0
2248926,1990,0,0,0,1
2248923,1990,0,0,0,1
2330944,1990,0,0,0,1
2208503,1990,0,0,0,1
2310321,1990,0,1,0,0
2248922,1990,0,0,0,1
2115392,1990,0,0,0,1
2358264,1990,0,0,0,1
2350858,1990,0,0,0,1
2323690,1990,0,1,0,0
2297331,1990,0,1,0,0
2272578,1990,0,0,0,1
2233101,1990,1,0,0,0
2212501,1990,0,0,0,1
2192970,1990,0,0,0,1
2086413,1990,0,0,0,1
2086406,1990,0,0,0,1
2078668,1990,0,0,0,1
2078660,1990,0,0,0,1
2597070,1989,0,0,0,1
2818271,1989,0,1,0,0
2614721,1989,0,0,0,1
2488826,1989,0,0,0,1
2797719,1989,0,1,0,0
2759791,1989,0,0,0,1
2620423,1989,0,0,0,1
2778686,1989,0,0,0,1
2778685,1989,0,1,0,0
2778684,1989,0,0,0,1
2674410,1989,0,0,0,1
2477193,1989,0,0,0,1
2730408,1989,0,1,0,0
2667650,1989,0,0,0,1
2597818,1989,0,0,0,1
2748122,1989,0,0,0,1
2719572,1989,0,0,0,1
2657533,1989,0,0,0,1
2590995,1989,0,0,0,1
2488802,1989,0,0,0,1
2488801,1989,0,0,0,1
2705929,1989,0,0,0,1
2660051,1989,0,0,0,1
2665617,1989,0,0,0,1
2928718,1989,0,0,0,1
2643332,1989,0,0,0,1
2912917,1989,0,0,0,1
2912916,1989,0,1,0,0
2910273,1989,0,0,0,1
2682102,1989,0,0,0,1
2673863,1989,0,0,0,1
2646432,1989,0,0,0,1
2641078,1989,0,0,0,1
2625287,1989,0,0,0,1
2625286,1989,0,0,0,1
2625280,1989,0,0,0,1
2601547,1989,0,0,0,1
2598370,1989,0,0,0,1
2583635,1989,0,0,0,1
2562535,1989,0,0,0,1
2554655,1989,0,0,0,1
2486338,1989,0,0,0,1
3239516,1988,0,0,0,1
3230517,1988,0,1,0,0
3247192,1988,0,0,0,1
3247191,1988,0,0,0,1
3226691,1988,0,0,0,1
3226690,1988,0,0,0,1
3226689,1988,0,1,0,0
3194107,1988,0,0,0,1
3195390,1988,0,0,0,1
3247164,1988,0,0,0,1
3062533,1988,0,0,0,1
2456384,1988,0,0,0,1
3174009,1988,0,0,0,1
3050694,1988,0,0,0,1
3351753,1988,0,0,0,1
3341427,1988,0,0,0,1
3389281,1988,0,0,0,1
3341982,1988,0,0,0,1
3402751,1988,0,0,0,1
3402750,1988,0,0,0,1
3378864,1988,0,0,0,1
3339547,1988,0,1,0,0
3171097,1988,0,0,0,1
2979049,1988,0,0,0,1
18427632,2007,0,1,0,0
18427614,2007,1,0,0,0
18389555,2007,1,1,0,0
18357170,2001,0,1,0,0
18306941,2007,0,1,0,0
18305741,1999,0,0,0,1
18260052,2007,0,0,0,1
18235910,2007,0,1,0,0
18235899,2007,0,1,0,0
18225526,2007,0,1,0,0
18173409,2007,1,0,0,0
18165210,2007,0,1,0,0
18164069,2007,1,0,0,0
18163892,2007,1,0,0,0
18157320,2007,0,1,0,0
18157305,2007,0,1,0,0
18078060,2007,1,0,0,0
18078047,2007,1,1,0,0
18078046,2007,1,1,0,0
18068702,2007,0,1,0,0
18067772,2007,1,0,0,0
18061266,2007,1,0,0,0
18055835,2007,0,1,0,0
18054889,2007,1,0,0,0
18053917,2007,1,0,0,0
18053914,2007,1,1,0,0
18053903,2007,1,0,0,0
18053902,2007,1,0,0,0
18053901,2007,1,1,0,0
18053900,2007,1,0,0,0
18053899,2007,0,1,0,0
18053877,2007,0,1,0,0
19668513,2007,0,0,0,1
18047008,2007,1,1,0,0
18047007,2007,1,1,0,0
18047006,2007,1,0,0,0
18047004,2007,1,0,0,0
18047003,2007,0,1,0,0
18047002,2007,0,1,0,0
18047001,2007,0,1,0,0
18047000,2007,1,1,0,0
18046999,2007,0,1,0,0
18043176,2007,0,1,0,0
18041254,2007,0,0,0,1
18041251,2007,0,1,0,0
18041250,2007,1,0,0,0
18041249,2007,1,0,0,0
18041248,2007,0,1,0,0
18041247,2007,1,0,0,0
18041246,2007,1,0,0,0
18041245,2007,1,0,0,0
18041241,2007,0,1,0,0
18041240,2007,1,0,0,0
18041239,2007,1,0,0,0
18041238,2007,0,1,0,0
18030477,2007,1,0,0,0
18027171,2007,0,0,0,1
18001231,2007,0,1,0,0
17996210,2007,1,0,0,0
17993826,2007,1,1,0,0
17988643,2007,1,0,0,0
17985806,2007,0,1,0,0
17985805,2007,1,0,0,0
17985804,2007,1,0,0,0
17985800,2007,1,0,0,0
17985797,2007,1,0,0,0
17985795,2007,1,0,0,0
17985794,2007,1,0,0,0
17985792,2007,1,0,0,0
17985791,2007,1,0,0,0
17984496,2007,1,0,0,0
17981258,2007,1,1,0,0
17980749,2007,1,1,0,0
17980432,2007,0,0,0,1
17979038,2007,1,1,0,0
17964409,2007,1,0,0,0
17964394,2007,1,0,0,0
17964391,2007,1,1,0,0
17964390,2007,0,1,0,0
17964389,2007,0,1,0,0
17964388,2007,1,0,0,0
17964382,2007,1,0,0,0
17964211,2007,1,0,0,0
17955853,2007,1,1,0,0
17946397,2006,1,0,0,0
17940568,2007,1,1,0,0
17937038,2007,0,1,0,0
17926111,2007,0,1,0,0
17923556,2007,1,0,0,0
17916315,2007,1,0,0,0
17915585,2007,1,0,0,0
17912947,2007,1,0,0,0
17912946,2007,0,1,0,0
17912945,2007,0,1,0,0
17912943,2007,1,0,0,0
17912942,2007,0,1,0,0
17912941,2007,0,1,0,0
17912939,2007,0,1,0,0
17912938,2007,0,1,0,0
17912937,2007,1,0,0,0
17912936,2007,1,0,0,0
17912935,2007,0,1,0,0
17912932,2007,1,1,0,0
17912532,2007,1,0,0,0
17908598,2007,1,0,0,0
17908592,2007,1,0,0,0
17901034,2007,0,1,0,0
17900692,2007,1,0,0,0
17897558,2007,1,1,0,0
17897531,2007,1,1,0,0
17895418,2007,1,0,0,0
17893555,2007,1,0,0,0
17893553,2007,1,0,0,0
17893551,2007,0,1,0,0
17889818,2007,0,1,0,0
17889785,2007,0,1,0,0
17889780,2007,1,0,0,0
17889770,2007,1,1,0,0
17889769,2007,1,0,0,0
17889768,2007,1,0,0,0
17889767,2007,1,0,0,0
17889763,2007,0,0,0,1
17889748,2007,1,1,0,0
17889744,2007,1,1,0,0
17889330,2007,1,0,0,0
17888086,2007,1,1,0,0
17846959,2007,1,0,0,0
17846943,2007,1,0,0,0
17846379,2007,1,0,0,0
17822989,2007,0,1,0,0
17804925,2007,1,0,0,0
17804916,2007,1,1,0,0
17763828,2007,0,1,0,0
17760637,2007,0,1,0,0
17724184,2007,0,1,0,0
17721301,2007,1,0,0,0
17721296,2007,1,0,0,0
17720088,2007,1,0,0,0
17720084,2007,1,0,0,0
17720083,2007,0,1,0,0
17720077,2007,1,1,0,0
17720066,2007,1,0,0,0
17720064,2007,1,1,0,0
17720051,2007,1,0,0,0
17717778,2007,1,0,0,0
17717770,2007,1,0,0,0
17716733,2007,1,0,0,0
17700507,2007,1,0,0,0
17699942,2007,1,0,0,0
17698749,2007,1,0,0,0
17698748,2007,1,0,0,0
17682604,2007,1,1,0,0
17674921,2007,0,1,0,0
17674005,2007,0,1,0,0
17673834,2007,0,1,0,0
17671923,2007,0,1,0,0
17667633,2007,0,1,0,0
17662448,2007,0,1,0,0
17662429,2007,1,0,0,0
17662428,2007,0,1,0,0
17662427,2007,1,1,0,0
17662426,2007,1,0,0,0
17662425,2007,1,0,0,0
17662405,2007,1,0,0,0
17660985,2007,0,0,0,1
17659981,2007,0,0,0,1
17659980,2007,0,0,0,1
17659979,2007,0,0,0,1
17659956,2007,1,1,0,0
17657376,2007,1,1,0,0
17655908,2007,0,1,0,0
17652718,2007,1,0,0,0
17651541,2007,1,0,0,0
17650604,2007,1,1,0,0
17647117,2007,1,0,0,0
17641703,2007,1,0,0,0
17638816,2007,0,1,0,0
17632309,2007,1,1,0,0
17624434,2007,1,1,0,0
17621831,2007,0,1,0,0
17621830,2007,1,0,0,0
17621829,2007,1,1,0,0
17613333,2007,1,0,0,0
17605930,2007,1,0,0,0
17605928,2007,1,0,0,0
17605905,2007,0,1,0,0
17605268,2007,0,1,0,0
17605262,2007,0,1,0,0
17604197,2007,1,0,0,0
17601057,2007,1,1,0,0
17598585,2007,1,0,0,0
17598584,2007,1,1,0,0
17598583,2007,1,0,0,0
17598582,2007,1,0,0,0
17598579,2007,1,0,0,0
17598578,2007,1,0,0,0
17598577,2007,1,0,0,0
17598576,2007,1,0,0,0
17598574,2007,1,0,0,0
17598573,2007,1,0,0,0
17598572,2007,1,1,0,0
17598571,2007,1,0,0,0
17592315,2007,1,0,0,0
17592313,2007,1,1,0,0
17592238,2007,0,1,0,0
17591666,2007,1,1,0,0
17586397,2007,1,0,0,0
17586393,2007,1,0,0,0
17586392,2007,1,0,0,0
17586375,2007,1,1,0,0
17586374,2007,1,0,0,0
17586373,2007,1,0,0,0
17586372,2007,1,0,0,0
17586371,2007,1,0,0,0
17572351,2007,0,1,0,0
17571652,2007,1,1,0,0
17568351,2007,1,0,0,0
17568350,2007,1,0,0,0
17568349,2007,1,1,0,0
17568345,2007,1,0,0,0
17568344,2007,1,0,0,0
17568208,2007,1,1,0,0
17568205,2007,1,0,0,0
17567598,2007,1,0,0,0
17563720,2007,0,1,0,0
17563008,2007,1,0,0,0
17559472,2007,0,1,0,0
17559465,2007,1,0,0,0
19547046,2007,0,0,0,1
19547045,2007,0,0,0,1
17554487,2007,1,0,0,0
17551732,2007,1,0,0,0
17544782,2007,1,1,0,0
17540125,2007,1,0,0,0
17533106,2007,1,1,0,0
17531719,2007,1,0,0,0
17531714,2007,1,0,0,0
17531708,2007,1,0,0,0
17531702,2007,0,1,0,0
17531695,2007,0,1,0,0
17531693,2007,1,0,0,0
17531689,2007,1,1,0,0
17531674,2007,0,1,0,0
17525658,2007,1,0,0,0
17525186,2007,1,0,0,0
17523517,2007,1,0,0,0
17523516,2007,1,0,0,0
17523510,2007,1,0,0,0
17523509,2007,0,0,0,1
17523508,2007,1,0,0,0
17523507,2007,1,1,0,0
17523506,2007,1,1,0,0
17523504,2007,1,1,0,0
17523502,2007,1,0,0,0
17523501,2007,1,1,0,0
17519726,2007,1,0,0,0
17516377,2007,1,0,0,0
17514528,2007,1,0,0,0
17510653,2007,1,0,0,0
17509511,2007,1,1,0,0
17505741,2007,1,0,0,0
17505735,2007,1,0,0,0
17505714,2007,1,1,0,0
17502823,2007,0,1,0,0
17502751,2007,1,0,0,0
17502515,2007,1,0,0,0
17492415,2007,1,1,0,0
17491624,2007,0,1,0,0
17471353,2006,1,0,0,0
17471342,2006,1,0,0,0
17467541,2007,1,0,0,0
17467535,2007,1,1,0,0
17466873,2007,1,0,0,0
17466866,2007,1,0,0,0
17466863,2007,1,0,0,0
17466861,2007,1,1,0,0
17466859,2007,1,1,0,0
17466847,2007,1,1,0,0
17466846,2007,1,0,0,0
17466835,2007,0,1,0,0
17460600,2007,1,0,0,0
17460425,2007,1,0,0,0
17460262,2007,0,1,0,0
17459483,2007,1,0,0,0
17459262,2007,0,0,0,1
17459240,2007,1,0,0,0
17457208,2007,1,1,0,0
17457194,2007,1,0,0,0
17457188,2007,0,0,0,1
17456935,2007,1,0,0,0
17455838,2007,0,1,0,0
17455836,2007,1,0,0,0
17455834,2007,1,1,0,0
17455830,2007,1,1,0,0
17455829,2007,1,1,0,0
17455828,2007,1,0,0,0
17455827,2007,1,0,0,0
17455825,2007,1,0,0,0
17450008,2007,1,0,0,0
17446518,2007,1,0,0,0
17444099,2006,0,1,0,0
17444096,2006,1,0,0,0
17444095,2006,1,0,0,0
17444094,2006,1,0,0,0
17444093,2006,1,0,0,0
17444091,2006,1,1,0,0
17444090,2006,0,1,0,0
17444089,2006,0,1,0,0
17444088,2006,0,1,0,0
17444087,2006,0,1,0,0
17442158,2007,0,1,0,0
17442154,2007,0,0,0,1
17419322,2007,1,0,0,0
17416945,2006,1,0,0,0
17415702,2007,1,0,0,0
17415701,2007,1,0,0,0
17413947,2007,1,0,0,0
17398330,2007,0,1,0,0
17397757,2007,1,0,0,0
17397742,2007,1,0,0,0
17397739,2007,1,0,0,0
17397737,2007,1,1,0,0
17397730,2007,0,1,0,0
17397729,2007,1,0,0,0
17396473,2007,1,1,0,0
17386281,2006,1,0,0,0
17386135,2006,1,0,0,0
17385301,2007,0,1,0,0
17385300,2007,1,0,0,0
17385299,2007,1,0,0,0
17385298,2007,1,0,0,0
17385296,2007,1,0,0,0
17385294,2007,1,0,0,0
17385290,2007,1,0,0,0
17385289,2007,1,0,0,0
17385288,2007,1,0,0,0
17385287,2007,0,1,0,0
17385286,2007,1,0,0,0
17384919,2007,1,0,0,0
17382397,2007,1,0,0,0
17378151,2006,1,1,0,0
17374275,2007,1,1,0,0
17366122,2007,0,1,0,0
17361253,2007,1,0,0,0
17361235,2007,1,1,0,0
17350688,2007,1,0,0,0
17348337,2007,1,0,0,0
17345802,2006,1,1,0,0
17344997,2005,0,1,0,0
17344981,2005,0,0,0,1
17344977,2005,1,0,0,0
17344971,2005,1,0,0,0
17338323,2007,1,0,0,0
17337064,2007,1,1,0,0
17329148,2007,1,0,0,0
17328123,2007,1,0,0,0
17326363,2007,1,0,0,0
17326361,2007,1,0,0,0
17326360,2007,1,0,0,0
17326359,2007,1,0,0,0
17326358,2007,1,0,0,0
17326357,2007,1,0,0,0
17326353,2007,1,1,0,0
17326352,2007,1,1,0,0
17326351,2007,1,1,0,0
17326350,2007,1,1,0,0
17325146,2007,1,0,0,0
17324214,2007,1,0,0,0
17324212,2007,1,0,0,0
17324211,2007,1,0,0,0
17323429,2007,1,0,0,0
17321416,2007,1,1,0,0
17321409,2007,1,0,0,0
17321408,2007,1,0,0,0
17321399,2007,1,0,0,0
17321379,2007,1,0,0,0
17320960,2007,1,1,0,0
17320959,2007,1,0,0,0
17320811,2007,1,1,0,0
17317414,2006,1,0,0,0
17317389,2006,1,0,0,0
17314153,2007,1,1,0,0
17301848,2007,0,1,0,0
17300574,2007,1,0,0,0
17297268,2007,1,0,0,0
17294376,2007,1,0,0,0
17293778,2007,1,0,0,0
17293157,2007,1,0,0,0
17292474,2007,1,0,0,0
17284934,2007,0,1,0,0
17284468,2007,1,0,0,0
17283431,2007,0,1,0,0
17282982,2007,1,0,0,0
17277757,2007,1,0,0,0
17276291,2007,1,0,0,0
17276286,2007,0,1,0,0
17276280,2007,0,1,0,0
17276279,2007,1,0,0,0
17276277,2007,0,1,0,0
17276257,2007,1,0,0,0
17276240,2007,1,0,0,0
17276237,2007,1,1,0,0
17273678,2006,1,0,0,0
17271471,2004,1,0,0,0
17270696,2007,1,1,0,0
17270693,2007,0,1,0,0
17269253,2007,1,0,0,0
17269252,2007,1,0,0,0
17269251,2007,0,1,0,0
17269244,2007,0,1,0,0
17269243,2007,1,0,0,0
17269242,2007,1,0,0,0
17269241,2007,1,0,0,0
17269239,2007,1,0,0,0
17269238,2007,1,0,0,0
17269237,2007,1,0,0,0
17265799,2006,0,0,0,1
17258810,2007,1,1,0,0
17253017,2006,0,1,0,0
17251815,2007,1,0,0,0
17251459,2007,0,1,0,0
17251052,2007,1,0,0,0
17244448,2006,0,1,0,0
17244221,2007,1,0,0,0
17239440,2007,1,0,0,0
17237757,2007,1,0,0,0
17237752,2007,1,0,0,0
17224764,2007,1,0,0,0
17224118,2006,1,0,0,0
17222794,2006,1,1,0,0
17220779,2007,1,0,0,0
17217780,2006,1,1,0,0
17216074,2004,1,0,0,0
17212555,2006,0,1,0,0
17209299,2006,0,1,0,0
17209247,2006,1,0,0,0
17206244,2007,0,0,0,1
17199190,2006,0,0,0,1
17198006,2007,1,0,0,0
17197518,2007,1,0,0,0
21149160,2007,0,1,0,0
17191186,2006,1,1,0,0
17189813,2007,0,0,0,1
17189812,2007,1,0,0,0
17189811,2007,1,0,0,0
17189809,2007,1,0,0,0
17189790,2007,1,0,0,0
17189789,2007,1,0,0,0
17188041,2006,1,0,0,0
17187124,2006,1,1,0,0
17177035,2006,0,1,0,0
17173850,2006,1,0,0,0
17173757,2006,1,1,0,0
17173740,2006,1,1,0,0
17173736,2006,1,0,0,0
17173735,2006,1,0,0,0
17172920,2006,0,1,0,0
17172916,2006,1,0,0,0
17172890,2006,1,0,0,0
17172886,2006,1,0,0,0
17169852,2006,1,0,0,0
17167403,2006,0,1,0,0
17165341,2005,1,0,0,0
17165331,2005,0,1,0,0
17162968,2006,1,1,0,0
17162890,2006,1,0,0,0
17162882,2006,1,0,0,0
17162870,2005,0,1,0,0
17162863,2005,0,1,0,0
17157575,2006,1,1,0,0
17157132,2006,0,1,0,0
17156846,2006,1,0,0,0
17152544,2006,1,0,0,0
17147058,2006,1,0,0,0
17146575,2006,0,1,0,0
17142812,2006,0,0,1,0
17138002,2006,1,1,0,0
17138000,2006,1,1,0,0
17137995,2006,1,0,0,0
17137987,2006,1,0,0,0
17137986,2006,1,0,0,0
17137976,2006,1,1,0,0
17137959,2006,1,0,0,0
17137957,2006,1,0,0,0
17137953,2006,1,0,0,0
17137950,2006,1,0,0,0
17133068,2006,1,0,0,0
17133066,2006,1,0,0,0
17133052,2006,1,0,0,0
17132433,2006,1,1,0,0
17131253,2006,0,1,0,0
17124902,2006,0,1,0,0
17124901,2006,1,0,0,0
17124899,2006,0,0,0,1
17124898,2006,0,0,0,1
17124897,2006,1,0,0,0
17124893,2006,0,1,0,0
17124886,2006,1,0,0,0
17124883,2006,1,0,0,0
17124881,2006,0,1,0,0
17124880,2006,1,0,0,0
17124879,2006,1,0,0,0
17124878,2006,0,1,0,0
17124877,2006,1,0,0,0
17124876,2006,1,0,0,0
17120752,2006,1,0,0,0
17120012,2006,1,0,0,0
17120003,2006,1,0,0,0
17119731,2006,1,0,0,0
17114115,2006,1,0,0,0
17111185,2006,1,0,0,0
17111184,2006,1,0,0,0
17106413,2006,1,0,0,0
17102667,2006,1,0,0,0
17098206,2006,1,0,0,0
17096104,2007,1,0,0,0
17096101,2006,1,0,0,0
17095885,2006,0,1,0,0
17093908,2007,1,0,0,0
17081905,2006,1,0,0,0
17081873,2006,1,0,0,0
17081872,2006,1,0,0,0
17081871,2006,1,1,0,0
17081867,2006,1,0,0,0
17081866,2006,1,0,0,0
17077679,2006,0,1,0,0
17077677,2006,0,1,0,0
17077670,2006,0,1,0,0
17074581,2006,0,1,0,0
17074560,2006,1,0,0,0
17074559,2006,1,1,0,0
17074558,2006,1,1,0,0
17070593,2006,1,0,0,0
17069560,2006,1,1,0,0
17068463,2006,0,1,0,0
17068452,2006,0,1,0,0
17061723,2006,1,0,0,0
17061720,2006,1,1,0,0
17061718,2006,0,1,0,0
17061716,2006,1,0,0,0
17061715,2006,0,1,0,0
17061714,2006,1,0,0,0
17061712,2006,1,0,0,0
17061711,2006,1,0,0,0
17061710,2006,1,0,0,0
17061709,2006,1,0,0,0
17061708,2006,0,0,0,1
17057812,2005,1,0,0,0
17057788,2005,1,1,0,0
17056357,2006,0,1,0,0
17047406,2006,1,0,0,0
17030733,2006,1,0,0,0
17019999,2006,0,1,0,0
17013692,2006,0,1,0,0
17011963,2006,0,1,0,0
17011958,2006,0,1,0,0
17011949,2006,0,1,0,0
17011862,2006,1,0,0,0
17011861,2006,1,1,0,0
17010886,2006,1,0,0,0
17010881,2006,1,1,0,0
17010877,2006,0,1,0,0
17010871,2006,1,0,0,0
17010837,2006,1,0,0,0
17006581,2006,1,0,0,0
17001189,2006,0,1,0,0
17000410,2006,0,1,0,0
16996603,2006,1,0,0,0
16995558,2006,1,0,0,0
16995556,2006,1,0,0,0
16995554,2006,1,1,0,0
16995553,2006,1,0,0,0
16995552,2006,1,0,0,0
16995550,2006,1,0,0,0
16995549,2006,1,0,0,0
16995547,2006,0,1,0,0
16995546,2006,1,0,0,0
16995545,2006,1,0,0,0
16986081,2006,1,0,0,0
16974156,2006,1,0,0,0
16974128,2006,1,0,0,0
16970755,2006,1,1,0,0
16966143,2006,1,0,0,0
16961298,2006,1,0,0,0
16957938,2007,1,1,0,0
16954703,2006,0,0,0,1
16952089,2006,1,0,0,0
16949446,2006,1,0,0,0
16944189,2006,0,1,0,0
16940605,2002,1,0,0,0
16937203,2006,0,1,0,0
16936645,2006,1,0,0,0
16935583,2006,0,1,0,0
16935339,2006,1,0,0,0
16935239,2006,0,1,0,0
16935238,2006,0,0,0,1
16932057,2006,1,0,0,0
16931277,2006,0,1,0,0
16931276,2006,0,1,0,0
16931274,2006,1,0,0,0
16931273,2006,1,0,0,0
16931251,2006,1,1,0,0
16931243,2006,1,1,0,0
16929231,2006,1,0,0,0
16929229,2006,1,1,0,0
16929228,2006,1,1,0,0
16929226,2006,1,0,0,0
16929223,2006,1,0,0,0
16929059,2006,1,0,0,0
16927783,2006,1,0,0,0
16909086,2006,1,0,0,0
16900036,2006,1,0,0,0
16900035,2006,0,1,0,0
16900033,2006,1,1,0,0
16900032,2006,1,1,0,0
16900031,2006,0,0,0,1
16900030,2006,1,0,0,0
16898390,2006,1,1,0,0
16897215,2006,1,0,0,0
16889832,2006,1,0,0,0
16885818,2006,1,0,0,0
16885192,2006,1,1,0,0
16883946,2006,1,1,0,0
16877264,2006,1,0,0,0
16877084,2006,1,0,0,0
16876537,2006,1,0,0,0
16876501,2006,1,0,0,0
16876499,2006,1,1,0,0
16872334,2006,1,1,0,0
16863983,2006,0,1,0,0
16863982,2006,0,1,0,0
16863964,2006,1,0,0,0
16863963,2006,0,1,0,0
16863961,2006,1,0,0,0
16863960,2006,1,0,0,0
16863959,2006,1,0,0,0
16863950,2006,1,0,0,0
16863941,2006,1,0,0,0
16858431,2006,1,1,0,0
16857504,2006,1,0,0,0
16857501,2006,1,0,0,0
16857499,2006,1,0,0,0
16857498,2006,1,0,0,0
16857484,2006,1,0,0,0
16857483,2006,1,0,0,0
16857131,2006,1,1,0,0
16850290,2006,1,0,0,0
16845266,2006,1,0,0,0
16828506,2006,1,0,0,0
16826775,2006,1,0,0,0
16822075,2006,1,0,0,0
16815418,2006,1,0,0,0
16814073,2006,1,0,0,0
16814072,2006,0,1,0,0
16814069,2006,1,0,0,0
16814054,2006,1,0,0,0
16814053,2006,0,1,0,0
16814052,2006,0,1,0,0
16814035,2006,1,0,0,0
16814033,2006,0,1,0,0
16808401,2006,1,0,0,0
16808122,2006,1,1,0,0
16805128,2006,1,0,0,0
16805127,2006,1,1,0,0
16805126,2006,0,1,0,0
16805125,2006,1,0,0,0
16805124,2006,1,0,0,0
16805123,2006,1,1,0,0
16805122,2006,1,0,0,0
16805121,2006,1,0,0,0
16805120,2006,1,1,0,0
16805119,2006,0,1,0,0
16805118,2006,1,0,0,0
16805117,2006,1,0,0,0
16805115,2006,0,1,0,0
16804821,2006,1,0,0,0
16799021,2006,1,0,0,0
16799017,2006,1,0,0,0
19516786,2006,0,0,0,1
16785761,2006,1,0,0,0
16785760,2006,1,0,0,0
16783417,2006,0,0,0,1
16776733,2006,1,0,0,0
16773932,2006,1,1,0,0
16769117,2006,1,1,0,0
16768185,2006,1,0,0,0
16767388,2006,1,0,0,0
16767192,2006,0,0,1,0
16765817,2006,1,0,0,0
16765815,2006,1,0,0,0
16765809,2006,1,0,0,0
16765797,2006,1,1,0,0
16765795,2006,0,1,0,0
16765794,2006,1,1,0,0
16765793,2006,1,0,0,0
16765785,2006,1,1,0,0
16765777,2006,1,1,0,0
16765773,2006,1,0,0,0
16765706,2006,1,1,0,0
16765703,2006,1,0,0,0
16765667,2006,1,1,0,0
16764320,2006,1,0,0,0
16762211,2006,1,0,0,0
16761640,2006,0,1,0,0
16761246,2006,1,0,0,0
16760896,2006,0,1,0,0
16758761,2006,1,0,0,0
16758207,2006,0,1,0,0
16756840,2006,1,0,0,0
16754217,2006,1,0,0,0
16751056,2006,0,1,0,0
16751052,2006,0,1,0,0
16750464,2006,0,1,0,0
16723448,2006,1,0,0,0
16722493,2006,0,1,0,0
16722492,2006,1,0,0,0
16722491,2006,1,0,0,0
16722490,2006,1,0,0,0
16722487,2006,1,0,0,0
16722485,2006,1,0,0,0
16722484,2006,1,0,0,0
16722483,2006,1,0,0,0
16722482,2006,1,0,0,0
16722481,2006,1,0,0,0
16722480,2006,1,0,0,0
16722479,2006,1,0,0,0
16721563,2006,0,1,0,0
16720023,2006,1,1,0,0
16713626,2006,1,0,0,0
16706101,2006,1,0,0,0
16705349,2006,0,1,0,0
16704709,2006,1,0,0,0
16704469,2006,0,1,0,0
16703539,2006,0,1,0,0
16703538,2006,0,1,0,0
16703537,2006,0,1,0,0
16702873,2006,1,0,0,0
16702871,2006,0,1,0,0
16701650,2006,0,1,0,0
16700358,2006,1,0,0,0
16699681,2006,1,0,0,0
16699661,2006,1,0,0,0
16698496,2006,1,0,0,0
16698495,2006,0,1,0,0
16698477,2006,1,0,0,0
16698476,2006,1,0,0,0
16698475,2006,1,0,0,0
16698470,2006,1,0,0,0
16698458,2006,1,0,0,0
16698450,2006,1,0,0,0
16696341,2005,0,1,0,0
16682593,2006,1,1,0,0
16681049,2005,1,0,0,0
16678531,2006,1,0,0,0
16678521,2006,1,0,0,0
16678508,2006,1,1,0,0
16678504,2006,1,0,0,0
16670496,2006,1,0,0,0
16670492,2006,1,0,0,0
16670475,2006,0,0,0,1
16670474,2006,1,0,0,0
16650675,2006,1,0,0,0
16650667,2006,0,1,0,0
16650666,2006,0,1,0,0
16650653,2006,0,1,0,0
16647130,2006,1,0,0,0
16647126,2006,1,0,0,0
16646976,2006,1,0,0,0
16643760,2006,0,1,0,0
16643754,2006,1,0,0,0
16639668,2006,0,1,0,0
16633035,2006,1,0,0,0
16633031,2006,1,0,0,0
16633029,2006,1,0,0,0
16631254,2006,0,1,0,0
16631073,2006,1,1,0,0
16631071,2006,1,1,0,0
16631068,2006,1,0,0,0
16631067,2006,1,1,0,0
16631061,2006,1,0,0,0
16631059,2006,1,0,0,0
16631055,2006,1,1,0,0
16631052,2006,1,0,0,0
16631051,2006,1,0,0,0
16631050,2006,1,0,0,0
16631035,2006,1,0,0,0
16631027,2006,1,1,0,0
16629077,2006,0,1,0,0
16629076,2006,1,0,0,0
16629075,2006,1,0,0,0
16629074,2006,1,0,0,0
16629073,2006,1,0,0,0
16629072,2006,1,0,0,0
16629070,2006,1,0,0,0
16629068,2006,1,0,0,0
16629067,2006,1,0,0,0
16629066,2006,1,0,0,0
16629065,2006,1,0,0,0
16629064,2006,1,1,0,0
16629063,2006,1,1,0,0
16629061,2006,1,0,0,0
16629060,2006,1,0,0,0
16625626,2006,1,1,0,0
16619829,2005,0,0,0,1
16619080,2006,1,0,0,0
16604757,2006,0,1,0,0
16604391,2006,1,0,0,0
16602323,2006,1,0,0,0
16602321,2006,0,1,0,0
16602318,2006,1,0,0,0
16602316,2006,1,0,0,0
16602315,2006,1,0,0,0
16602314,2006,0,1,0,0
16602310,2006,1,0,0,0
16602309,2006,1,0,0,0
16600667,2006,1,1,0,0
16599313,2006,1,0,0,0
16599312,2006,1,0,0,0
16599311,2006,1,1,0,0
16599310,2006,1,0,0,0
16579583,2006,0,1,0,0
16565413,2006,1,0,0,0
16565365,2006,1,0,0,0
16565017,2006,1,1,0,0
16565010,2006,1,1,0,0
16565003,2006,1,0,0,0
16564995,2006,1,0,0,0
16564979,2006,1,0,0,0
16564977,2006,1,0,0,0
16564972,2006,1,0,0,0
16564812,2006,1,0,0,0
16564800,2006,1,0,0,0
16552654,2006,1,0,0,0
16546347,2006,0,1,0,0
16546107,2006,1,0,0,0
16545332,2006,1,1,0,0
16538130,2006,1,0,0,0
16536108,2005,1,0,0,0
16532629,2006,1,1,0,0
16526878,2006,1,0,0,0
16523843,2006,1,0,0,0
16523841,2006,1,0,0,0
16523840,2006,1,0,0,0
16523839,2006,1,1,0,0
16523838,2006,0,1,0,0
16523836,2006,1,1,0,0
16523835,2006,1,1,0,0
16523834,2006,1,0,0,0
16523833,2006,1,1,0,0
16523830,2006,1,1,0,0
16523829,2006,1,1,0,0
16523828,2006,0,1,0,0
16523827,2006,1,0,0,0
16516797,2006,1,0,0,0
16516789,2006,0,1,0,0
16516788,2006,0,1,0,0
16516787,2006,0,1,0,0
16516785,2006,1,0,0,0
16516782,2006,1,0,0,0
16516781,2006,0,1,0,0
16516775,2006,1,0,0,0
16516763,2006,1,0,0,0
16511718,2006,1,0,0,0
16509184,2006,1,0,0,0
16500529,2006,0,0,0,1
16500528,2006,1,0,0,0
16498433,2006,0,1,0,0
16491226,2006,1,0,0,0
16490504,2006,1,0,0,0
16490501,2006,1,0,0,0
16490488,2006,1,0,0,0
16488012,2006,0,1,0,0
16482452,2006,1,1,0,0
16481121,2006,1,0,0,0
16474919,2006,0,1,0,0
16473231,2005,0,0,0,1
16473230,2005,1,1,0,0
16473229,2005,1,1,0,0
16473228,2005,1,0,0,0
16473223,2005,1,0,0,0
16473222,2005,1,1,0,0
16473221,2005,0,1,0,0
16473220,2005,0,1,0,0
16473219,2005,1,0,0,0
16473218,2005,1,0,0,0
16473217,2005,1,0,0,0
16473213,2005,1,1,0,0
16473200,2005,1,0,0,0
16473197,2005,1,0,0,0
16473194,2005,1,0,0,0
16467687,2006,1,0,0,0
16465507,2006,1,1,0,0
16458697,2006,1,0,0,0
16458104,2006,0,1,0,0
16458090,2006,1,0,0,0
16458089,2006,0,1,0,0
16451273,2006,1,0,0,0
16447945,2006,0,1,0,0
16447944,2006,1,0,0,0
16447940,2006,1,0,0,0
16447939,2006,1,0,0,0
16447938,2006,1,0,0,0
16447937,2006,1,0,0,0
16447936,2006,1,0,0,0
16447935,2006,1,0,0,0
16447934,2006,1,0,0,0
16447933,2006,1,0,0,0
16447929,2006,1,0,0,0
16436931,2006,1,0,0,0
16431956,2006,1,0,0,0
16431955,2006,0,1,0,0
16431950,2006,0,1,0,0
16422223,2005,1,0,0,0
16422219,2005,1,0,0,0
16421709,2006,1,0,0,0
16415694,2006,1,0,0,0
16412944,2005,1,0,0,0
16412943,2005,1,0,0,0
16412941,2005,1,0,0,0
16412923,2005,1,1,0,0
16412921,2005,1,1,0,0
16412919,2005,1,0,0,0
16412916,2005,1,0,0,0
16412903,2005,0,1,0,0
16412900,2005,1,0,0,0
16412891,2005,1,0,0,0
16412890,2005,1,0,0,0
16396018,2005,1,0,0,0
16395199,2005,1,0,0,0
16391641,2005,1,0,0,0
16389107,2006,1,0,0,0
16387027,2006,1,0,0,0
16386988,2006,1,0,0,0
16386971,2006,1,0,0,0
16386969,2006,1,0,0,0
16384781,2006,1,0,0,0
16380884,2005,1,0,0,0
16378639,2005,1,0,0,0
16378019,2006,1,0,0,0
16376651,2005,1,1,0,0
16374050,2006,1,0,0,0
16374047,2006,1,1,0,0
16372212,2005,0,1,0,0
16371790,2006,0,1,0,0
16371770,2006,1,0,0,0
16366227,2005,1,0,0,0
16361660,2006,1,0,0,0
16360207,2005,0,1,0,0
16357491,2005,0,1,0,0
16340545,2005,1,0,0,0
16338581,2005,1,0,0,0
16338580,2005,1,1,0,0
16338579,2005,1,0,0,0
16338577,2005,1,0,0,0
16338576,2005,1,0,0,0
16338575,2005,1,0,0,0
16338565,2005,1,0,0,0
16338564,2005,1,0,0,0
16338563,2005,1,0,0,0
16338562,2005,0,1,0,0
16338561,2005,1,0,0,0
16338558,2005,1,1,0,0
16338557,2005,1,0,0,0
16338555,2005,1,0,0,0
16338553,2005,1,0,0,0
16338536,2005,1,0,0,0
16338535,2005,1,0,0,0
16331843,2005,0,1,0,0
16331043,2006,0,1,0,0
16331036,2006,1,0,0,0
16329384,2005,1,1,0,0
16329383,2005,1,0,0,0
16329382,2005,1,0,0,0
16329381,2005,1,0,0,0
16329380,2005,1,0,0,0
16329379,2005,1,0,0,0
16329378,2005,1,1,0,0
16329376,2005,1,0,0,0
16329374,2005,1,0,0,0
16329373,2005,1,0,0,0
16329372,2005,0,1,0,0
16329371,2005,1,0,0,0
16329370,2005,1,0,0,0
16329369,2005,1,1,0,0
16329368,2005,1,0,0,0
16329366,2005,0,1,0,0
16329365,2005,1,0,0,0
16329363,2005,0,0,0,1
16329362,2005,1,0,0,0
16329361,2005,1,0,0,0
16329360,2005,1,0,0,0
16329359,2005,1,0,0,0
16329053,2005,1,0,0,0
16329052,2005,1,0,0,0
16327796,2005,1,1,0,0
16325717,2005,1,0,0,0
16318752,2005,0,1,0,0
16318747,2005,1,1,0,0
16318746,2005,1,1,0,0
16318745,2005,1,1,0,0
16318744,2005,1,1,0,0
16310493,2005,0,1,0,0
16310478,2005,1,0,0,0
16308823,2005,1,0,0,0
16303443,2000,0,0,0,1
16303397,1999,1,1,0,0
16303127,2005,0,1,0,0
16298317,2005,1,0,0,0
16286627,2005,1,0,0,0
16284504,2005,1,0,0,0
16281736,2005,1,1,0,0
16277937,2005,1,0,0,0
16271321,2005,1,0,0,0
16263374,2005,1,1,0,0
16263370,2005,0,0,0,1
28221435,2005,1,0,0,0
16246794,2005,0,1,0,0
16246786,2005,1,1,0,0
16246781,2005,1,1,0,0
16246778,2005,1,0,0,0
16246774,2005,1,0,0,0
16246759,2005,1,0,0,0
16245196,2005,0,0,0,1
16240277,2005,1,0,0,0
16235060,2005,0,0,0,1
16234445,2005,1,0,0,0
16231866,2005,1,0,0,0
16227855,2005,1,0,0,0
16227849,2005,1,0,0,0
16225925,2005,1,0,0,0
16224163,2005,1,0,0,0
16220277,2005,1,0,0,0
16219217,2005,1,0,0,0
16212299,2005,1,0,0,0
16212298,2005,1,0,0,0
16212297,2005,1,0,0,0
16212296,2005,1,0,0,0
16212295,2005,1,0,0,0
16212294,2005,1,0,0,0
16212293,2005,1,0,0,0
16212292,2005,1,0,0,0
16212290,2005,1,0,0,0
16212289,2005,1,0,0,0
16212288,2005,1,0,0,0
16212287,2005,0,1,0,0
16212286,2005,1,0,0,0
16212285,2005,0,1,0,0
16209868,2005,0,0,0,1
16209461,2005,1,0,0,0
16209457,2005,1,0,0,0
16209455,2005,1,0,0,0
16209454,2005,1,1,0,0
16209453,2005,1,0,0,0
16209452,2005,1,0,0,0
16209451,2005,1,0,0,0
16209450,2005,1,0,0,0
16209449,2005,1,0,0,0
16209448,2005,1,0,0,0
16209447,2005,0,1,0,0
16209446,2005,0,1,0,0
16209445,2005,1,0,0,0
16209444,2005,0,1,0,0
16209443,2005,1,0,0,0
16209442,2005,1,0,0,0
16209440,2005,1,0,0,0
16199276,2005,1,0,0,0
16199266,2005,0,1,0,0
16198994,2005,1,0,0,0
16193440,2005,1,0,0,0
16193432,2005,1,1,0,0
16191329,2005,1,1,0,0
16191325,2005,1,0,0,0
16183554,2005,1,0,0,0
16168484,2005,1,0,0,0
16160515,2005,1,0,0,0
16160509,2005,1,0,0,0
16160508,2005,1,0,0,0
16160493,2005,1,0,0,0
16157379,2005,1,1,0,0
16140381,2005,1,0,0,0
16139671,2005,1,1,0,0
16138998,2005,0,1,0,0
16134841,2005,0,0,0,1
16129318,2005,1,0,0,0
16129310,2005,1,0,0,0
16129307,2005,1,0,0,0
16129306,2005,1,0,0,0
16129303,2005,1,1,0,0
16129301,2005,1,0,0,0
16129292,2005,1,0,0,0
16129289,2005,1,1,0,0
16129288,2005,1,0,0,0
16129287,2005,1,0,0,0
16129284,2005,1,1,0,0
16129283,2005,1,0,0,0
16129282,2005,1,0,0,0
16129267,2005,0,1,0,0
16128347,2005,1,0,0,0
16128346,2005,1,0,0,0
16128345,2005,1,0,0,0
16128344,2005,1,0,0,0
16128343,2005,0,1,0,0
16128342,2005,1,1,0,0
16128341,2005,1,0,0,0
16128340,2005,1,0,0,0
16128339,2005,1,0,0,0
16128338,2005,1,0,0,0
16128337,2005,0,1,0,0
16128336,2005,1,0,0,0
16128335,2005,1,1,0,0
16128334,2005,1,0,0,0
16128333,2005,1,0,0,0
16128332,2005,1,1,0,0
16128331,2005,1,0,0,0
16128329,2005,1,0,0,0
16123553,2005,1,0,0,0
16123420,2005,0,1,0,0
16123410,2005,0,1,0,0
16118741,2005,1,0,0,0
16116508,2005,1,1,0,0
16116504,2005,1,0,0,0
16111756,2005,1,0,0,0
16105615,2005,1,0,0,0
16105614,2005,1,0,0,0
16105612,2005,1,1,0,0
16105611,2005,0,1,0,0
16105608,2005,1,0,0,0
16105607,2005,1,0,0,0
16105603,2005,1,0,0,0
16105600,2005,0,1,0,0
16105599,2005,0,0,0,1
16105589,2005,1,0,0,0
16105576,2005,1,0,0,0
16095700,2005,1,1,0,0
16081234,2005,0,0,0,1
16080901,2005,0,1,0,0
16061093,2005,1,1,0,0
16059576,2005,1,0,0,0
16059567,2005,1,1,0,0
16052799,2005,1,0,0,0
16049542,2005,1,0,0,0
16047950,2005,0,1,0,0
16047903,2005,0,1,0,0
16044328,2005,1,0,0,0
16039510,2005,0,1,0,0
16039507,2005,1,0,0,0
16039506,2005,1,0,0,0
16039504,2005,1,0,0,0
16039499,2005,1,0,0,0
16039490,2005,1,0,0,0
16039489,2005,1,0,0,0
16039487,2005,1,0,0,0
16039483,2005,0,1,0,0
16039470,2005,1,0,0,0
16039469,2005,1,0,0,0
16039465,2005,1,0,0,0
16039460,2005,0,0,0,1
16035570,2005,1,0,0,0
16034604,2005,1,0,0,0
16033345,2005,1,0,0,0
16023065,2005,1,0,0,0
16020267,2005,1,0,0,0
16015094,2005,1,0,0,0
16015089,2005,1,0,0,0
16009842,2005,1,0,0,0
16008908,2005,0,1,0,0
16008907,2005,0,1,0,0
16008906,2005,1,0,0,0
16008904,2005,1,0,0,0
16003513,2005,1,1,0,0
16001373,2005,1,0,0,0
16000901,2005,0,0,0,1
16000900,2005,0,1,0,0
16000899,2005,1,1,0,0
15999125,2005,0,1,0,0
28221411,2005,1,0,0,0
15986268,2005,1,0,0,0
15981494,2005,1,0,0,0
15980227,2005,0,1,0,0
15977894,2005,1,0,0,0
15977893,2005,1,0,0,0
15977891,2005,1,0,0,0
15977888,2005,1,1,0,0
15977887,2005,0,1,0,0
15977886,2005,0,1,0,0
15977885,2005,1,0,0,0
15977884,2005,1,0,0,0
15977883,2005,0,1,0,0
15977882,2005,1,0,0,0
15976727,2005,1,1,0,0
15976724,2005,1,0,0,0
15976718,2005,1,1,0,0
15976712,2005,1,0,0,0
15976594,2005,1,0,0,0
15975479,2005,0,1,0,0
15975475,2005,1,0,0,0
15975474,2005,1,0,0,0
15975473,2005,1,1,0,0
15975465,2005,1,0,0,0
15975458,2005,0,1,0,0
15975457,2005,1,0,0,0
15975456,2005,1,0,0,0
15975451,2005,1,1,0,0
15975442,2005,1,0,0,0
15975440,2005,1,0,0,0
15973629,2005,0,1,0,0
15969641,2005,1,1,0,0
15968175,2005,1,0,0,0
15968154,2005,1,1,0,0
15962641,2005,1,0,0,0
15956941,2005,0,1,0,0
15955975,2005,1,0,0,0
15953643,2005,1,0,0,0
15953577,2005,0,1,0,0
15953462,2005,1,0,0,0
15953442,2005,1,1,0,0
15953431,2005,1,0,0,0
15953424,2005,1,1,0,0
15936451,2005,1,0,0,0
15936440,2005,1,0,0,0
15933609,2005,1,0,0,0
15932534,2005,0,0,0,1
15924695,2005,1,0,0,0
15923503,2005,1,0,0,0
15921746,2005,1,0,0,0
15918090,2005,1,0,0,0
15912463,2005,1,0,0,0
15912462,2005,1,0,0,0
15912460,2005,1,0,0,0
15909669,2005,1,0,0,0
15905954,2005,1,0,0,0
15905945,2005,1,0,0,0
15899469,2005,1,0,0,0
15899468,2005,1,0,0,0
15899467,2005,1,0,0,0
15899456,2005,1,0,0,0
15899455,2005,1,0,0,0
15899445,2005,1,0,0,0
15899443,2005,1,0,0,0
15899442,2005,0,1,0,0
15899423,2005,1,1,0,0
15899421,2005,0,1,0,0
15899419,2005,1,1,0,0
15898333,2005,1,0,0,0
15894919,2005,0,0,0,1
15894912,2005,1,0,0,0
15884553,2005,1,1,0,0
15883492,2005,1,0,0,0
15883298,2005,1,0,0,0
15882907,2005,1,1,0,0
15882906,2005,1,0,0,0
15875692,2005,1,1,0,0
15852099,2005,1,0,0,0
15850813,2005,1,1,0,0
15840360,2005,1,1,0,0
15838721,2005,1,0,0,0
15834604,2005,0,1,0,0
15834089,2005,1,0,0,0
15829820,2005,1,0,0,0
15829796,2005,0,1,0,0
15829791,2005,0,1,0,0
15829745,2005,1,1,0,0
15824821,2005,1,1,0,0
15824811,2005,1,1,0,0
15811758,2005,1,0,0,0
15811750,2005,1,0,0,0
15811747,2005,0,0,0,1
15811746,2005,1,0,0,0
15811744,2005,1,0,0,0
15811740,2005,0,0,0,1
15811738,2005,1,1,0,0
15811736,2005,1,0,0,0
15811726,2005,1,1,0,0
15811722,2005,1,0,0,0
15808256,2005,1,0,0,0
15808255,2005,1,0,0,0
15808205,2005,1,0,0,0
15808184,2005,1,1,0,0
15807834,2005,1,0,0,0
15807823,2005,1,0,0,0
15807822,2005,1,0,0,0
15807816,2005,1,1,0,0
15807815,2005,1,0,0,0
15807640,2005,1,0,0,0
15803429,2005,1,0,0,0
15803427,2005,1,0,0,0
15798476,2005,1,0,0,0
15796229,2005,1,0,0,0
15796228,2005,1,0,0,0
15796226,2005,1,0,0,0
15796225,2005,1,0,0,0
15796224,2005,1,0,0,0
15796221,2005,1,0,0,0
15796220,2005,1,0,0,0
15796219,2005,1,0,0,0
15796218,2005,1,0,0,0
15796217,2005,1,0,0,0
15785911,2005,1,0,0,0
15782860,2005,0,1,0,0
15782858,2005,0,1,0,0
15779813,2005,0,1,0,0
15778611,2005,1,0,0,0
15778596,2005,0,1,0,0
15778593,2005,1,0,0,0
15774109,2005,1,0,0,0
15770958,2005,1,0,0,0
15767497,2005,1,0,0,0
15767173,2005,1,0,0,0
15767172,2005,1,0,0,0
15767170,2005,1,0,0,0
15767164,2005,1,0,0,0
15767162,2005,1,0,0,0
15767151,2005,1,0,0,0
15767148,2005,1,1,0,0
15767128,2005,1,0,0,0
15767123,2005,0,0,0,1
15767121,2005,1,1,0,0
15767118,2005,1,0,0,0
15766066,2005,1,0,0,0
15751244,2005,1,0,0,0
15751232,2005,0,1,0,0
15750700,2005,0,1,0,0
15747767,2004,0,1,0,0
15747757,2004,1,0,0,0
15745788,2005,0,1,0,0
15734014,2005,1,0,0,0
15733433,2004,1,0,0,0
15725895,2005,1,0,0,0
15725885,2005,1,0,0,0
15725879,2005,1,0,0,0
15724694,2005,0,1,0,0
15724693,2005,0,1,0,0
15724692,2005,1,0,0,0
15724690,2005,1,1,0,0
15724687,2005,1,0,0,0
15724686,2005,1,0,0,0
15724685,2005,1,0,0,0
15724684,2005,1,0,0,0
15724681,2005,1,0,0,0
15724353,2004,0,1,0,0
15722308,2005,1,0,0,0
15721716,2005,1,1,0,0
15721714,2005,1,0,0,0
15721713,2005,1,0,0,0
15721712,2005,1,0,0,0
15721711,2005,1,0,0,0
15721710,2005,1,0,0,0
15721708,2005,1,0,0,0
15721705,2005,1,0,0,0
15721704,2005,1,0,0,0
15721703,2005,1,0,0,0
15721702,2005,1,0,0,0
15721701,2005,1,0,0,0
15721700,2005,1,0,0,0
15721699,2005,0,1,0,0
15721698,2005,1,0,0,0
15721697,2005,1,0,0,0
15721696,2005,1,0,0,0
15721695,2005,0,1,0,0
15721694,2005,0,1,0,0
15721693,2005,1,1,0,0
15721682,2005,1,0,0,0
15721675,2005,1,0,0,0
15721669,2005,1,1,0,0
15715555,2005,1,0,0,0
15711463,2005,1,0,0,0
15710831,2005,1,1,0,0
15710812,2005,0,1,0,0
15706063,2005,0,0,0,1
15693328,2004,1,0,0,0
15692889,2005,1,0,0,0
15692768,2005,1,1,0,0
15691579,2005,1,0,0,0
15691552,2005,0,1,0,0
15691551,2005,1,0,0,0
15691550,2005,1,0,0,0
15691549,2005,1,1,0,0
15678679,2004,1,0,0,0
15665667,2005,1,1,0,0
15665345,2005,1,0,0,0
15657113,2005,0,1,0,0
15656360,2004,1,0,0,0
15656359,2004,1,1,0,0
15656087,2004,1,1,0,0
15652843,2005,1,1,0,0
15652836,2005,1,0,0,0
15652829,2005,1,1,0,0
15652828,2005,0,1,0,0
15646485,2004,1,1,0,0
19488358,2005,1,0,0,0
15634480,2004,1,0,0,0
15629827,2005,1,0,0,0
15629826,2005,1,0,0,0
15629330,2004,0,1,0,0
15629314,2004,1,0,0,0
15629313,2004,1,1,0,0
15629247,2005,0,1,0,0
15627929,2004,1,0,0,0
28221430,2005,1,0,0,0
15618975,2005,1,0,0,0
15617945,2004,1,0,0,0
15617940,2004,0,1,0,0
15617938,2004,1,0,0,0
15617936,2004,1,1,0,0
15617933,2004,1,1,0,0
15617925,2004,1,0,0,0
15617924,2004,0,0,0,1
15617921,2004,0,1,0,0
15617920,2004,0,1,0,0
15617919,2004,1,0,0,0
15617918,2004,1,0,0,0
15617894,2004,1,0,0,0
15616503,2004,0,1,0,0
15614950,2004,1,0,0,0
15614949,2004,1,0,0,0
15606468,2004,1,1,0,0
15604873,2005,1,0,0,0
15602778,2004,1,0,0,0
15592782,2004,0,1,0,0
15586771,2004,1,0,0,0
15586770,2004,1,0,0,0
15586769,2004,1,0,0,0
15586768,2004,1,0,0,0
15586767,2004,1,0,0,0
15586765,2004,1,0,0,0
15586763,2004,1,0,0,0
15586762,2004,0,1,0,0
15586761,2004,1,0,0,0
15586760,2004,1,0,0,0
15582071,2004,1,0,0,0
15578186,2005,1,1,0,0
15570767,2003,0,1,0,0
15545813,2004,0,1,0,0
15538584,2005,1,0,0,0
15537916,2004,1,1,0,0
15534132,2004,0,0,0,1
15530945,2004,1,1,0,0
15529687,2004,1,0,0,0
15529541,2004,0,1,0,0
15523987,2004,1,0,0,0
15523986,2004,1,0,0,0
15523985,2004,1,0,0,0
15523984,2004,1,0,0,0
15523983,2004,1,0,0,0
15523982,2004,1,0,0,0
15523981,2004,0,0,0,1
15523980,2004,1,0,0,0
15523979,2004,1,0,0,0
15523976,2004,0,1,0,0
15523975,2004,0,1,0,0
15523960,2004,0,1,0,0
15523958,2004,0,1,0,0
15523956,2004,0,1,0,0
15523955,2004,0,1,0,0
15523954,2004,1,0,0,0
15523953,2004,1,0,0,0
15523952,2004,0,1,0,0
15523951,2004,1,0,0,0
15522386,2004,1,0,0,0
15521281,2004,1,0,0,0
15521279,2004,1,1,0,0
15521278,2004,0,1,0,0
15521277,2004,1,0,0,0
15521276,2004,1,0,0,0
15521275,2004,1,0,0,0
15521274,2004,1,0,0,0
15521273,2004,1,1,0,0
15521272,2004,0,1,0,0
15521271,2004,0,1,0,0
15521270,2004,0,1,0,0
15521269,2004,1,0,0,0
15521268,2004,0,0,0,1
15521267,2004,1,0,0,0
15521266,2004,1,0,0,0
15521265,2004,1,0,0,0
15521264,2004,1,0,0,0
15521263,2004,1,0,0,0
15521262,2004,1,0,0,0
15521261,2004,1,0,0,0
15521260,2004,1,0,0,0
15519104,2004,1,0,0,0
15519098,2004,1,0,0,0
15519093,2004,1,0,0,0
15519086,2004,1,0,0,0
15519085,2004,1,0,0,0
15519083,2004,1,0,0,0
15519081,2004,0,1,0,0
15519080,2004,1,0,0,0
15519079,2004,1,0,0,0
15519078,2004,1,0,0,0
15519068,2004,1,0,0,0
15519067,2004,1,0,0,0
15519066,2004,1,0,0,0
15519055,2004,1,0,0,0
15510721,2004,0,0,0,1
15510652,2002,1,0,0,0
15508600,2004,0,1,0,0
15506491,2004,1,0,0,0
15505047,2004,1,0,0,0
15505046,2004,1,0,0,0
15503051,2005,1,1,0,0
15502488,2004,1,0,0,0
15500761,2004,0,1,0,0
15500759,2004,0,1,0,0
15499272,2004,1,1,0,0
15499271,2004,0,1,0,0
15499236,2004,0,1,0,0
15499234,2004,1,0,0,0
15499233,2004,1,0,0,0
15499230,2004,1,1,0,0
15492623,2004,1,0,0,0
15488801,2004,1,0,0,0
15488790,2004,0,1,0,0
15484712,2004,1,0,0,0
15480701,2005,1,1,0,0
15474844,2004,1,0,0,0
15474836,2004,1,1,0,0
15474835,2004,0,1,0,0
15474828,2004,0,1,0,0
15474827,2004,1,1,0,0
15474826,2004,1,1,0,0
15474825,2004,1,0,0,0
15474798,2004,1,0,0,0
15474788,2004,1,0,0,0
15467928,2004,1,0,0,0
15467927,2004,1,0,0,0
15465542,2004,1,0,0,0
15465541,2004,0,1,0,0
15465538,2004,0,1,0,0
15452092,2004,0,1,0,0
15452058,2004,1,0,0,0
15452055,2004,1,0,0,0
15452038,2004,0,1,0,0
15448508,2004,0,1,0,0
15448493,2004,1,0,0,0
15448492,2004,1,0,0,0
15448484,2004,1,0,0,0
15448483,2004,1,0,0,0
15448482,2004,1,1,0,0
15377553,2004,0,1,0,0
15364713,2004,1,0,0,0
15364251,2004,1,1,0,0
15363107,2004,1,1,0,0
15342074,2004,1,0,0,0
15342069,2004,1,1,0,0
15342067,2004,1,0,0,0
15342057,2004,1,1,0,0
15342056,2004,1,0,0,0
15342054,2004,0,1,0,0
15342053,2004,1,0,0,0
15342051,2004,1,1,0,0
15342048,2004,1,1,0,0
15342047,2004,1,0,0,0
15342046,2004,1,0,0,0
15342038,2004,1,0,0,0
15342033,2004,1,0,0,0
15342032,2004,1,0,0,0
15342031,2004,1,0,0,0
15342029,2004,1,0,0,0
15342025,2004,1,0,0,0
15334012,2004,1,0,0,0
15332107,2005,1,1,0,0
15326110,2004,0,1,0,0
15317728,2004,1,0,0,0
15316794,2004,0,1,0,0
15313310,2004,1,0,0,0
15313309,2004,1,0,0,0
15313307,2004,1,1,0,0
15313295,2004,1,0,0,0
15313294,2004,0,0,0,1
15313292,2004,1,1,0,0
15313291,2004,1,0,0,0
15313290,2004,1,1,0,0
15313287,2004,0,1,0,0
15313284,2004,1,0,0,0
15313264,2004,1,0,0,0
15309972,2004,0,1,0,0
15309489,2004,1,0,0,0
15307652,2004,1,0,0,0
15307406,2004,1,0,0,0
15307403,2004,1,0,0,0
15307402,2004,1,0,0,0
15307401,2004,1,0,0,0
15307400,2004,1,0,0,0
15307399,2004,1,0,0,0
15307398,2004,1,0,0,0
15307397,2004,1,0,0,0
15307396,2004,1,0,0,0
15307393,2004,1,0,0,0
15307391,2004,1,0,0,0
15306960,2004,1,0,0,0
15301097,2004,1,0,0,0
15301096,2004,1,1,0,0
15291941,2004,1,0,0,0
15290201,2005,0,0,0,1
15289125,2004,1,0,0,0
15289001,2004,1,0,0,0
15288999,2004,1,0,0,0
15288995,2004,1,0,0,0
15282354,2004,1,1,0,0
15281987,2004,1,0,0,0
15279430,2004,1,1,0,0
15279416,2004,1,0,0,0
15273907,2004,1,0,0,0
15273041,2004,1,0,0,0
15268835,2004,0,1,0,0
15268832,2004,1,0,0,0
15264008,2004,1,0,0,0
15260359,2004,1,0,0,0
15260354,2004,1,0,0,0
15260350,2004,0,0,0,1
15260018,2004,1,0,0,0
15259293,2004,0,1,0,0
15257009,2004,1,0,0,0
15257000,2004,0,0,0,1
15256991,2004,1,1,0,0
15255234,2004,1,0,0,0
15253486,2004,1,0,0,0
15252351,2004,0,1,0,0
15249375,2004,1,0,0,0
15249364,2004,1,0,0,0
15234284,2004,0,1,0,0
15234139,2004,1,0,0,0
15234138,2004,1,0,0,0
15234137,2004,1,0,0,0
15232476,2004,1,0,0,0
15232475,2004,0,0,0,1
15232474,2004,1,1,0,0
15232473,2004,1,0,0,0
15232470,2004,1,1,0,0
15232466,2004,0,1,0,0
28221443,2004,0,1,0,0
15220733,2004,1,0,0,0
15220728,2004,1,0,0,0
15220727,2004,1,0,0,0
15218781,2004,1,1,0,0
15218765,2004,0,1,0,0
15217181,2004,1,0,0,0
15216772,2004,1,0,0,0
15210240,2004,1,0,0,0
15210236,2004,1,0,0,0
15210232,2004,1,0,0,0
15210225,2004,1,0,0,0
15210223,2004,0,1,0,0
15210219,2004,0,0,0,1
15210217,2004,1,0,0,0
15210215,2004,1,1,0,0
15210209,2004,1,0,0,0
15207566,2004,1,1,0,0
15207564,2004,1,1,0,0
15207563,2004,1,0,0,0
15207562,2004,1,0,0,0
15207561,2004,1,0,0,0
15207560,2004,1,0,0,0
15207559,2004,0,0,0,1
15207558,2004,0,0,0,1
15207557,2004,1,1,0,0
15207556,2004,0,0,0,1
15206653,2004,1,0,0,0
15205908,2005,1,1,0,0
15201513,2004,0,1,0,0
15197071,2004,1,0,0,0
15191172,2004,1,0,0,0
15190760,2004,1,1,0,0
15188912,2004,1,0,0,0
15188908,2004,1,0,0,0
15188907,2004,1,0,0,0
15188906,2004,1,0,0,0
15188905,2004,1,0,0,0
15188903,2004,1,0,0,0
15188900,2004,0,0,0,1
15188899,2004,1,0,0,0
15188898,2004,1,1,0,0
15188897,2004,1,1,0,0
15188896,2004,1,0,0,0
15181908,2004,1,1,0,0
15181361,2004,1,0,0,0
15177988,2004,1,1,0,0
15177986,2004,1,1,0,0
15177984,2004,1,1,0,0
15177958,2004,0,1,0,0
15177623,2004,1,0,0,0
15177619,2004,1,0,0,0
15177611,2004,1,0,0,0
15177608,2004,1,0,0,0
15177605,2004,1,0,0,0
15177598,2004,1,0,0,0
15177594,2004,1,0,0,0
15177572,2004,1,0,0,0
15162277,2004,1,0,0,0
15161844,2004,1,0,0,0
15138797,2004,0,1,0,0
15136315,2004,1,0,0,0
15134105,2004,0,1,0,0
15132240,2004,1,1,0,0
15130658,2004,1,0,0,0
15130654,2004,0,1,0,0
15130651,2004,1,0,0,0
15130645,2004,1,0,0,0
15130644,2004,1,0,0,0
15130641,2004,1,1,0,0
15130640,2004,1,0,0,0
15130638,2004,1,0,0,0
15130636,2004,1,0,0,0
15130634,2004,1,0,0,0
15130631,2004,1,0,0,0
15130621,2004,1,0,0,0
15130620,2004,1,1,0,0
15130616,2004,1,0,0,0
15130613,2004,1,0,0,0
15127925,2004,0,0,0,1
15127669,2004,1,0,0,0
15126181,2004,1,0,0,0
15126143,2004,1,0,0,0
15121358,2004,1,1,0,0
28226176,2004,1,0,0,0
25178441,2004,1,0,0,0
15118504,2004,1,0,0,0
15117569,2004,0,1,0,0
15117054,2004,1,1,0,0
15115457,2004,1,0,0,0
15115446,2004,1,0,0,0
15111588,2004,1,1,0,0
15111586,2004,1,0,0,0
15111585,2004,0,1,0,0
15110665,2004,1,0,0,0
15106938,2004,0,1,0,0
15106935,2004,0,1,0,0
15102509,2004,1,0,0,0
15098506,2004,1,1,0,0
15097142,2004,0,1,0,0
15097139,2004,1,1,0,0
15097128,2004,0,1,0,0
15097126,2004,1,0,0,0
15094736,2004,0,1,0,0
15093666,2004,1,0,0,0
15093657,2004,1,0,0,0
15093656,2004,1,0,0,0
15093642,2004,1,0,0,0
15093641,2004,1,0,0,0
15093640,2004,1,0,0,0
15093638,2004,0,0,0,1
15093634,2004,1,0,0,0
15087733,2004,1,1,0,0
15084867,2004,1,0,0,0
15084866,2004,1,0,0,0
15084856,2004,1,0,0,0
15084854,2004,1,0,0,0
15080080,2004,1,0,0,0
15072376,2004,1,0,0,0
15072319,2004,0,1,0,0
15072318,2004,1,1,0,0
15072317,2004,1,0,0,0
15072314,2004,1,0,0,0
15072313,2004,1,1,0,0
15072311,2004,1,0,0,0
15072310,2004,1,1,0,0
15072309,2004,0,1,0,0
15072308,2004,0,1,0,0
15072307,2004,0,1,0,0
15069429,2004,0,1,0,0
15068430,2004,1,0,0,0
15068425,2004,1,1,0,0
15059741,2004,1,0,0,0
15059725,2004,1,0,0,0
15059709,2004,1,0,0,0
15052780,2004,1,0,0,0
15051211,2004,1,0,0,0
15051209,2004,1,1,0,0
15051207,2004,1,1,0,0
15050273,2004,1,1,0,0
15050272,2004,1,1,0,0
15050271,2004,1,0,0,0
15050267,2004,1,0,0,0
15050263,2004,1,1,0,0
15050260,2004,1,1,0,0
15050259,2004,1,0,0,0
15050258,2004,1,0,0,0
15050245,2004,0,1,0,0
15050233,2004,1,0,0,0
15049271,2003,1,1,0,0
15049257,2003,1,0,0,0
15045657,2004,1,0,0,0
15043531,2004,0,1,0,0
15040777,2004,1,0,0,0
15040617,2004,1,0,0,0
15038942,2004,1,0,0,0
15035304,2004,1,0,0,0
15031156,2004,1,0,0,0
15030856,2004,0,1,0,0
15030851,2004,1,0,0,0
15030848,2004,1,0,0,0
15030847,2004,1,0,0,0
15030843,2004,0,1,0,0
15030832,2004,0,1,0,0
15030830,2004,1,0,0,0
15030829,2004,1,0,0,0
15030826,2004,1,0,0,0
15030825,2004,1,0,0,0
15030822,2004,1,0,0,0
15030821,2004,1,1,0,0
15030819,2004,1,1,0,0
15030806,2004,1,0,0,0
15030801,2004,1,1,0,0
15021222,2004,1,0,0,0
15021216,2004,1,1,0,0
15019320,2004,1,0,0,0
15019319,2004,0,1,0,0
15019318,2004,1,0,0,0
15019317,2004,1,0,0,0
15018630,2004,1,0,0,0
15017779,2004,1,0,0,0
15017772,2004,0,1,0,0
15017768,2004,1,0,0,0
15011307,2004,0,1,0,0
15006861,2004,1,0,0,0
15004712,2004,1,0,0,0
15004497,2004,1,0,0,0
14991311,2004,1,1,0,0
14991310,2004,1,0,0,0
14989954,2004,1,0,0,0
14989953,2004,1,0,0,0
14989952,2004,1,0,0,0
14989950,2004,1,1,0,0
14986333,2004,0,1,0,0
14985300,2004,0,1,0,0
14971584,2003,0,1,0,0
14971582,2003,1,1,0,0
14967303,2004,1,0,0,0
14967302,2004,1,0,0,0
14967301,2004,1,0,0,0
14967300,2004,1,0,0,0
14967299,2004,1,0,0,0
14967288,2004,1,0,0,0
14967278,2004,1,0,0,0
14967276,2004,1,0,0,0
14967275,2004,1,0,0,0
14967271,2004,1,1,0,0
14967265,2004,1,0,0,0
14967264,2004,1,0,0,0
14967254,2004,1,0,0,0
14967248,2004,1,0,0,0
14962421,2004,0,1,0,0
14962412,2004,1,0,0,0
14769607,2004,1,0,0,0
14769590,2004,1,0,0,0
14766085,2003,0,1,0,0
14763483,2004,1,0,0,0
14763482,2004,1,1,0,0
14763481,2004,1,0,0,0
14763479,2004,1,1,0,0
14763478,2004,1,0,0,0
14763477,2004,1,0,0,0
14763476,2004,1,1,0,0
14763474,2004,1,0,0,0
14763473,2004,1,0,0,0
14763471,2004,1,1,0,0
14763470,2004,1,0,0,0
14763469,2004,1,0,0,0
14763468,2004,1,0,0,0
14763467,2004,1,0,0,0
14756385,2004,0,1,0,0
14752506,2004,1,0,0,0
14750767,2004,1,0,0,0
14750766,2004,1,0,0,0
14750763,2004,0,1,0,0
14750232,2003,1,1,0,0
14745676,2004,1,1,0,0
14744881,2004,0,1,0,0
14743015,2004,0,0,0,1
14743011,2004,1,1,0,0
14740544,2003,0,1,0,0
14740386,2003,1,0,0,0
14740385,2003,1,1,0,0
14740384,2003,0,1,0,0
14726852,2004,1,0,0,0
14724729,2003,1,0,0,0
14722473,2004,1,1,0,0
14722471,2004,1,0,0,0
14720115,2004,1,0,0,0
14718288,2004,1,1,0,0
14716880,2003,1,1,0,0
14716408,2004,1,0,0,0
14716393,2004,1,0,0,0
14715072,2004,0,0,0,1
14711709,2004,1,0,0,0
14711708,2004,1,0,0,0
14711707,2004,1,0,0,0
14711706,2004,1,0,0,0
14711705,2004,1,0,0,0
14709313,2003,1,0,0,0
14709312,2003,1,0,0,0
14709307,2003,1,0,0,0
14709297,2003,1,0,0,0
14709296,2003,1,0,0,0
14709291,2003,1,0,0,0
14709290,2003,1,0,0,0
14709280,2003,1,0,0,0
14709278,2003,1,0,0,0
14708166,2003,1,0,0,0
14704822,2003,1,0,0,0
14704549,2004,0,1,0,0
14704517,2004,1,1,0,0
14703706,2003,1,1,0,0
14702893,2003,1,1,0,0
14702735,2003,1,0,0,0
14700653,2004,1,0,0,0
14700652,2004,1,0,0,0
14700644,2004,1,0,0,0
14693763,2004,1,0,0,0
14693761,2004,1,0,0,0
14689322,2003,0,0,0,1
14672545,2003,0,1,0,0
14670443,2003,1,0,0,0
14670441,2003,1,0,0,0
14670440,2003,1,0,0,0
14670438,2003,1,0,0,0
14670435,2003,1,0,0,0
14670429,2003,1,0,0,0
14670428,2003,1,1,0,0
14670426,2003,0,1,0,0
14670418,2003,1,1,0,0
14670417,2003,1,1,0,0
14670416,2003,1,0,0,0
14670413,2003,1,1,0,0
14670409,2003,1,0,0,0
14662609,2003,1,0,0,0
14644739,2003,1,0,0,0
14644229,2003,0,0,0,1
14650164,2003,1,0,0,0
14644711,2003,0,0,0,1
14640439,2003,1,1,0,0
14640438,2003,1,1,0,0
14640437,2003,1,0,0,0
14640436,2003,1,1,0,0
14640435,2003,1,0,0,0
14640433,2003,1,0,0,0
14640432,2003,1,1,0,0
14640431,2003,1,0,0,0
14640430,2003,1,0,0,0
14640428,2003,1,1,0,0
14640427,2003,1,0,0,0
14640426,2003,0,1,0,0
14631399,2003,0,1,0,0
14622350,2003,0,0,0,1
14620329,2003,0,0,0,1
14620170,2003,1,1,0,0
14618337,2003,1,1,0,0
14609555,2003,0,1,0,0
14606294,2003,1,1,0,0
14604733,2003,1,0,0,0
14604730,2003,1,0,0,0
14604729,2003,1,0,0,0
14604728,2003,1,0,0,0
14604726,2003,1,0,0,0
14604725,2003,1,0,0,0
14604724,2003,1,0,0,0
14604718,2003,1,0,0,0
14604715,2003,1,0,0,0
14604712,2003,1,1,0,0
14604707,2003,1,0,0,0
14604700,2003,1,0,0,0
14604695,2003,1,0,0,0
14604694,2003,1,0,0,0
14601856,2003,1,0,0,0
14598488,2003,1,1,0,0
14597540,2003,1,0,0,0
14597521,2003,1,1,0,0
14585417,2003,1,0,0,0
14576530,2003,1,0,0,0
14574209,2003,1,1,0,0
14569504,2003,1,0,0,0
14564762,2003,1,0,0,0
14563205,2003,1,0,0,0
14560119,2003,1,0,0,0
14555904,2003,1,0,0,0
14555892,2003,1,1,0,0
14552193,2003,1,0,0,0
14552175,2003,1,0,0,0
14533063,2003,1,0,0,0
14522794,2003,1,0,0,0
14522793,2003,1,0,0,0
14522791,2003,1,0,0,0
14522767,2003,1,0,0,0
14522766,2003,1,0,0,0
14522308,2003,1,0,0,0
14522294,2003,1,1,0,0
14522291,2003,1,0,0,0
14522290,2003,1,1,0,0
14522289,2003,1,1,0,0
14522288,2003,1,0,0,0
14522287,2003,1,0,0,0
14522285,2003,1,0,0,0
14522277,2003,1,0,0,0
14522274,2003,1,0,0,0
14518756,2003,1,0,0,0
14518755,2003,1,0,0,0
14518751,2003,1,0,0,0
14518750,2003,1,0,0,0
14518749,2003,1,1,0,0
14518746,2003,1,0,0,0
14518745,2003,0,1,0,0
14518744,2003,1,1,0,0
14518743,2003,1,0,0,0
14518742,2003,1,1,0,0
14518741,2003,1,0,0,0
14518740,2003,1,0,0,0
14518739,2003,1,0,0,0
14510804,2003,1,0,0,0
14509458,2003,1,1,0,0
14508959,2002,1,0,0,0
14508266,2003,0,1,0,0
14508265,2003,1,0,0,0
14507765,2003,1,0,0,0
14507758,2003,1,0,0,0
14502054,2003,1,1,0,0
14499818,2003,1,0,0,0
13678388,2003,1,1,0,0
13130257,2003,1,1,0,0
13129895,2003,1,0,0,0
13129892,2003,0,1,0,0
13129891,2003,1,0,0,0
13129745,2003,0,1,0,0
12974236,2003,1,0,0,0
12974031,2003,1,0,0,0
12967861,2003,1,0,0,0
12967803,2003,1,0,0,0
12967794,2003,1,0,0,0
12955624,2003,1,0,0,0
12955440,2003,1,1,0,0
12955439,2003,0,0,0,1
12954321,2003,1,0,0,0
12954316,2003,1,0,0,0
12954302,2003,1,0,0,0
12954301,2003,0,1,0,0
12954299,2003,1,0,0,0
12954297,2003,1,0,0,0
12954296,2003,0,1,0,0
12954295,2003,1,1,0,0
12954278,2003,1,0,0,0
12954277,2003,1,0,0,0
12954270,2003,1,0,0,0
12950894,2003,0,1,0,0
12948309,2003,0,1,0,0
12939293,2003,1,0,0,0
12928271,2003,1,0,0,0
12920556,2003,1,0,0,0
12917194,2003,1,0,0,0
12917183,2003,0,1,0,0
12917182,2003,1,0,0,0
12917181,2003,1,0,0,0
12907172,2003,0,1,0,0
12903765,2001,1,0,0,0
12900256,2003,0,1,0,0
12900255,2003,1,0,0,0
12900253,2003,1,0,0,0
12900252,2003,1,1,0,0
12900248,2003,1,0,0,0
12900243,2003,1,0,0,0
12900240,2003,1,1,0,0
12900234,2003,1,0,0,0
12900231,2003,1,1,0,0
12900230,2003,0,1,0,0
12899483,2003,0,1,0,0
12899481,2003,1,0,0,0
12899480,2003,1,0,0,0
12899479,2003,0,1,0,0
12899478,2003,1,0,0,0
12899477,2003,0,1,0,0
12899476,2003,0,1,0,0
12899475,2003,0,1,0,0
12899474,2003,1,0,0,0
12899473,2003,1,1,0,0
12899472,2003,1,0,0,0
12899471,2003,1,1,0,0
12899470,2003,0,1,0,0
12899469,2003,1,0,0,0
12898724,2003,0,1,0,0
12898723,2003,1,1,0,0
12898722,2003,0,1,0,0
12895360,2003,1,0,0,0
12894741,2003,1,0,0,0
12889468,2003,1,0,0,0
12888719,2003,1,1,0,0
12888718,2003,0,0,0,1
12888717,2003,1,1,0,0
12888715,2003,1,0,0,0
12888082,2003,1,0,0,0
12888059,2003,1,1,0,0
12888057,2003,1,0,0,0
12883912,2003,1,1,0,0
12883345,2003,1,0,0,0
12883340,2003,1,0,0,0
12881658,2003,1,0,0,0
12881657,2003,1,0,0,0
12881656,2003,1,0,0,0
12881655,2003,1,0,0,0
12881654,2003,1,1,0,0
12881653,2003,0,1,0,0
12881648,2003,0,1,0,0
12881646,2003,0,1,0,0
12880571,2003,1,0,0,0
12880570,2003,0,1,0,0
12880569,2003,1,1,0,0
12880568,2003,1,0,0,0
12880567,2003,1,0,0,0
12875468,2003,1,0,0,0
12870347,2003,1,0,0,0
12867396,2003,1,0,0,0
12867395,2003,1,0,0,0
12867394,2003,1,0,0,0
12861116,2003,0,1,0,0
12860831,2003,0,1,0,0
12860796,2003,1,0,0,0
12859259,2003,0,1,0,0
12852490,2003,1,0,0,0
12852083,2003,1,0,0,0
12842699,2003,1,0,0,0
12842697,2003,1,0,0,0
12842694,2003,1,1,0,0
12842691,2003,1,0,0,0
12842689,2003,1,1,0,0
12842686,2003,1,0,0,0
12842685,2003,1,1,0,0
12842683,2003,1,0,0,0
12840935,2000,1,1,0,0
12840934,2000,0,1,0,0
12838459,2003,1,1,0,0
12834673,2003,1,0,0,0
12828623,2003,1,1,0,0
12827042,2003,1,1,0,0
12825400,2003,1,0,0,0
12822331,2003,1,0,0,0
12820952,2003,1,0,0,0
12819978,2003,0,1,0,0
12819617,2003,0,1,0,0
12819602,2003,1,0,0,0
12796266,2003,1,0,0,0
12796265,2003,1,0,0,0
12796246,2003,0,1,0,0
12792487,2003,1,0,0,0
12792486,2003,1,0,0,0
12792482,2003,0,0,0,1
12792475,2003,1,0,0,0
12789625,2003,1,1,0,0
12784724,2003,1,1,0,0
12781299,2003,1,0,0,0
12781296,2003,1,0,0,0
12781295,2003,1,0,0,0
12781293,2003,1,0,0,0
12781292,2003,1,0,0,0
12781285,2003,1,0,0,0
12781275,2003,1,0,0,0
12781274,2003,1,0,0,0
12781273,2003,1,1,0,0
12781271,2003,0,1,0,0
12781270,2003,1,0,0,0
12781268,2003,1,0,0,0
12781260,2003,1,0,0,0
12781252,2003,1,1,0,0
12777039,2003,0,1,0,0
12777038,2003,1,0,0,0
12777037,2003,1,0,0,0
12777036,2003,1,0,0,0
12777034,2003,0,1,0,0
12777033,2003,1,1,0,0
12777032,2003,1,0,0,0
12777030,2003,0,1,0,0
12777029,2003,1,0,0,0
12777026,2003,1,0,0,0
12777025,2003,1,0,0,0
12772750,2003,1,0,0,0
12770968,2003,1,0,0,0
12770960,2003,1,1,0,0
12769154,2003,1,1,0,0
12768289,2003,0,1,0,0
12766820,2003,1,0,0,0
12766056,2003,0,1,0,0
12760812,2003,1,1,0,0
12759860,2003,1,1,0,0
12759858,2003,1,1,0,0
12759857,2003,0,1,0,0
12759856,2003,1,1,0,0
12759855,2003,0,1,0,0
12759854,2003,1,1,0,0
12756580,2003,1,0,0,0
12756579,2003,0,1,0,0
12755064,2003,1,0,0,0
12752058,2003,0,1,0,0
12751585,2003,1,1,0,0
12750107,2003,1,0,0,0
12750073,2003,1,0,0,0
12749293,2003,0,1,0,0
12747646,2003,0,1,0,0
12747534,2003,1,1,0,0
12746609,2003,1,1,0,0
12746207,2003,1,0,0,0
12723204,2002,1,1,0,0
12722359,2003,1,1,0,0
12719062,2003,1,0,0,0
12714619,2003,0,1,0,0
12714418,2003,1,0,0,0
12714389,2003,1,0,0,0
12711907,2003,1,1,0,0
12711906,2003,0,0,0,1
12711905,2003,1,0,0,0
12708993,2003,0,1,0,0
12701724,2003,1,0,0,0
12701723,2003,1,0,0,0
12701722,2003,1,0,0,0
12701721,2003,1,0,0,0
12701720,2003,1,1,0,0
12701719,2003,0,1,0,0
12701718,2003,1,0,0,0
12701716,2003,1,0,0,0
12701715,2003,1,0,0,0
12701713,2003,1,0,0,0
12700902,2003,0,0,0,1
12699186,2003,0,1,0,0
12699184,2003,0,1,0,0
12699183,2003,1,1,0,0
12699182,2003,0,1,0,0
12699181,2003,1,0,0,0
12699180,2003,1,0,0,0
12699179,2003,1,0,0,0
12699177,2003,1,1,0,0
12699176,2003,1,0,0,0
12699175,2003,1,0,0,0
12699174,2003,1,1,0,0
12699173,2003,1,1,0,0
12699172,2003,1,1,0,0
12699171,2003,1,0,0,0
12699170,2003,0,1,0,0
12698886,2003,1,0,0,0
12698885,2003,1,1,0,0
12698882,2003,0,0,0,1
12696632,2003,1,0,0,0
12695966,2003,0,0,0,1
12695710,2003,1,0,0,0
12695707,2003,1,0,0,0
12695705,2003,1,0,0,0
12695264,2003,0,1,0,0
12689897,2003,1,0,0,0
12689896,2003,0,1,0,0
12680126,2003,1,0,0,0
12686256,2003,1,0,0,0
12686255,2003,1,0,0,0
12686254,2003,1,0,0,0
12686253,2003,1,0,0,0
12686251,2003,1,0,0,0
12686250,2003,1,0,0,0
12686249,2003,1,0,0,0
12686248,2003,1,0,0,0
12686247,2003,1,0,0,0
12686246,2003,1,0,0,0
12686245,2003,1,1,0,0
12686236,2003,0,1,0,0
12686232,2003,1,1,0,0
12686066,2003,1,0,0,0
12683856,2003,0,1,0,0
12683256,2003,1,1,0,0
12683255,2003,1,0,0,0
12678155,2003,1,0,0,0
12664494,2002,1,0,0,0
12664474,2002,1,1,0,0
12664383,2003,1,0,0,0
12664358,2003,1,0,0,0
12663009,2003,0,1,0,0
12663007,2003,0,0,0,1
12663006,2003,1,0,0,0
12663005,2003,1,0,0,0
12663004,2003,1,0,0,0
12662993,2003,1,0,0,0
12659265,2003,0,0,0,1
12658101,2003,1,0,0,0
12658099,2003,1,0,0,0
12658095,2003,1,1,0,0
12658085,2003,1,1,0,0
12654383,2003,1,0,0,0
12654223,2002,1,0,0,0
12648664,2003,1,0,0,0
12648655,2003,1,1,0,0
12648654,2003,1,0,0,0
12648653,2003,1,0,0,0
12648637,2003,1,0,0,0
12648635,2003,1,0,0,0
12648634,2003,1,1,0,0
12648633,2003,1,0,0,0
12648043,2003,1,0,0,0
12647334,2003,0,1,0,0
12642305,2003,1,0,0,0
12640412,2003,0,1,0,0
12637718,2003,1,0,0,0
12631015,2003,0,1,0,0
12623815,2003,0,1,0,0
12623813,2003,1,1,0,0
12623812,2003,1,0,0,0
12623811,2003,1,0,0,0
12623804,2003,1,1,0,0
12621816,2003,0,1,0,0
12617700,2003,1,0,0,0
12617699,2003,1,0,0,0
12614741,2003,1,0,0,0
12614073,2002,0,1,0,0
12613982,2002,1,0,0,0
12613974,2002,1,1,0,0
12608043,2003,1,1,0,0
12605270,2003,1,0,0,0
12605062,2003,1,0,0,0
12605050,2003,1,0,0,0
12605044,2003,1,0,0,0
12601030,2003,0,1,0,0
12597323,2003,1,0,0,0
12589777,2003,1,1,0,0
12583251,2000,0,1,0,0
12579926,2000,0,1,0,0
12579789,2000,0,1,0,0
12579778,2000,0,1,0,0
12579777,2000,0,1,0,0
12579715,1999,1,0,0,0
12579671,1999,0,1,0,0
12579643,2000,0,1,0,0
12578767,2003,1,0,0,0
12578766,2003,1,0,0,0
12575226,2002,0,1,0,0
12570010,2003,1,1,0,0
12567753,2001,1,0,0,0
12567106,2003,1,0,0,0
12566887,2002,0,1,0,0
12566876,2003,0,1,0,0
12566028,2003,1,0,0,0
12556376,2003,1,1,0,0
12553611,2003,1,0,0,0
12553610,2003,1,0,0,0
12553609,2003,0,0,0,1
12553608,2003,0,1,0,0
12553607,2003,1,1,0,0
12553606,2003,1,0,0,0
12553605,2003,1,0,0,0
12553604,2003,0,1,0,0
12553603,2003,0,1,0,0
12553602,2003,1,0,0,0
12553601,2003,1,1,0,0
12553600,2003,1,1,0,0
12553599,2003,1,0,0,0
12553541,2003,1,0,0,0
12551696,2003,0,1,0,0
12551694,2003,1,0,0,0
12551693,2003,0,1,0,0
12551689,2003,1,0,0,0
12551688,2003,0,1,0,0
12551686,2003,0,0,0,1
12551683,2003,1,1,0,0
12551680,2003,1,0,0,0
12551678,2003,1,0,0,0
12551669,2003,0,1,0,0
12551660,2003,1,0,0,0
12551659,2003,1,0,0,0
12551658,2003,1,0,0,0
12551657,2003,1,0,0,0
12551656,2003,1,0,0,0
12551655,2003,1,0,0,0
12548468,2002,1,1,0,0
12548467,2002,0,1,0,0
12546441,2002,1,0,0,0
12545703,2002,1,1,0,0
12545688,2002,1,0,0,0
12544810,2003,1,1,0,0
12543757,2003,1,0,0,0
12543743,2003,1,0,0,0
12543191,2002,1,0,0,0
12536539,2001,0,1,0,0
12532740,2002,0,1,0,0
12532491,2002,1,1,0,0
12532489,2002,1,0,0,0
12523890,2003,0,1,0,0
12516722,2002,1,0,0,0
12515935,2002,1,1,0,0
12511358,2003,1,0,0,0
12506066,2003,0,1,0,0
12506058,2003,0,1,0,0
12504738,2002,1,1,0,0
12502955,2003,1,0,0,0
12502953,2003,1,0,0,0
12502948,2003,1,0,0,0
12498872,2002,1,1,0,0
12498868,2002,1,0,0,0
12498861,2002,1,0,0,0
12498850,2002,1,0,0,0
12498847,2002,0,1,0,0
12498846,2002,1,0,0,0
12498845,2002,1,0,0,0
12498842,2002,1,1,0,0
12498825,2002,1,0,0,0
12498819,2002,1,0,0,0
12487909,2002,0,1,0,0
12487899,2002,1,0,0,0
12483093,2002,1,0,0,0
12483027,2002,0,1,0,0
12482280,1999,0,1,0,0
12482254,1998,0,1,0,0
12478383,2002,0,1,0,0
12478381,2002,1,0,0,0
12474919,2002,0,1,0,0
12474553,2002,1,1,0,0
12472458,2000,1,0,0,0
12471512,2002,1,0,0,0
12471511,2002,1,0,0,0
12470746,2002,1,0,0,0
12470145,2002,1,1,0,0
12466175,2002,1,0,0,0
12465334,2002,1,0,0,0
12458873,2002,1,0,0,0
12458872,2002,0,1,0,0
12458871,2002,1,0,0,0
12458869,2002,1,0,0,0
12458866,2002,0,1,0,0
12458865,2002,1,0,0,0
12458864,2002,1,0,0,0
12457686,2002,0,0,0,1
12457685,2002,1,0,0,0
12457684,2002,1,0,0,0
12457679,2002,0,1,0,0
12457665,2002,1,1,0,0
12457663,2002,1,0,0,0
12457662,2002,1,0,0,0
12457653,2002,0,1,0,0
12454033,2002,1,0,0,0
12430037,2002,1,0,0,0
12429260,2002,1,0,0,0
12429246,2002,1,0,0,0
12428410,2002,1,1,0,0
12427088,2002,1,0,0,0
12427084,2002,1,0,0,0
12414404,2002,1,0,0,0
12414394,2002,1,1,0,0
12414389,2002,1,0,0,0
12414385,2002,1,0,0,0
12414383,2002,1,0,0,0
12411007,2002,0,1,0,0
12411001,2002,1,1,0,0
12410975,2002,1,0,0,0
12410465,2002,1,0,0,0
12410404,2002,1,0,0,0
12410029,2002,1,0,0,0
12410028,2002,0,1,0,0
12409924,2002,1,1,0,0
12409923,2002,1,0,0,0
12409922,2002,1,0,0,0
12409921,2002,1,0,0,0
12394550,2002,0,0,0,1
12394540,2002,0,1,0,0
12394539,2002,0,0,0,1
12392242,2002,0,1,0,0
12390126,2002,0,1,0,0
12389314,2002,1,0,0,0
12388049,2002,1,0,0,0
12388042,2002,1,0,0,0
12388040,2002,0,1,0,0
12388039,2002,1,1,0,0
12388030,2002,1,0,0,0
12388028,2002,1,0,0,0
12388027,2002,1,0,0,0
12388023,2002,1,1,0,0
12388021,2002,1,0,0,0
12388002,2002,1,1,0,0
12383833,2002,1,0,0,0
12376850,2002,1,0,0,0
12371315,2002,1,0,0,0
12365432,2002,1,0,0,0
12361173,2002,1,1,0,0
12361169,2002,0,1,0,0
12361168,2002,0,1,0,0
12361164,2002,0,1,0,0
12361163,2002,1,0,0,0
12361162,2002,1,0,0,0
12361161,2002,1,0,0,0
12361160,2002,1,0,0,0
12361156,2002,1,0,0,0
12361155,2002,0,1,0,0
12361154,2002,1,1,0,0
12361153,2002,0,0,0,1
12361152,2002,0,1,0,0
12361149,2002,1,1,0,0
12359617,2002,1,0,0,0
12353173,2002,1,1,0,0
12353172,2002,1,0,0,0
12352102,2002,0,1,0,0
12234908,2002,1,0,0,0
12232996,2002,1,1,0,0
12231335,2002,1,0,0,0
12231334,2002,1,1,0,0
12231330,2002,0,1,0,0
12231327,2002,1,0,0,0
12231326,2002,1,0,0,0
12231314,2002,1,0,0,0
12231313,2002,1,0,0,0
12231307,2002,1,0,0,0
12231306,2002,1,0,0,0
12231305,2002,1,0,0,0
12231298,2002,0,1,0,0
12227280,2002,1,0,0,0
12227277,2002,1,1,0,0
12226977,2002,1,1,0,0
12226970,2002,1,1,0,0
12223946,2002,0,1,0,0
12219259,2002,0,1,0,0
12215100,2002,1,0,0,0
12213156,2002,0,1,0,0
12212061,1999,0,1,0,0
12208713,2002,1,0,0,0
12208711,2002,1,0,0,0
12208710,2002,1,0,0,0
12208708,2002,1,0,0,0
12208241,2002,1,0,0,0
12202508,2002,0,0,0,1
12171589,2002,1,0,0,0
12165712,2002,1,1,0,0
12165711,2002,1,1,0,0
12165710,2002,1,0,0,0
12165709,2002,1,0,0,0
12165708,2002,1,0,0,0
12165707,2002,1,1,0,0
12165705,2002,1,1,0,0
12162514,2002,1,1,0,0
12162479,2002,0,1,0,0
12162478,2002,0,1,0,0
12161992,2002,0,1,0,0
12160825,2002,1,0,0,0
12160823,2002,1,0,0,0
12160822,2002,1,0,0,0
12160821,2002,1,0,0,0
12160818,2002,0,1,0,0
12160814,2002,1,0,0,0
12160811,2002,1,0,0,0
12160810,2002,1,0,0,0
12160809,2002,1,0,0,0
12160802,2002,1,1,0,0
12160801,2002,1,1,0,0
12160800,2002,1,1,0,0
12160777,2002,1,0,0,0
12160776,2002,1,1,0,0
12160161,2002,1,0,0,0
12160160,2002,1,1,0,0
12160159,2002,1,0,0,0
12160157,2002,0,1,0,0
12160156,2002,1,0,0,0
12160155,2002,0,1,0,0
12160153,2002,1,0,0,0
12160152,2002,1,0,0,0
12160151,2002,1,0,0,0
12160150,2002,1,1,0,0
12153795,2002,1,0,0,0
12153794,2002,1,0,0,0
12149055,2002,1,0,0,0
12148299,2002,0,1,0,0
12147590,2002,0,1,0,0
12144232,2002,1,1,0,0
12140391,2002,1,0,0,0
12140051,2002,1,0,0,0
12140035,2002,1,0,0,0
12140034,2002,1,0,0,0
12139815,2002,1,0,0,0
12131040,2002,1,0,0,0
12131031,2002,1,0,0,0
12131030,2002,1,0,0,0
12131028,2002,1,0,0,0
12107519,2002,0,1,0,0
12106710,2002,1,1,0,0
12096959,2002,0,1,0,0
12096541,2002,0,1,0,0
12096530,2002,1,1,0,0
12096529,2002,1,1,0,0
12095817,2002,0,0,0,1
12094319,2002,1,1,0,0
19331994,2002,1,0,0,0
12085786,2002,1,0,0,0
12082712,2002,1,0,0,0
12074482,2002,1,0,0,0
12072737,2002,1,0,0,0
12072716,2002,1,0,0,0
12064079,2002,1,0,0,0
12063040,2002,0,1,0,0
12062216,2002,0,1,0,0
12059860,2002,1,1,0,0
12054380,2002,1,0,0,0
12054372,2002,1,0,0,0
12053652,2002,1,0,0,0
12051387,2002,1,0,0,0
12051386,2002,1,0,0,0
12051385,2002,1,0,0,0
12051380,2002,0,1,0,0
12051379,2002,1,0,0,0
12051378,2002,1,0,0,0
12051377,2002,1,0,0,0
12051376,2002,1,0,0,0
12051375,2002,1,1,0,0
12049576,2002,1,1,0,0
12047457,2002,0,1,0,0
12046890,2002,1,0,0,0
12046889,2002,1,1,0,0
12046888,2002,1,1,0,0
12046887,2002,0,1,0,0
12046886,2002,1,1,0,0
12046885,2002,1,1,0,0
12046884,2002,1,0,0,0
12046883,2002,1,0,0,0
12046882,2002,1,0,0,0
12046881,2002,1,0,0,0
12046880,2002,1,0,0,0
12046879,2002,1,0,0,0
12046878,2002,1,0,0,0
12046877,2002,1,0,0,0
12046876,2002,1,0,0,0
12046875,2002,1,0,0,0
12046874,2002,1,0,0,0
12046873,2002,1,0,0,0
12046872,2002,1,0,0,0
12046871,2002,1,1,0,0
12046316,2002,0,1,0,0
12046315,2002,1,1,0,0
12046302,2002,0,1,0,0
12045059,2002,1,0,0,0
12045058,2002,1,0,0,0
12045038,2002,1,0,0,0
12036978,2002,0,1,0,0
12036637,2002,1,0,0,0
12036636,2002,1,0,0,0
12036635,2002,1,0,0,0
12036634,2002,1,0,0,0
12036633,2002,0,1,0,0
12036619,2002,1,0,0,0
12036614,2002,1,0,0,0
12036607,2002,1,0,0,0
12034683,2002,1,0,0,0
12011749,2002,1,1,0,0
12002670,2002,0,1,0,0
11994762,2002,1,1,0,0
11992856,2002,1,0,0,0
11988991,2000,1,0,0,0
11988810,2002,0,1,0,0
11986106,2002,1,0,0,0
11986105,2002,1,0,0,0
11986104,2002,1,0,0,0
11986073,2002,0,1,0,0
11986063,2002,1,0,0,0
11986060,2002,1,0,0,0
11986057,2002,1,0,0,0
11986056,2002,1,0,0,0
11986055,2002,1,0,0,0
11981640,2002,0,1,0,0
11980859,2002,1,0,0,0
11978476,2002,1,0,0,0
11978474,2002,1,0,0,0
11978473,2002,1,0,0,0
11978458,2002,1,0,0,0
11978457,2002,1,1,0,0
11978456,2002,1,0,0,0
11978455,2002,1,0,0,0
11978454,2002,1,1,0,0
11978453,2002,0,0,0,1
11978448,2002,1,0,0,0
11978445,2002,1,0,0,0
11974230,2000,0,1,0,0
11973970,1999,1,0,0,0
11973397,2002,1,0,0,0
11973388,2002,1,1,0,0
11973385,2002,0,0,0,1
11973108,2002,1,0,0,0
11973106,2002,1,0,0,0
11973096,2002,0,1,0,0
11973095,2002,1,0,0,0
11973094,2002,1,1,0,0
11973093,2002,1,1,0,0
11973092,2002,1,0,0,0
11973085,2002,1,0,0,0
11973075,2002,1,0,0,0
11973064,2002,0,1,0,0
11965123,2002,1,0,0,0
11965115,2002,1,1,0,0
11965112,2002,1,0,0,0
11959522,2002,1,0,0,0
11955922,2002,1,1,0,0
11955921,2002,0,1,0,0
11955920,2002,1,0,0,0
11955911,2002,0,1,0,0
11955909,2002,1,0,0,0
11955899,2002,1,1,0,0
11955898,2002,0,1,0,0
11955873,2002,1,1,0,0
11955319,2002,1,0,0,0
11955306,2002,0,1,0,0
11955305,2002,1,0,0,0
11955304,2002,1,0,0,0
11955303,2002,1,1,0,0
11955302,2002,1,1,0,0
11955296,2002,0,1,0,0
11941811,1999,1,1,0,0
11941250,2002,1,1,0,0
11934326,2002,0,1,0,0
11934316,2002,0,1,0,0
11934209,2002,1,1,0,0
11934208,2002,1,0,0,0
11934207,2002,0,1,0,0
11934205,2002,0,1,0,0
11934204,2002,1,0,0,0
11934202,2002,1,0,0,0
11934201,2002,0,1,0,0
11934200,2002,1,1,0,0
11934198,2002,1,0,0,0
11934197,2002,1,0,0,0
11934196,2002,1,1,0,0
11933520,2000,1,1,0,0
11933517,2000,1,0,0,0
11933316,2000,1,0,0,0
11933315,2000,1,0,0,0
11932806,2002,1,1,0,0
11931794,2002,1,0,0,0
11927421,2002,1,0,0,0
11927420,2002,1,0,0,0
11927414,2002,0,1,0,0
11927404,2002,1,0,0,0
11927400,2002,1,0,0,0
11923236,2002,0,1,0,0
11923232,2002,1,1,0,0
11918893,2002,1,1,0,0
11917799,2002,1,0,0,0
11917170,2002,1,0,0,0
11915370,2002,1,0,0,0
11914991,2002,1,0,0,0
11913891,2002,1,1,0,0
11900324,2001,1,1,0,0
11898899,2001,1,1,0,0
11879131,2002,1,0,0,0
11886412,2002,1,0,0,0
11877253,1998,0,1,0,0
11877252,1998,0,1,0,0
11877251,1998,1,1,0,0
11877234,1998,0,1,0,0
11877233,1998,0,1,0,0
11877210,1998,1,0,0,0
11877187,1998,1,0,0,0
11877177,1998,1,1,0,0
11877156,1998,0,1,0,0
11877155,1998,0,1,0,0
11877154,1998,1,1,0,0
11877153,1998,0,1,0,0
11874768,2002,1,0,0,0
11874729,2002,1,0,0,0
11873408,2001,0,1,0,0
11871211,2002,1,1,0,0
11864399,2001,1,0,0,0
11864398,2001,0,1,0,0
11864397,2001,0,1,0,0
11864396,2001,1,0,0,0
11862105,2002,1,0,0,0
11862101,2002,1,0,0,0
11862091,2002,1,1,0,0
11862085,2002,1,0,0,0
11860965,2002,1,0,0,0
11831933,2002,1,1,0,0
11857605,2002,1,1,0,0
11853603,2000,0,1,0,0
11852549,2002,0,1,0,0
11852468,2001,1,0,0,0
11845697,2001,1,0,0,0
11845687,2001,1,0,0,0
11845686,2001,1,1,0,0
11842588,2002,1,1,0,0
11840798,2002,1,0,0,0
11838992,2002,1,0,0,0
11835861,1999,1,0,0,0
11835839,1999,1,0,0,0
11835838,1999,1,0,0,0
11835822,1999,0,1,0,0
11835821,1999,0,1,0,0
11835807,1999,0,1,0,0
11835800,1999,0,1,0,0
11835770,1999,0,1,0,0
11833272,2001,1,1,0,0
11828917,2002,0,1,0,0
11828916,2002,1,0,0,0
11828915,2002,1,0,0,0
11828914,2002,1,0,0,0
11828913,2002,1,0,0,0
11828912,2002,1,0,0,0
11828910,2002,0,0,0,1
11828907,2002,1,0,0,0
11828906,2002,1,0,0,0
11828905,2002,1,0,0,0
11828904,2002,1,1,0,0
11828903,2002,0,1,0,0
11828902,2002,0,1,0,0
11826991,2001,1,0,0,0
11825830,2002,1,0,0,0
11825822,2002,0,1,0,0
11821223,2002,0,1,0,0
11821221,2002,1,0,0,0
11821220,2002,1,1,0,0
11821218,2002,1,0,0,0
11821207,2002,1,0,0,0
11821206,2002,0,1,0,0
11821205,2002,1,1,0,0
11821186,2002,0,1,0,0
11821182,2002,1,0,0,0
11820986,2002,1,0,0,0
11820302,2001,1,0,0,0
11805867,2001,0,1,0,0
11805521,2002,1,1,0,0
11805519,2002,1,0,0,0
11805516,2002,1,0,0,0
11805503,2002,0,1,0,0
11800306,2001,1,0,0,0
11797325,2001,1,0,0,0
11794388,2001,1,0,0,0
11780199,2001,0,1,0,0
11778818,2001,1,0,0,0
11778358,2001,1,0,0,0
11777729,2002,0,1,0,0
11777726,2002,1,1,0,0
11777708,2002,1,0,0,0
11777706,2002,1,0,0,0
11777705,2002,0,1,0,0
11777698,2002,1,0,0,0
11772601,2002,1,0,0,0
11772580,2002,1,0,0,0
11770494,2000,0,0,0,1
11765461,2001,1,0,0,0
11765460,2001,1,1,0,0
11764685,2001,1,1,0,0
11758990,2001,0,1,0,0
11758989,2001,1,0,0,0
11758988,2001,1,0,0,0
11758986,2001,0,1,0,0
11758985,2001,1,0,0,0
11758984,2001,1,1,0,0
11758983,2001,1,0,0,0
11758982,2001,1,1,0,0
11758346,2001,1,0,0,0
11758341,2001,1,0,0,0
11753691,2001,1,0,0,0
11753253,2001,1,1,0,0
11753252,2001,1,1,0,0
11738921,2001,0,1,0,0
11738910,2001,1,0,0,0
11738909,2001,1,0,0,0
11738908,2001,1,0,0,0
11738907,2001,1,0,0,0
11738906,2001,0,1,0,0
11738890,2001,1,0,0,0
11738888,2001,1,0,0,0
11738431,2001,1,0,0,0
11733261,2001,1,0,0,0
11733260,2001,0,1,0,0
11733259,2001,1,0,0,0
11733246,2001,1,0,0,0
11731898,2001,0,0,0,1
11730659,2001,1,0,0,0
11730658,2001,0,0,0,1
11730644,2001,1,0,0,0
11729735,2001,1,0,0,0
11728199,2001,0,1,0,0
11727443,2001,1,1,0,0
11726644,2001,1,0,0,0
11725631,2001,1,0,0,0
11719932,2001,0,1,0,0
11713074,2001,0,1,0,0
11713052,2001,0,1,0,0
11713045,2001,1,0,0,0
11713043,2001,1,0,0,0
11709268,2001,0,1,0,0
11709265,2001,1,1,0,0
11709259,2001,1,1,0,0
11709257,2001,1,0,0,0
11709256,2001,1,0,0,0
11709255,2001,1,1,0,0
11709254,2001,1,0,0,0
11709232,2001,1,0,0,0
11709230,2001,1,0,0,0
11709223,2001,1,0,0,0
11709222,2001,1,0,0,0
11709027,2001,1,0,0,0
11709014,2001,0,1,0,0
11704042,2001,1,0,0,0
11704041,2001,1,0,0,0
11698735,2001,1,0,0,0
11697088,2001,1,0,0,0
11687352,2001,1,0,0,0
11685080,2001,1,1,0,0
11685078,2001,0,1,0,0
11685074,2001,1,0,0,0
11685066,2001,1,1,0,0
11685053,2001,1,0,0,0
11605592,2001,1,1,0,0
11605581,2001,1,1,0,0
11601801,2001,1,1,0,0
11601800,2001,1,1,0,0
11601729,2001,1,1,0,0
11594985,2001,0,1,0,0
11593551,1999,0,1,0,0
11589872,2001,1,0,0,0
11585317,2001,1,0,0,0
11583670,2001,1,1,0,0
11583242,2001,1,1,0,0
11583241,2001,1,1,0,0
11583239,2001,1,0,0,0
11583238,2001,1,1,0,0
11583237,2001,1,1,0,0
11583236,2001,0,1,0,0
11583235,2001,0,1,0,0
11583232,2001,1,1,0,0
11583231,2001,1,0,0,0
11583230,2001,1,0,0,0
11583229,2001,1,1,0,0
11583227,2001,1,0,0,0
11583225,2001,0,1,0,0
11583223,2001,0,1,0,0
11583222,2001,0,1,0,0
11583221,2001,1,0,0,0
11583220,2001,0,1,0,0
11583219,2001,1,0,0,0
11581060,2001,1,0,0,0
11581044,2001,1,0,0,0
11581043,2001,1,0,0,0
11581042,2001,1,1,0,0
11579917,2001,1,0,0,0
11579915,2001,1,0,0,0
11578645,2001,1,0,0,0
11573233,2001,0,1,0,0
11545649,2001,1,0,0,0
11545646,2001,1,1,0,0
11569170,2001,1,1,0,0
11566545,2001,1,0,0,0
11566544,2001,1,0,0,0
11566533,2001,1,0,0,0
11566531,2001,1,0,0,0
11566530,2001,1,0,0,0
11563789,2001,0,0,0,1
11561789,2001,1,0,0,0
11558808,2001,1,0,0,0
11556458,2001,1,0,0,0
11552408,2001,1,1,0,0
11552407,2001,1,1,0,0
11548144,2001,1,0,0,0
11545431,2001,1,0,0,0
11544690,1998,1,1,0,0
11535475,2001,0,1,0,0
11535469,2001,1,0,0,0
11530823,2001,1,1,0,0
11530787,2001,1,0,0,0
11530785,2001,1,0,0,0
11530056,2001,1,0,0,0
11524209,2001,1,0,0,0
11524208,2001,1,0,0,0
11524207,2001,1,0,0,0
11524202,2001,1,0,0,0
11524201,2001,1,0,0,0
11524200,2001,1,1,0,0
11524199,2001,0,1,0,0
11524183,2001,1,0,0,0
11521431,2001,1,1,0,0
11521427,2001,0,1,0,0
11520104,2001,0,1,0,0
11516325,2001,0,0,0,1
11512250,2001,0,1,0,0
11510174,2001,1,1,0,0
11510164,2001,1,1,0,0
11510155,2001,0,1,0,0
11507348,2001,1,1,0,0
11507347,2001,1,1,0,0
11507346,2001,1,0,0,0
11507345,2001,1,1,0,0
11507344,2001,0,1,0,0
11507343,2001,0,0,0,1
11507342,2001,0,1,0,0
11483083,2001,0,1,0,0
11496912,2001,1,1,0,0
11496908,2001,1,0,0,0
11496907,2001,1,0,0,0
11496905,2001,1,0,0,0
11491095,2001,0,1,0,0
11490739,2001,1,0,0,0
11489589,2001,0,1,0,0
11489588,2001,1,0,0,0
11489587,2001,1,0,0,0
11489586,2001,1,0,0,0
11489585,2001,1,0,0,0
11489584,2001,1,0,0,0
11489583,2001,1,0,0,0
11489570,2001,0,1,0,0
11489569,2001,1,0,0,0
11489568,2001,1,0,0,0
11489567,2001,1,1,0,0
11488007,2001,0,1,0,0
11485771,2001,1,1,0,0
11482340,2001,1,0,0,0
11476688,2001,0,1,0,0
11476687,2001,1,0,0,0
11476680,2001,1,1,0,0
11476679,2001,1,1,0,0
11473167,2001,0,1,0,0
11473159,2001,1,0,0,0
11472011,2001,1,0,0,0
11472007,2001,1,1,0,0
11472005,2001,1,0,0,0
11472003,2001,0,1,0,0
11472002,2001,0,1,0,0
11472001,2001,1,0,0,0
11472000,2001,1,0,0,0
11471999,2001,1,0,0,0
11471997,2001,0,1,0,0
11470696,2001,1,0,0,0
11470695,2001,1,1,0,0
11470693,2001,1,1,0,0
11470692,2001,1,1,0,0
11448333,2001,1,0,0,0
11462168,2001,0,1,0,0
11458773,2001,1,1,0,0
11453859,2001,0,1,0,0
11453858,2001,0,1,0,0
11438876,2001,1,1,0,0
11438867,2001,1,0,0,0
11438861,2001,0,1,0,0
11438046,2001,1,0,0,0
11433598,2001,0,1,0,0
11431436,2001,0,1,0,0
11426208,2001,1,1,0,0
11425685,2001,1,1,0,0
11425684,2001,1,0,0,0
11425683,2001,1,1,0,0
11425681,2001,1,0,0,0
11425680,2001,1,0,0,0
11413408,2001,1,1,0,0
11413395,2001,1,1,0,0
11406431,2001,0,1,0,0
11406430,2001,1,0,0,0
11406426,2001,1,1,0,0
11406424,2001,1,0,0,0
11406423,2001,0,1,0,0
11405846,2001,1,0,0,0
11405841,2001,1,1,0,0
11405201,2001,1,0,0,0
11405200,2001,1,0,0,0
11408142,2001,1,0,0,0
11408141,2001,1,0,0,0
11408140,2001,0,1,0,0
11408139,2001,1,1,0,0
11408137,2001,1,0,0,0
11406903,2001,1,0,0,0
11402828,2001,1,0,0,0
11396396,2001,1,1,0,0
11394473,2000,1,1,0,0
11393150,2001,1,0,0,0
11393147,2001,1,0,0,0
11392807,2000,0,1,0,0
11392806,2000,0,1,0,0
11392410,2000,1,0,0,0
11392403,2000,1,0,0,0
11392315,2001,1,0,0,0
11384151,2001,0,1,0,0
11383771,2001,1,0,0,0
11383770,2001,1,0,0,0
11383768,2001,0,1,0,0
11383767,2001,1,1,0,0
11383766,2001,0,1,0,0
11383765,2001,0,1,0,0
11383764,2001,1,0,0,0
11383763,2001,0,1,0,0
11383761,2001,1,0,0,0
11383760,2001,1,1,0,0
11383759,2001,1,1,0,0
11382633,2001,1,0,0,0
11382632,2001,1,0,0,0
11382631,2001,1,1,0,0
11382612,2001,1,1,0,0
11381803,2001,1,0,0,0
11377912,2001,1,0,0,0
11377898,2001,1,0,0,0
11377897,2001,1,0,0,0
11377896,2001,0,1,0,0
11377895,2001,1,0,0,0
11377894,2001,1,0,0,0
11377890,2001,1,0,0,0
11375823,2001,0,1,0,0
11373706,2001,1,0,0,0
11367582,2001,1,1,0,0
11346411,2001,1,0,0,0
11352456,2001,0,1,0,0
11352454,2001,1,0,0,0
11352449,2001,1,0,0,0
11352317,2001,1,0,0,0
11351206,2001,1,1,0,0
11349924,2001,1,0,0,0
11340390,2001,1,1,0,0
11339039,2001,1,0,0,0
11336951,2001,1,1,0,0
11336203,2001,0,0,0,1
11333334,2001,0,1,0,0
11333327,2001,1,0,0,0
11333326,2001,1,0,0,0
11333325,2001,1,1,0,0
11330028,2001,1,0,0,0
11329951,2001,1,0,0,0
11328757,2001,1,0,0,0
11322429,2001,1,0,0,0
11322428,2001,1,1,0,0
11322424,2001,0,1,0,0
11322141,2001,1,0,0,0
11321146,2001,1,0,0,0
11321136,2001,1,0,0,0
11320027,2001,0,1,0,0
11320026,2001,1,0,0,0
11320010,2001,1,0,0,0
11319999,2001,1,1,0,0
11296018,2001,0,1,0,0
11316710,2001,0,1,0,0
11316709,2001,1,0,0,0
11316036,2001,1,0,0,0
11316035,2001,1,0,0,0
11316034,2001,1,0,0,0
11316033,2001,1,0,0,0
11316032,2001,1,0,0,0
11316031,2001,1,0,0,0
11316030,2001,1,0,0,0
11316029,2001,0,1,0,0
11316028,2001,1,1,0,0
11316027,2001,1,0,0,0
11316026,2001,1,1,0,0
11316025,2001,1,1,0,0
11316024,2001,1,0,0,0
11316022,2001,1,0,0,0
11316021,2001,1,0,0,0
11316020,2001,1,0,0,0
11316019,2001,1,0,0,0
11316018,2001,1,0,0,0
11316017,2001,1,0,0,0
11316016,2001,1,0,0,0
11316015,2001,1,0,0,0
11311636,2001,1,0,0,0
11311635,2001,1,0,0,0
11311631,2001,0,1,0,0
11311630,2001,1,0,0,0
11311628,2001,1,1,0,0
11311627,2001,1,1,0,0
11311626,2001,1,0,0,0
11311625,2001,1,1,0,0
11310772,2001,1,0,0,0
11310769,2001,1,0,0,0
11310768,2001,1,0,0,0
11310767,2001,1,0,0,0
11310766,2001,1,0,0,0
11310765,2001,1,0,0,0
11310762,2001,0,1,0,0
11310761,2001,1,0,0,0
11310760,2001,1,0,0,0
11310759,2001,1,0,0,0
11310758,2001,0,1,0,0
11309994,2000,1,0,0,0
11297480,2001,1,0,0,0
11297479,2001,1,0,0,0
11294583,2001,1,0,0,0
11292418,2001,1,0,0,0
11292417,2001,1,0,0,0
11292416,2001,1,0,0,0
11291291,2000,0,1,0,0
11290925,2001,0,0,0,1
11290924,2001,0,0,0,1
11286116,2000,1,1,0,0
11286111,2000,1,0,0,0
11286108,2000,1,0,0,0
11284454,2001,1,0,0,0
11272517,2001,1,1,0,0
11271456,2001,0,0,0,1
11264134,2001,1,1,0,0
11264125,2001,0,1,0,0
11263049,2001,0,1,0,0
11255773,2001,0,1,0,0
11255771,2001,1,0,0,0
11255063,2001,1,0,0,0
11255052,2001,0,1,0,0
11255051,2001,0,1,0,0
11255050,2001,1,0,0,0
11255048,2001,1,0,0,0
11255047,2001,1,1,0,0
11255046,2001,0,1,0,0
11255045,2001,1,0,0,0
11255044,2001,0,0,0,1
11255043,2001,1,0,0,0
11255037,2001,1,0,0,0
11253767,2001,1,0,0,0
11253765,2001,1,0,0,0
11253764,2001,1,0,0,0
11253763,2001,1,0,0,0
11231782,2001,1,0,0,0
11248819,2001,1,0,0,0
11248818,2001,1,1,0,0
11240493,2001,0,1,0,0
11237909,2001,0,1,0,0
11237908,2001,1,0,0,0
11237887,2001,1,0,0,0
11228304,2001,1,0,0,0
11227164,2000,1,0,0,0
11227152,2000,1,0,0,0
11226800,2001,1,0,0,0
11226799,2001,1,0,0,0
11226798,2001,1,0,0,0
11226795,2001,1,0,0,0
11226794,2001,1,0,0,0
11226782,2001,1,0,0,0
11225271,2000,0,1,0,0
11225269,2000,1,0,0,0
11220273,2001,0,1,0,0
11222344,2001,0,1,0,0
11217488,2001,1,1,0,0
11217252,2000,1,0,0,0
11215609,2001,1,0,0,0
11202466,2000,1,0,0,0
11201784,2001,1,1,0,0
11201783,2001,1,1,0,0
11201782,2001,1,1,0,0
11201779,2001,1,0,0,0
11201778,2001,0,1,0,0
11201777,2001,1,1,0,0
11201776,2001,0,1,0,0
11201773,2001,1,0,0,0
11201772,2001,1,0,0,0
11196209,2000,1,1,0,0
11195740,2001,0,1,0,0
11190041,2000,1,1,0,0
11190040,2000,1,0,0,0
11190029,2000,0,1,0,0
11189003,2001,0,1,0,0
11189002,2001,1,0,0,0
11189000,2001,0,1,0,0
11188999,2001,1,0,0,0
11188859,2000,1,0,0,0
11185595,2000,1,0,0,0
11185594,2000,1,0,0,0
11185591,2000,1,1,0,0
11184225,2000,1,0,0,0
11184224,2000,0,1,0,0
11184223,2000,1,0,0,0
11183871,2000,1,0,0,0
11183870,2000,1,1,0,0
11183852,2000,1,0,0,0
11183850,2000,1,0,0,0
11183849,2000,0,1,0,0
11183846,2000,0,1,0,0
11180974,2001,0,1,0,0
11167281,2001,0,1,0,0
11165862,2001,1,0,0,0
11165861,2001,1,0,0,0
11165860,2001,1,0,0,0
11165858,2001,0,0,0,1
11165857,2001,1,0,0,0
11165856,2001,1,0,0,0
11165845,2001,1,0,0,0
11162971,2001,1,0,0,0
11159488,2001,1,1,0,0
11158807,2001,1,0,0,0
11158806,2001,1,0,0,0
11158804,2001,1,1,0,0
11158803,2001,1,0,0,0
11158781,2001,0,1,0,0
11151282,2000,1,0,0,0
11151246,2000,0,1,0,0
11151216,2000,1,0,0,0
11151138,2000,1,0,0,0
11150275,2001,1,0,0,0
11150274,2001,0,1,0,0
11150273,2001,1,1,0,0
11150077,2001,1,1,0,0
11134885,2000,1,0,0,0
11134874,2000,0,1,0,0
11134873,2000,1,0,0,0
11134872,2000,1,0,0,0
11134871,2000,1,0,0,0
11134870,2000,1,1,0,0
11134858,2000,1,0,0,0
19569262,2001,1,0,0,0
11130164,2000,1,1,0,0
11127573,2000,0,1,0,0
11124304,2000,0,1,0,0
11124285,2000,0,1,0,0
11116705,2000,0,1,0,0
11116506,2000,0,1,0,0
11115275,2000,1,0,0,0
11115274,2000,1,1,0,0
11110322,2000,0,1,0,0
11110321,2000,1,0,0,0
11110320,2000,1,0,0,0
11110318,2000,0,1,0,0
11110317,2000,1,0,0,0
11110316,2000,1,0,0,0
11110315,2000,1,0,0,0
11110314,2000,0,1,0,0
11110313,2000,0,1,0,0
11110312,2000,1,0,0,0
11110311,2000,1,1,0,0
11110310,2000,1,0,0,0
11110309,2000,1,0,0,0
11110308,2000,1,0,0,0
11105549,2000,1,0,0,0
11097585,2000,1,0,0,0
11097584,2000,1,0,0,0
11097583,2000,1,0,0,0
11097581,2000,1,0,0,0
11097579,2000,1,0,0,0
11097564,2000,1,0,0,0
11097278,2000,1,1,0,0
11095603,2000,0,1,0,0
11095063,2000,1,0,0,0
11095047,2000,0,1,0,0
11094170,2000,0,1,0,0
11084444,2000,1,0,0,0
11084280,2000,1,0,0,0
11084266,2000,0,1,0,0
11084265,2000,0,1,0,0
11084264,2000,0,1,0,0
11084263,2000,1,0,0,0
11084253,2000,1,0,0,0
11078834,2000,1,0,0,0
11076344,2000,0,1,0,0
11076343,2000,1,0,0,0
11071027,2000,0,1,0,0
11066202,2000,1,0,0,0
11059140,2000,1,0,0,0
11055213,2000,1,1,0,0
11054333,2000,1,0,0,0
11054311,2000,1,0,0,0
11054301,2000,1,0,0,0
11054299,2000,1,0,0,0
11053271,2000,0,1,0,0
11051314,2000,0,1,0,0
11041724,2000,0,1,0,0
11041721,2000,1,0,0,0
11038864,1998,0,1,0,0
11036448,2000,1,1,0,0
11033666,2000,1,0,0,0
11033407,2000,1,0,0,0
11033396,2000,0,1,0,0
11033395,2000,0,1,0,0
11033394,2000,1,0,0,0
11033392,2000,0,1,0,0
11033391,2000,1,0,0,0
11033390,2000,1,0,0,0
11033389,2000,1,1,0,0
11033157,2000,0,1,0,0
11031875,2000,0,1,0,0
11031866,2000,0,1,0,0
11031865,2000,0,1,0,0
11020629,2000,1,0,0,0
11020617,2000,1,1,0,0
11020616,2000,1,0,0,0
11020615,2000,1,0,0,0
11020604,2000,1,0,0,0
11020408,2000,1,1,0,0
11019891,2000,1,0,0,0
11019890,2000,1,1,0,0
11019887,2000,1,1,0,0
11019886,2000,1,0,0,0
11019885,2000,1,0,0,0
11019883,2000,0,1,0,0
11019879,2000,0,0,0,1
11019877,2000,0,1,0,0
11019871,2000,0,0,0,1
11019867,2000,1,1,0,0
11019866,2000,0,1,0,0
11019865,2000,1,0,0,0
11013188,2000,1,0,0,0
11013186,2000,1,1,0,0
11013176,2000,1,1,0,0
11013167,2000,1,0,0,0
11011716,2000,1,0,0,0
11011709,2000,0,1,0,0
11011683,2000,0,1,0,0
11008494,2000,1,0,0,0
11008042,2000,1,0,0,0
11008041,2000,1,0,0,0
11008040,2000,0,1,0,0
11008039,2000,1,0,0,0
11008038,2000,1,0,0,0
11008025,2000,1,0,0,0
11004301,2000,1,0,0,0
11004254,2000,0,1,0,0
11004253,2000,1,0,0,0
10992061,2000,0,1,0,0
10991684,2000,1,1,0,0
10987013,1999,1,1,0,0
10981794,2000,1,0,0,0
10980762,2000,0,1,0,0
10977772,2000,1,0,0,0
10977771,2000,1,0,0,0
10977770,2000,0,0,0,1
10977769,2000,1,1,0,0
10974288,2000,0,1,0,0
10970240,2000,1,0,0,0
10970239,2000,1,0,0,0
10969507,2000,1,0,0,0
10967044,2000,0,1,0,0
10964847,2000,0,1,0,0
10964846,2000,0,1,0,0
10964817,2000,1,1,0,0
10960222,2000,1,0,0,0
10959185,2000,1,1,0,0
10957898,2000,1,1,0,0
10950410,2000,1,0,0,0
10950409,2000,1,0,0,0
10946203,2000,0,1,0,0
10946202,2000,1,0,0,0
10946189,2000,1,0,0,0
10946186,2000,1,1,0,0
10946185,2000,1,0,0,0
10941658,2000,1,1,0,0
10941656,2000,1,1,0,0
10941655,2000,1,0,0,0
10941654,2000,1,0,0,0
10941653,2000,1,0,0,0
10941652,2000,1,0,0,0
10941651,2000,1,0,0,0
10941650,2000,1,0,0,0
10941649,2000,1,0,0,0
10941648,2000,1,0,0,0
10941647,2000,1,0,0,0
10941646,2000,1,0,0,0
10941645,2000,0,1,0,0
10941643,2000,1,0,0,0
10939816,2000,0,1,0,0
10939731,2000,1,1,0,0
10939730,2000,0,1,0,0
10939729,2000,1,0,0,0
10939728,2000,1,0,0,0
10939724,2000,0,1,0,0
10939723,2000,0,1,0,0
10939722,2000,1,0,0,0
10939721,2000,1,0,0,0
10939720,2000,1,1,0,0
10937559,2000,0,1,0,0
10933770,2000,1,1,0,0
10933012,2000,1,0,0,0
10933011,2000,1,0,0,0
10929919,2000,0,1,0,0
10928769,2000,1,1,0,0
10926994,2000,1,0,0,0
10926984,2000,1,1,0,0
10926983,2000,1,0,0,0
10925524,2000,1,1,0,0
10918841,2000,1,0,0,0
10922207,2000,0,0,0,1
10919913,2000,1,1,0,0
10919911,2000,0,1,0,0
10916219,2000,1,1,0,0
10913658,2000,1,0,0,0
10913646,2000,1,1,0,0
10906113,2000,1,0,0,0
10904604,1999,1,0,0,0
10904584,1999,1,0,0,0
10897967,1999,1,0,0,0
10889442,2000,0,1,0,0
10889441,2000,1,0,0,0
10889440,2000,1,0,0,0
10889439,2000,1,1,0,0
10889435,2000,0,1,0,0
10889434,2000,0,1,0,0
10889433,2000,0,1,0,0
10889431,2000,1,0,0,0
10889430,2000,0,1,0,0
10889092,2000,0,1,0,0
10889090,2000,1,0,0,0
10887925,2000,0,1,0,0
10884778,2000,0,1,0,0
10884777,2000,0,1,0,0
10881424,2000,0,1,0,0
10880920,2000,0,1,0,0
10880274,2000,0,1,0,0
10877369,2000,1,1,0,0
10874788,2000,1,0,0,0
10858771,1999,0,1,0,0
10857834,2000,1,1,0,0
10857833,2000,1,0,0,0
10857812,2000,0,1,0,0
10844087,2000,0,1,0,0
10844064,2000,1,0,0,0
10850921,2000,1,0,0,0
10850918,2000,0,1,0,0
10850917,2000,1,0,0,0
10850916,2000,1,0,0,0
10848472,2000,1,0,0,0
10847037,1999,0,1,0,0
10845023,2000,0,1,0,0
10832994,2000,1,0,0,0
10832993,2000,0,1,0,0
10832992,2000,1,0,0,0
10832991,2000,1,0,0,0
10832990,2000,1,0,0,0
10832989,2000,1,0,0,0
10832988,2000,1,1,0,0
10832987,2000,1,0,0,0
10832986,2000,1,0,0,0
10832985,2000,1,1,0,0
10832984,2000,0,1,0,0
10832982,2000,1,0,0,0
10832980,2000,0,1,0,0
10832715,2000,1,1,0,0
10832696,2000,0,1,0,0
10832695,2000,1,1,0,0
10832691,2000,0,1,0,0
10832681,2000,1,1,0,0
10831906,2000,0,1,0,0
10831898,2000,0,1,0,0
10831897,2000,1,0,0,0
10831896,2000,0,1,0,0
10831894,2000,0,1,0,0
10831893,2000,1,0,0,0
10831879,2000,1,1,0,0
10820635,2000,1,0,0,0
10820627,2000,1,0,0,0
10819625,2000,1,0,0,0
10811085,2000,1,1,0,0
10811084,2000,1,0,0,0
10811067,2000,1,0,0,0
10811066,2000,1,0,0,0
10811062,2000,0,1,0,0
10810942,2000,1,1,0,0
10810940,2000,0,1,0,0
10808783,1999,1,1,0,0
10795201,1999,1,0,0,0
10794991,2000,0,1,0,0
10794982,2000,0,1,0,0
10794980,2000,0,1,0,0
10787324,2000,1,0,0,0
10783966,2000,0,1,0,0
10771242,2000,1,0,0,0
10771240,2000,1,0,0,0
10771228,2000,0,1,0,0
10771227,2000,0,1,0,0
10771226,2000,1,1,0,0
10771225,2000,0,1,0,0
10771223,2000,1,1,0,0
10771222,2000,1,0,0,0
10771214,2000,1,0,0,0
10771210,2000,1,1,0,0
10768328,2000,1,0,0,0
10768327,2000,1,1,0,0
10768326,2000,1,0,0,0
10768325,2000,1,1,0,0
10766390,2000,1,0,0,0
10766389,2000,1,0,0,0
10766388,2000,1,0,0,0
10766387,2000,1,1,0,0
10766386,2000,1,0,0,0
10766385,2000,1,0,0,0
10766384,2000,1,0,0,0
10766383,2000,0,1,0,0
10766382,2000,1,0,0,0
10766381,2000,1,1,0,0
10766380,2000,0,1,0,0
10766379,2000,1,0,0,0
10764853,2000,1,0,0,0
10761298,2000,1,0,0,0
10752339,2000,0,1,0,0
10746458,2000,1,0,0,0
10746450,2000,0,1,0,0
10746449,2000,0,1,0,0
10746448,2000,1,1,0,0
10746447,2000,1,0,0,0
10746441,2000,0,1,0,0
10744204,2000,0,1,0,0
10744203,2000,0,1,0,0
10743922,2000,1,0,0,0
10743921,2000,1,0,0,0
10743381,2000,0,1,0,0
10741310,2000,0,1,0,0
10741255,2000,1,0,0,0
10733358,2000,0,1,0,0
10733357,2000,1,1,0,0
10732480,1999,0,1,0,0
10726787,2000,0,1,0,0
10724826,2000,1,1,0,0
10721970,2000,1,0,0,0
10677905,1999,1,0,0,0
10677899,1999,0,1,0,0
10713913,2000,1,0,0,0
10713245,2000,1,0,0,0
10713244,2000,0,1,0,0
10713242,2000,0,1,0,0
10713241,2000,0,1,0,0
10713230,2000,0,1,0,0
10713229,2000,1,0,0,0
10713228,2000,0,1,0,0
10713227,2000,1,0,0,0
10713226,2000,0,1,0,0
10713225,2000,1,0,0,0
10713222,2000,1,1,0,0
10712822,2000,0,1,0,0
10711883,2000,0,1,0,0
10710888,2000,1,1,0,0
10704558,2000,1,0,0,0
10704557,2000,1,0,0,0
10704556,2000,1,0,0,0
10703127,1999,1,0,0,0
10703126,1999,0,1,0,0
24364840,2000,1,0,0,0
24364821,2000,1,0,0,0
24364803,2000,1,0,0,0
24364742,2000,1,0,0,0
24364730,2000,1,0,0,0
24364698,2000,1,1,0,0
24364677,2000,1,1,0,0
24364666,2000,1,1,0,0
24364621,2000,1,1,0,0
24364564,2000,1,0,0,0
24364539,2000,1,0,0,0
24364509,2000,1,0,0,0
24364384,2000,1,0,0,0
10693625,2000,0,0,0,1
10693624,2000,1,0,0,0
10693623,2000,1,1,0,0
10693622,2000,0,1,0,0
10693621,2000,0,1,0,0
10693620,2000,0,1,0,0
10693619,2000,0,1,0,0
10693618,2000,1,1,0,0
10693617,2000,0,1,0,0
10693616,2000,0,0,0,1
10693615,2000,0,1,0,0
10690821,2000,1,0,0,0
10690820,2000,1,1,0,0
10690814,2000,0,1,0,0
10690813,2000,0,1,0,0
10690809,2000,0,1,0,0
10683802,2000,0,1,0,0
10683801,2000,1,0,0,0
10683790,2000,0,1,0,0
10683788,2000,0,1,0,0
10683782,2000,1,0,0,0
10683775,2000,0,1,0,0
10676799,2000,1,0,0,0
10676798,2000,0,1,0,0
10674314,1999,0,1,0,0
10672881,1999,0,1,0,0
10670467,2000,1,0,0,0
10670464,2000,1,1,0,0
10669427,2000,1,0,0,0
10668319,2000,1,0,0,0
10665290,1999,0,1,0,0
10665278,1999,0,1,0,0
10664050,2000,0,0,0,1
10656312,2000,0,1,0,0
10656306,2000,0,1,0,0
10653419,2000,1,0,0,0
10653415,2000,0,1,0,0
10653414,2000,1,0,0,0
10647725,2000,0,1,0,0
10647724,2000,1,0,0,0
10647722,2000,0,1,0,0
10647711,2000,0,1,0,0
10647710,2000,0,1,0,0
10646161,2000,0,1,0,0
10646160,2000,0,1,0,0
10646159,2000,1,0,0,0
10646146,2000,1,0,0,0
10646145,2000,1,0,0,0
10646143,2000,1,1,0,0
10646135,2000,1,0,0,0
10643315,1999,0,1,0,0
10641127,1999,0,0,0,1
10641102,1999,1,0,0,0
10637793,1999,1,1,0,0
10636408,2000,0,1,0,0
10634603,2000,0,1,0,0
10632020,2000,0,1,0,0
10632013,2000,1,1,0,0
10632002,2000,0,1,0,0
10631833,1999,1,0,0,0
10623011,1999,1,1,0,0
10623004,1999,1,0,0,0
10621533,1999,1,1,0,0
10621531,1999,1,0,0,0
10620931,1999,1,0,0,0
10612513,1999,0,1,0,0
10612402,1999,1,0,0,0
10611102,2000,0,1,0,0
10609240,1999,0,1,0,0
10609216,1999,1,0,0,0
10609204,1999,0,1,0,0
10609203,1999,1,0,0,0
10609202,1999,1,0,0,0
10609201,1999,1,0,0,0
10609200,1999,0,1,0,0
10609196,1999,1,1,0,0
10609191,1999,0,1,0,0
10599677,1999,1,0,0,0
10599238,1999,1,1,0,0
10596481,1999,1,0,0,0
10541157,1999,1,0,0,0
10590009,1999,1,0,0,0
10590007,1999,1,0,0,0
10590006,1999,0,1,0,0
10590005,1999,0,1,0,0
10590004,1999,0,1,0,0
10590003,1999,1,0,0,0
10590002,1999,1,0,0,0
10589236,1999,1,0,0,0
10582021,1999,1,0,0,0
10582017,1999,0,1,0,0
10580656,1999,0,1,0,0
10580655,1999,0,1,0,0
10577595,1999,1,0,0,0
10577536,1999,0,1,0,0
10577526,1999,1,0,0,0
10577525,1999,0,1,0,0
10574814,1999,0,1,0,0
10574496,1999,0,0,0,1
10572885,1999,0,1,0,0
10571362,1999,1,0,0,0
10571361,1999,0,1,0,0
10571360,1999,0,0,0,1
10571335,1999,0,1,0,0
10571301,1999,0,0,0,1
10571295,1999,0,1,0,0
10569175,1999,1,0,0,0
10569160,1999,0,1,0,0
10569159,1999,0,1,0,0
10569158,1999,1,0,0,0
10569157,1999,1,0,0,0
10569156,1999,1,0,0,0
10569153,1999,1,0,0,0
10558425,1999,0,1,0,0
10555738,1999,0,1,0,0
10537775,1999,1,1,0,0
10535863,1999,1,0,0,0
10532458,1999,1,0,0,0
10532457,1999,1,0,0,0
10530309,1999,0,1,0,0
10530293,1999,0,1,0,0
10529288,1999,1,0,0,0
10529287,1999,1,0,0,0
10523968,1999,1,1,0,0
10519595,1999,0,1,0,0
10519594,1999,1,0,0,0
10519576,1999,0,1,0,0
10519575,1999,0,1,0,0
10511934,1999,0,1,0,0
10511933,1999,1,0,0,0
10511932,1999,1,0,0,0
10511929,1999,0,1,0,0
10511927,1999,1,1,0,0
10511922,1999,1,0,0,0
10509676,1999,0,1,0,0
10509081,1999,1,1,0,0
20086667,1999,1,1,0,0
10504088,1999,1,1,0,0
10504087,1999,0,1,0,0
10504086,1999,0,1,0,0
10504085,1999,0,1,0,0
10504082,1999,1,1,0,0
10504081,1999,0,1,0,0
10504080,1999,0,1,0,0
10504079,1999,0,1,0,0
10504078,1999,1,1,0,0
10504077,1999,1,0,0,0
10494270,1999,0,1,0,0
10493015,1999,1,0,0,0
10493014,1999,1,0,0,0
10487433,1999,0,1,0,0
10487077,1999,0,1,0,0
10486688,1999,0,1,0,0
10485535,1999,1,0,0,0
10482087,1999,0,1,0,0
10477505,1999,1,1,0,0
10476501,1999,1,0,0,0
10476500,1999,0,1,0,0
10476498,1999,0,1,0,0
10476493,1999,0,1,0,0
10472771,1998,0,1,0,0
10463406,1999,0,1,0,0
10460767,1999,1,0,0,0
10460766,1999,0,0,0,1
10458302,1999,0,1,0,0
10458198,1999,0,1,0,0
10458073,1999,1,0,0,0
10458072,1999,1,0,0,0
10458071,1999,0,1,0,0
10457689,1999,1,0,0,0
10457672,1998,1,0,0,0
10447646,1999,0,1,0,0
10445722,1999,0,1,0,0
10445719,1999,0,1,0,0
10445718,1999,1,1,0,0
10445717,1999,0,1,0,0
10445715,1999,1,1,0,0
10445714,1999,1,0,0,0
10445713,1999,1,0,0,0
10445711,1999,1,0,0,0
10445207,1999,1,0,0,0
10445195,1999,0,1,0,0
10445194,1999,1,0,0,0
10445193,1999,0,1,0,0
10445191,1999,1,0,0,0
10445190,1999,0,1,0,0
10445189,1999,1,1,0,0
10445182,1999,1,0,0,0
10445181,1999,1,0,0,0
10442893,1999,0,1,0,0
10442891,1999,0,1,0,0
10442890,1999,0,1,0,0
10442889,1999,1,0,0,0
10442888,1999,1,0,0,0
10442887,1999,1,0,0,0
10442722,1999,0,1,0,0
10434198,1999,0,1,0,0
10432847,1999,0,0,0,1
10432790,1999,0,1,0,0
10429498,1999,0,1,0,0
10429497,1999,0,1,0,0
10424313,1999,1,0,0,0
10422856,1999,0,1,0,0
10422855,1999,0,1,0,0
10414119,1999,0,1,0,0
10412332,1999,1,1,0,0
10409851,1999,1,0,0,0
10409849,1999,0,1,0,0
10408467,1999,1,0,0,0
10407800,1999,0,1,0,0
10404381,1999,1,0,0,0
10404380,1999,1,0,0,0
10404375,1999,0,1,0,0
10404368,1999,1,1,0,0
10404365,1999,0,1,0,0
10404357,1999,1,1,0,0
10393035,1999,0,1,0,0
10392731,1999,0,1,0,0
10387471,1998,0,1,0,0
10387465,1998,1,1,0,0
10387463,1998,1,1,0,0
10387322,1999,0,1,0,0
10381679,1999,0,0,0,1
10377868,1999,0,0,0,1
10374404,1998,1,1,0,0
10374171,1999,1,0,0,0
10374167,1999,1,1,0,0
10374166,1999,1,0,0,0
10374165,1999,1,0,0,0
10372883,1999,1,0,0,0
10368010,1999,0,0,0,1
10367582,1999,0,1,0,0
10367581,1999,0,1,0,0
10367579,1999,0,1,0,0
10367577,1999,0,1,0,0
10367576,1999,0,1,0,0
10367575,1999,0,1,0,0
10367571,1999,1,0,0,0
10366276,1999,0,1,0,0
10366086,1999,0,1,0,0
10363508,1999,0,1,0,0
10363507,1999,0,1,0,0
10360290,1998,1,1,0,0
10340797,1999,1,1,0,0
10336042,1999,1,0,0,0
10336040,1999,0,1,0,0
10336033,1999,1,1,0,0
10334340,1999,1,1,0,0
10334022,1999,0,1,0,0
10334021,1999,1,0,0,0
10334020,1999,1,1,0,0
10333840,1999,0,1,0,0
10330651,1999,0,1,0,0
10330650,1999,0,1,0,0
10330646,1999,0,1,0,0
10330645,1999,0,1,0,0
10330644,1999,0,1,0,0
10330643,1999,1,1,0,0
10330642,1999,1,0,0,0
10330628,1999,1,0,0,0
10330624,1999,1,0,0,0
10328407,1999,0,1,0,0
10327360,1999,0,1,0,0
10327358,1999,0,1,0,0
10327347,1999,0,1,0,0
10327346,1999,0,1,0,0
10326963,1999,0,1,0,0
10321525,1999,0,1,0,0
10235559,1999,0,0,0,1
10226660,1999,0,1,0,0
10224844,1999,0,1,0,0
10224503,1999,0,1,0,0
10221185,1999,0,1,0,0
10220724,1999,0,1,0,0
10216064,1999,0,1,0,0
10214060,1999,0,1,0,0
10214055,1999,0,1,0,0
10211324,1998,0,1,0,0
10208268,1999,1,1,0,0
10202739,1999,0,1,0,0
10202738,1999,0,1,0,0
10202737,1999,0,0,0,1
10202736,1999,0,1,0,0
10202735,1999,0,1,0,0
10202734,1999,0,1,0,0
10202733,1999,0,1,0,0
10202732,1999,1,1,0,0
10202731,1999,1,1,0,0
10202730,1999,0,1,0,0
10202729,1999,0,1,0,0
10202728,1999,1,0,0,0
10202727,1999,1,1,0,0
10202726,1999,1,1,0,0
10202725,1999,1,0,0,0
10202724,1999,1,0,0,0
10202723,1999,1,0,0,0
10202722,1999,1,0,0,0
10202721,1999,1,0,0,0
10202720,1999,1,0,0,0
10202719,1999,1,0,0,0
10202718,1999,1,0,0,0
10202717,1999,0,1,0,0
10202716,1999,0,1,0,0
10202715,1999,0,1,0,0
10202714,1999,0,0,0,1
10202712,1999,1,0,0,0
10202710,1999,1,1,0,0
10202709,1999,0,1,0,0
10202708,1999,0,1,0,0
10202707,1999,0,1,0,0
10202706,1999,0,1,0,0
10202704,1999,1,0,0,0
10202703,1999,1,0,0,0
10201594,1999,1,0,0,0
10201589,1999,0,1,0,0
10198868,1999,1,0,0,0
10198855,1999,0,0,0,1
10198853,1999,0,1,0,0
10198852,1999,0,1,0,0
10198851,1999,1,0,0,0
10198842,1999,0,1,0,0
10192809,1999,0,1,0,0
10192516,1999,0,1,0,0
10188371,1998,1,0,0,0
10102278,1999,0,1,0,0
10095355,1999,0,1,0,0
10091371,1999,1,1,0,0
10090375,1999,1,0,0,0
10089747,1999,0,1,0,0
10088057,1999,0,1,0,0
10083905,1999,1,0,0,0
10080204,1999,0,1,0,0
10080203,1999,0,1,0,0
10080202,1999,1,1,0,0
10080201,1999,0,1,0,0
10080199,1999,1,1,0,0
10079445,1999,1,1,0,0
10079444,1999,1,0,0,0
10079443,1999,1,0,0,0
10079442,1999,1,0,0,0
10079427,1999,0,1,0,0
10067960,1999,0,1,0,0
10030552,1999,1,0,0,0
9987728,1999,1,0,0,0
9987726,1999,1,1,0,0
9987725,1999,1,1,0,0
9987724,1999,1,1,0,0
9987723,1999,1,1,0,0
9987722,1999,0,1,0,0
9987634,1999,0,1,0,0
9987627,1999,0,1,0,0
9951664,1999,1,1,0,0
9951663,1999,0,1,0,0
9951662,1999,0,1,0,0
9951661,1999,0,1,0,0
9951655,1999,0,1,0,0
9951501,1999,0,1,0,0
9951500,1999,1,1,0,0
9951499,1999,1,0,0,0
9951463,1999,0,1,0,0
9951379,1998,0,1,0,0
9933005,1999,1,0,0,0
9932992,1999,1,1,0,0
9930270,1998,0,1,0,0
9922880,1998,0,1,0,0
9917777,1999,0,1,0,0
9917776,1999,1,0,0,0
9917775,1999,1,0,0,0
9917770,1999,1,0,0,0
9894933,1999,0,1,0,0
9888422,1999,0,1,0,0
9888090,1999,0,1,0,0
9888089,1999,0,1,0,0
9888073,1999,0,0,0,1
9888072,1999,0,1,0,0
9888069,1999,0,1,0,0
9888068,1999,0,1,0,0
9885699,1998,0,1,0,0
9881569,1998,0,1,0,0
9881553,1998,0,1,0,0
9869466,1998,1,0,0,0
9866111,1998,0,1,0,0
9866110,1998,1,0,0,0
9866109,1998,1,0,0,0
9866108,1998,0,1,0,0
9866107,1998,1,0,0,0
9866106,1998,0,1,0,0
9866102,1998,1,1,0,0
9866100,1998,0,1,0,0
9866099,1998,0,1,0,0
9866098,1998,1,0,0,0
9865178,1998,0,1,0,0
9865125,1998,0,1,0,0
9860010,1998,0,1,0,0
9860009,1998,1,1,0,0
9855147,1998,0,1,0,0
9855146,1998,0,1,0,0
9855144,1998,0,1,0,0
9855141,1998,0,1,0,0
9850895,1998,1,0,0,0
9850894,1998,0,1,0,0
9850893,1998,0,1,0,0
9850892,1998,0,1,0,0
9848072,1998,1,1,0,0
9843266,1998,0,1,0,0
9841456,1998,0,1,0,0
9841455,1998,1,1,0,0
9838253,1999,0,0,0,1
9834896,1998,0,0,0,1
9834895,1998,0,1,0,0
9829443,1998,0,1,0,0
9828643,1998,0,1,0,0
9828632,1998,0,1,0,0
9826041,1998,0,1,0,0
9826038,1998,0,1,0,0
9826035,1998,0,1,0,0
9825721,1998,0,1,0,0
9825259,1998,0,1,0,0
9824862,1998,0,1,0,0
9823373,1998,0,1,0,0
9823348,1998,0,1,0,0
9823340,1998,0,1,0,0
9822225,1998,0,1,0,0
9820944,1998,0,1,0,0
9820940,1998,0,1,0,0
9820937,1998,0,1,0,0
9818487,1998,0,1,0,0
9818334,1998,0,1,0,0
9818333,1998,0,1,0,0
9818332,1998,0,1,0,0
9818331,1998,1,0,0,0
9818324,1998,0,1,0,0
9810078,1998,1,1,0,0
9807191,1998,0,1,0,0
9795860,1998,1,1,0,0
9795846,1998,0,1,0,0
9795845,1998,1,0,0,0
9795844,1998,1,0,0,0
9793950,1998,0,1,0,0
9793910,1998,0,1,0,0
9793908,1998,0,1,0,0
9793387,1998,0,1,0,0
9793382,1998,0,0,0,1
9791825,1998,1,0,0,0
9791824,1998,0,1,0,0
9791821,1998,0,0,0,1
9791820,1998,0,1,0,0
9791819,1998,0,1,0,0
9791818,1998,0,0,0,1
9791817,1998,1,0,0,0
9791816,1998,0,1,0,0
9791814,1998,0,1,0,0
9791813,1998,0,1,0,0
9790646,1998,0,1,0,0
9787353,1998,1,0,0,0
9787335,1998,0,1,0,0
9785523,1998,0,1,0,0
9771079,1998,0,1,0,0
9770986,1998,0,1,0,0
9768409,1998,1,0,0,0
9768393,1998,1,1,0,0
9768391,1998,1,0,0,0
9763139,1998,1,1,0,0
9758653,1998,1,0,0,0
9758652,1998,1,0,0,0
9758651,1998,1,0,0,0
9758650,1998,1,1,0,0
9756445,1998,0,1,0,0
9756438,1998,1,0,0,0
9754184,1998,0,1,0,0
9754183,1998,1,0,0,0
9754160,1998,0,1,0,0
9753948,1998,0,1,0,0
9752797,1998,0,1,0,0
9747680,1998,1,1,0,0
9738381,1998,1,1,0,0
9734802,1998,0,1,0,0
9729870,1998,0,1,0,0
9727540,1998,0,1,0,0
9724000,1998,0,1,0,0
9720432,1998,0,1,0,0
9719967,1998,0,1,0,0
9719966,1998,0,1,0,0
9719965,1998,1,1,0,0
9719964,1998,1,0,0,0
9719963,1998,1,0,0,0
9716336,1998,0,1,0,0
9716331,1998,0,1,0,0
9715693,1998,0,1,0,0
9715686,1998,0,1,0,0
9715485,1998,0,1,0,0
9715463,1998,0,0,0,1
9709772,1998,0,1,0,0
9709767,1998,1,1,0,0
9709766,1998,1,0,0,0
9709742,1998,1,1,0,0
9703722,1998,0,1,0,0
9703721,1998,0,1,0,0
9699173,1998,1,0,0,0
9699171,1998,1,0,0,0
9699169,1998,0,1,0,0
9699168,1998,0,1,0,0
9699162,1998,0,1,0,0
9686842,1998,0,1,0,0
9684565,1998,0,1,0,0
9684078,1998,1,1,0,0
9683969,1998,0,1,0,0
9682628,1998,1,1,0,0
9682124,1998,1,0,0,0
9682123,1998,1,1,0,0
9682110,1998,1,1,0,0
9682109,1998,0,1,0,0
9682108,1998,1,0,0,0
9682107,1998,0,1,0,0
9682106,1998,0,1,0,0
9682092,1998,0,1,0,0
9678420,1998,0,1,0,0
9677593,1998,0,1,0,0
9677581,1998,0,1,0,0
9677580,1998,0,1,0,0
9676923,1998,0,1,0,0
9676914,1998,0,0,0,1
9676911,1998,0,1,0,0
9676903,1998,0,0,0,1
9664828,1998,1,1,0,0
9663221,1998,1,0,0,0
9663220,1998,0,1,0,0
9663219,1998,0,1,0,0
9657908,1998,1,0,0,0
9643024,1998,0,1,0,0
9642601,1998,0,1,0,0
9642584,1998,1,0,0,0
9564702,1998,1,0,0,0
9641431,1998,0,1,0,0
9641429,1998,0,1,0,0
9641428,1998,1,0,0,0
9641427,1998,0,1,0,0
9641423,1998,0,1,0,0
9641422,1998,1,0,0,0
9640571,1998,0,1,0,0
9640208,1998,0,1,0,0
9634930,1998,0,1,0,0
9633252,1998,0,1,0,0
9614039,1998,0,1,0,0
9593632,1998,0,1,0,0
9613396,1998,0,1,0,0
9610459,1998,0,1,0,0
9610445,1998,0,1,0,0
9610444,1998,0,1,0,0
9610436,1998,0,1,0,0
9606572,1998,0,1,0,0
9602629,1998,0,1,0,0
9599360,1998,0,1,0,0
9596506,1998,0,0,0,1
9596505,1998,0,0,0,1
9596498,1998,0,1,0,0
9594539,1998,0,1,0,0
9593423,1998,0,1,0,0
9593400,1998,1,0,0,0
9593399,1998,0,1,0,0
9593366,1998,0,1,0,0
9592737,1998,0,0,0,1
9591939,1998,0,0,0,1
9584239,1998,1,1,0,0
9584237,1998,0,1,0,0
9584233,1998,0,1,0,0
9579471,1998,0,0,0,1
9578690,1998,1,0,0,0
9578689,1998,1,0,0,0
9574748,1998,1,0,0,0
9574746,1998,0,1,0,0
9574745,1998,0,1,0,0
9574743,1998,0,1,0,0
9574742,1998,0,1,0,0
9574741,1998,1,0,0,0
9574739,1998,0,1,0,0
9571563,1998,0,1,0,0
9571562,1998,0,1,0,0
9571561,1998,0,1,0,0
9571560,1998,0,1,0,0
9571559,1998,0,1,0,0
9571558,1998,0,1,0,0
9571557,1998,0,1,0,0
9571556,1998,0,1,0,0
9571555,1998,0,1,0,0
9571554,1998,1,1,0,0
9571553,1998,1,1,0,0
9571552,1998,0,1,0,0
9571551,1998,0,1,0,0
9571550,1998,0,1,0,0
9571549,1998,0,1,0,0
9571548,1998,1,0,0,0
9571547,1998,1,1,0,0
9571546,1998,1,0,0,0
9571545,1998,0,1,0,0
9559734,1998,0,1,0,0
9559731,1998,1,0,0,0
9559469,1998,0,1,0,0
9559467,1998,0,1,0,0
9559466,1998,0,1,0,0
9559465,1998,0,1,0,0
9559464,1998,0,1,0,0
9559463,1998,0,1,0,0
9559461,1998,0,1,0,0
9559458,1998,0,1,0,0
9559456,1998,0,1,0,0
9553615,1998,0,1,0,0
9553332,1998,0,0,0,1
9549264,1998,0,1,0,0
9545788,1998,0,1,0,0
9545784,1998,0,1,0,0
9544634,1998,0,1,0,0
9544633,1998,1,1,0,0
9544632,1998,1,0,0,0
9531089,1998,0,1,0,0
9531088,1998,1,1,0,0
9531087,1998,1,0,0,0
9531086,1998,0,0,0,1
9531084,1998,0,1,0,0
9531083,1998,0,1,0,0
9531082,1998,1,0,0,0
9531081,1998,1,0,0,0
9531080,1998,0,1,0,0
9530595,1998,0,1,0,0
9530593,1998,1,0,0,0
9530592,1998,1,0,0,0
9530591,1998,1,0,0,0
9530590,1998,1,0,0,0
9530587,1998,1,1,0,0
9530581,1998,1,0,0,0
9529702,1998,1,1,0,0
9524031,1998,0,1,0,0
9520198,1998,0,1,0,0
9520191,1998,1,1,0,0
9513768,1998,0,1,0,0
9507253,1998,0,0,0,1
9501858,1998,0,1,0,0
9499783,1998,0,1,0,0
9494900,1998,0,1,0,0
9494898,1998,1,1,0,0
9494896,1998,0,1,0,0
9494892,1998,0,1,0,0
9494888,1998,1,0,0,0
9477983,1998,1,1,0,0
9482624,1998,0,1,0,0
9479287,1998,0,1,0,0
9467457,1998,0,1,0,0
9467443,1998,0,0,0,1
9467442,1998,0,1,0,0
9445203,1998,0,1,0,0
9442790,1998,0,0,0,1
9442789,1998,0,1,0,0
9437313,1998,0,1,0,0
9437312,1998,0,1,0,0
10178630,1998,0,0,0,1
29988925,2017,0,1,0,0
29942179,2017,0,0,0,1
29784166,2017,0,0,0,1
29631836,2017,1,0,0,0
29564408,2017,1,1,0,0
29450375,2017,1,0,0,0
29450367,2017,1,0,0,0
29403662,2017,0,1,0,0
29403606,2017,0,1,0,0
29390522,2017,1,0,0,0
29379652,2017,1,0,0,0
29335117,2017,1,0,0,0
29335115,2017,1,0,0,0
29335114,2017,1,0,0,0
29335113,2017,1,0,0,0
29335112,2017,1,0,0,0
29335111,2017,1,0,0,0
29335110,2017,1,0,0,0
29335097,2017,0,1,0,0
29335096,2017,1,0,0,0
29335095,2017,1,0,0,0
29335094,2017,1,0,0,0
29335093,2017,1,1,0,0
29319666,2017,0,0,0,1
29310395,2017,1,0,0,0
29285479,2017,1,0,0,0
29284455,2017,0,1,0,0
29270472,2017,0,1,0,0
29270316,2017,0,0,1,0
29260098,2017,0,0,1,0
29259313,2017,1,0,1,0
29251814,2017,0,0,1,0
29242903,2017,1,0,0,0
29233738,2017,0,0,0,1
29227515,2017,0,0,0,1
29227514,2017,0,0,1,0
29227512,2017,0,1,0,0
29227511,2017,0,0,1,0
29227510,2017,0,1,0,0
29227509,2017,0,1,0,0
29223235,2017,0,0,1,0
29223234,2017,1,0,0,0
29223233,2017,1,0,0,0
29217044,2017,0,1,0,0
29216872,2017,1,0,1,0
29208347,2017,1,0,0,0
29206194,2017,0,1,0,0
29200820,2017,1,1,0,0
29192679,2017,1,0,0,0
29183707,2017,0,0,0,1
29182030,2017,1,0,0,0
29181310,2017,1,0,1,0
29180340,2017,1,1,0,0
29167808,2017,0,0,1,0
29160536,2017,1,0,0,0
29148031,2017,0,0,1,0
29141390,2017,1,0,1,0
29134403,2017,0,0,1,0
29123364,2017,0,0,1,0
29122820,2017,0,0,1,0
29121878,2017,0,0,1,0
29120718,2017,0,0,1,0
29120711,2017,0,1,0,0
29120709,2017,0,0,1,0
29119072,2017,1,1,0,0
29117420,2017,0,0,1,0
29117419,2017,0,0,1,0
29117416,2017,1,0,0,0
29117415,2017,0,0,1,0
29117414,2017,1,0,0,0
29102130,2017,0,0,1,0
29101408,2017,1,0,1,0
29099496,2017,0,1,0,0
29095506,2017,0,1,0,0
29090052,2017,0,0,0,1
29090046,2017,0,1,0,0
29090045,2017,0,1,0,0
29090044,2017,1,0,0,0
29090041,2017,0,1,0,0
29087882,2017,1,1,0,0
29083509,2017,0,0,1,0
29081490,2017,1,0,1,0
29077186,2017,1,0,0,0
29075941,2017,0,0,0,1
29066773,2017,1,1,1,0
29064187,2017,1,0,0,0
29063473,2017,1,0,0,0
29062786,2017,1,0,0,0
29062785,2017,1,0,0,0
29062777,2017,1,0,0,0
29055377,2017,1,0,1,0
29042748,2017,1,1,0,0
29042747,2017,1,1,0,0
29033538,2017,1,0,0,0
29032414,2017,0,1,0,0
29030795,2017,1,0,0,0
29030369,2017,1,0,0,0
29018820,2017,1,0,0,0
29018762,2017,1,1,0,0
28991621,2017,1,0,0,0
28991620,2017,0,0,0,1
28991341,2017,1,0,0,0
28991336,2017,0,1,0,0
28985110,2017,0,0,0,1
28979096,2017,1,0,1,0
28969525,2017,1,0,0,0
28965357,2017,1,0,1,0
28963702,2017,0,0,1,0
28953492,2017,1,1,0,0
28944210,2017,1,0,0,0
28944205,2017,1,0,1,0
28944201,2017,1,0,0,0
28940146,2017,0,0,1,0
28938922,2017,1,0,0,0
28932339,2017,1,0,0,0
28932334,2017,0,0,0,1
28931183,2017,0,0,0,1
28928982,2017,1,0,1,0
28924408,2016,0,1,0,0
28919909,2017,0,1,0,0
28917415,2017,1,0,0,0
28914632,2017,0,1,0,0
28913996,2017,0,1,0,0
28913504,2017,1,1,0,0
28912848,2017,1,0,0,0
28902914,2017,0,1,0,0
28885242,2017,0,0,0,1
28880340,2017,1,1,0,0
28880337,2017,0,0,1,0
28880334,2017,1,1,1,0
28880333,2017,1,1,0,0
28880332,2017,1,0,0,0
28876968,2017,1,0,0,0
28875960,2017,1,0,0,0
28875760,2017,1,0,0,0
28875250,2017,1,0,0,0
28866013,2017,1,0,0,0
28860701,2017,1,0,0,0
28848137,2017,1,0,0,0
28844325,2017,0,0,1,0
28837530,2017,1,1,1,0
28837529,2017,1,0,0,0
28831306,2017,1,0,0,0
28823447,2017,1,0,0,0
28823442,2017,1,0,0,0
28823441,2017,0,1,0,0
28823437,2017,1,0,0,0
28822026,2017,0,0,1,0
28820793,2017,0,1,0,0
28815089,2017,1,1,0,0
28810283,2017,1,0,0,0
28808774,2017,1,0,1,0
28799958,2017,0,0,1,0
28791058,2017,0,1,0,0
28791056,2017,0,1,0,0
28787523,2017,0,0,1,0
28787521,2017,0,0,0,1
28787515,2017,0,1,1,0
28787514,2017,0,0,1,0
28780779,2017,1,0,1,0
28780776,2017,1,1,0,0
28777775,2017,1,0,0,0
28777102,2017,1,0,0,0
28775931,2017,1,0,0,0
28771950,2017,1,0,0,0
28771544,2017,0,1,1,0
28761329,2017,0,0,1,0
28749894,2017,0,1,0,0
28747621,2017,1,0,0,0
28746183,2017,0,0,1,0
28745654,2017,1,0,0,0
28742618,2017,0,1,0,0
28740361,2017,1,0,1,0
28736341,2017,1,0,0,0
28732624,2017,1,1,0,0
28732618,2017,0,1,0,0
28732617,2017,1,0,1,0
28732616,2017,0,0,1,0
28732615,2017,0,0,1,0
28732614,2017,0,0,1,0
28731880,2017,1,0,0,0
28730109,2017,1,0,0,0
28727706,2017,1,1,0,0
28724823,2017,1,0,0,0
28718904,2017,0,1,0,0
28716114,2017,1,0,0,0
28712892,2017,1,0,0,0
28708898,2017,0,1,1,0
28708815,2017,1,0,0,0
28706442,2017,1,0,0,0
28700139,2017,0,1,0,0
28690535,2017,1,0,0,0
28683793,2017,0,0,1,0
28683485,2017,0,1,0,0
28681906,2017,1,0,0,0
28681903,2017,0,0,1,0
28680704,2017,0,0,1,0
28676989,2017,0,0,0,1
28674958,2017,1,0,0,0
28674318,2017,1,0,0,0
28672926,2017,1,0,0,0
28671411,2017,1,0,0,0
28671403,2017,1,0,0,0
28663837,2017,0,0,0,1
28655538,2017,0,0,0,1
28652697,2017,0,1,0,0
28651810,2017,1,1,0,0
28647783,2017,1,0,0,0
28646441,2017,1,0,0,0
28645265,2017,0,1,0,0
28644239,2017,0,0,1,0
28644232,2017,1,0,1,0
28631305,2017,1,0,1,0
28628503,2017,0,0,1,0
28626819,2016,0,1,0,0
28626818,2017,0,1,0,0
28624312,2017,0,0,0,1
28623041,2017,0,1,0,0
28622316,2017,1,1,1,0
28620156,2017,1,0,0,0
28612330,2017,0,1,0,0
28608800,2017,1,0,0,0
28606616,2017,1,1,0,0
28602333,2017,0,0,0,1
28601344,2017,0,0,1,0
28600502,2017,1,0,0,0
28596969,2017,1,0,0,0
28595130,2017,1,0,0,0
28594648,2017,1,1,1,0
28591507,2017,1,1,0,0
28589448,2017,1,0,0,0
28587100,2017,1,0,0,0
28586502,2017,1,0,0,0
28586497,2017,1,0,1,0
28586496,2017,1,0,1,0
28586495,2017,1,0,0,0
28585430,2017,1,0,0,0
28583694,2017,0,1,0,0
28582374,2017,0,1,0,0
28579752,2017,1,0,0,0
28579751,2017,1,0,0,0
28576227,2017,1,0,0,0
28576226,2017,0,0,0,1
28576215,2017,0,0,0,1
30555962,2017,0,0,0,1
28562575,2017,0,1,0,0
28553423,2017,1,0,0,0
28553071,2017,1,1,0,0
28553070,2017,1,1,0,0
28553069,2017,1,1,0,0
28551832,2017,0,1,1,0
28549845,2017,0,0,0,1
28545414,2017,0,0,1,0
28544605,2017,1,1,0,0
28542088,2017,0,1,0,0
28540005,2017,0,1,0,0
28532958,2017,1,0,0,0
28532957,2017,0,0,0,1
28532955,2017,1,0,0,0
28532948,2017,1,0,0,0
28532945,2017,1,0,0,0
28532939,2017,0,1,0,0
28532931,2017,1,1,0,0
28532930,2017,0,0,1,0
28532929,2017,0,0,1,0
28532926,2017,0,0,1,0
28523525,2017,0,1,0,0
28513498,2017,0,1,0,0
28503439,2017,1,0,1,0
28503438,2017,1,0,0,0
28499707,2017,1,0,1,0
28494492,2017,0,0,1,0
28493426,2017,1,0,0,0
28491472,2017,0,0,0,1
28486727,2017,0,0,1,0
28486726,2017,1,0,0,0
28486725,2017,0,1,0,0
28486723,2017,1,0,0,0
28486722,2017,1,0,0,0
28486721,2017,1,0,1,0
28486720,2017,1,0,1,0
28486719,2017,0,0,0,1
28471588,2016,1,0,0,0
28461870,2017,1,0,0,0
28458585,2017,1,0,0,0
28450791,2017,0,1,0,0
28450380,2017,1,0,0,0
28445315,2017,1,0,0,0
28445204,2017,0,0,0,1
28445203,2017,0,0,0,1
28435210,2017,1,0,0,0
28424534,2017,1,0,0,0
28422822,2017,0,0,1,0
28421140,2017,0,0,1,0
28420926,2017,1,0,0,0
28413804,2017,0,0,0,1
28412070,2017,0,0,0,1
28410732,2017,0,1,0,0
28410723,2017,0,1,0,0
28410722,2017,1,1,0,0
28410354,2017,1,1,0,0
28409225,2017,0,0,1,0
28407171,2017,1,0,1,0
28407169,2017,0,0,1,0
28407165,2017,1,0,1,0
28407161,2017,0,0,1,0
28403194,2017,1,1,0,0
28399068,2017,0,0,0,1
28399067,2017,0,0,0,1
28396804,2017,1,0,1,0
28396803,2017,1,0,1,0
28394810,2017,1,0,0,0
28393039,2017,1,0,0,0
28393038,2017,0,1,0,0
28392938,2017,0,1,0,0
28390411,2017,1,0,0,0
28388896,2017,1,0,1,0
28387767,2017,1,0,0,0
28384723,2017,0,1,0,0
28380104,2017,1,0,0,0
28379654,2017,1,0,0,0
28379651,2017,0,0,1,0
28379648,2017,0,0,1,0
28377594,2017,1,1,0,0
28367530,2016,0,1,0,0
28366365,2017,1,1,0,0
28366364,2017,1,0,0,0
28366363,2017,0,1,0,0
28366362,2017,1,1,0,0
28362808,2017,1,1,0,0
28361175,2017,0,0,1,0
28359626,2017,1,0,0,0
28359625,2017,0,1,0,0
28356712,2017,1,1,0,0
28356099,2017,0,0,1,0
28349952,2017,1,0,0,0
28349503,2017,0,1,0,0
28339457,2017,0,1,0,0
28337058,2017,1,1,0,0
28336402,2017,1,1,1,0
28335951,2017,1,0,0,0
28335944,2017,0,1,0,0
28331285,2017,1,0,1,0
28321498,2017,0,0,1,0
28318639,2017,0,1,1,0
28317680,2017,1,0,0,0
28317678,2017,1,1,0,0
28317667,2017,0,0,1,0
28317666,2017,1,0,0,0
28316192,2017,0,0,1,0
28299001,2017,0,1,0,0
28293649,2016,0,1,0,0
28293648,2016,0,1,0,0
28291201,2017,0,0,1,0
28285388,2017,0,1,0,0
28283925,2017,1,0,0,0
28275314,2017,0,1,0,0
28270007,2017,0,1,0,0
28265465,2017,1,0,0,0
28264221,2017,0,0,0,1
28264136,2017,0,1,0,0
28264135,2017,0,0,1,0
28264134,2017,1,1,1,0
28264132,2017,1,0,0,0
28264128,2017,1,0,1,0
28256362,2017,0,1,0,0
28251095,2017,0,1,0,0
28251090,2017,1,0,0,0
30088408,2017,1,0,0,0
28243058,2017,1,0,0,0
28243028,2017,1,1,0,0
28243023,2017,0,1,0,0
28243019,2017,1,1,0,0
28210178,2016,1,0,0,0
28209504,2017,0,1,0,0
28207886,2017,0,0,0,1
28197998,2017,1,1,0,0
28192838,2017,1,1,0,0
28192591,2017,1,1,0,0
28192589,2017,1,0,0,0
28192588,2017,1,0,0,0
28192587,2017,0,1,0,0
28192586,2017,0,0,1,0
28188942,2017,0,1,0,0
28187472,2017,1,1,0,0
28187180,2017,1,0,0,0
28168049,2017,1,1,0,0
28163860,2016,1,0,0,0
28162196,2017,1,0,0,0
28162195,2017,0,0,1,0
28162194,2017,0,0,1,0
28155208,2017,1,0,0,0
28151939,2017,1,0,0,0
28149787,2017,0,0,1,0
28135749,2017,1,0,1,0
28135748,2017,0,0,1,0
28135746,2017,0,1,1,0
28133543,2017,1,0,0,0
28127465,2016,0,1,0,0
28115827,2017,1,0,0,0
28101037,2016,1,0,0,0
28097345,2017,1,0,0,0
28095867,2017,1,0,0,0
28086248,2017,0,0,0,1
28069283,2017,0,0,1,0
28068452,2017,1,0,1,0
28068448,2017,0,1,0,0
28068447,2017,1,0,0,0
28068445,2017,1,0,0,0
28068444,2017,1,1,0,0
28068443,2017,0,0,1,0
28068442,2017,1,0,0,0
28068441,2017,0,0,1,0
28068440,2017,1,0,0,0
28060071,2017,0,0,1,0
28060063,2017,1,0,0,0
28060029,2017,1,0,0,0
28058160,2016,0,0,1,0
28051986,2017,0,1,0,0
28034710,2016,1,1,1,0
28031696,2016,1,0,0,0
28018671,2016,0,0,0,1
28009399,2016,1,0,0,0
28007122,2016,0,1,0,0
28007112,2016,1,0,0,0
28007105,2016,1,1,0,0
28007101,2016,0,0,1,0
28003982,2016,1,0,0,0
28003790,2016,1,0,0,0
28003777,2016,0,1,0,0
28003739,2016,1,0,0,0
27994803,2016,0,1,0,0
27994802,2016,1,1,0,0
27992482,2016,1,0,1,0
27990379,2016,0,0,1,0
27981059,2016,1,0,0,0
27975341,2016,1,0,1,0
27957338,2016,1,0,1,0
27956824,2016,0,1,0,0
27956311,2016,1,0,0,0
27956297,2016,1,0,0,0
27956284,2016,1,1,0,0
27956283,2016,0,1,0,0
27941045,2016,0,1,0,0
27938979,2016,1,0,0,0
27938971,2016,1,0,0,0
27938951,2016,1,1,0,0
27936474,2016,0,0,1,0
27936473,2016,0,0,1,0
27932862,2016,0,0,0,1
27930801,2016,1,0,0,0
27930800,2016,1,0,0,0
27930797,2016,0,0,1,0
27930794,2016,0,1,1,0
27930793,2016,0,1,0,0
27930792,2016,0,0,1,0
27930791,2016,1,0,0,0
27930768,2017,1,0,0,0
27920492,2016,1,0,0,0
27916313,2016,1,0,1,0
27911432,2016,1,0,0,0
27911101,2016,1,0,1,0
27910295,2016,1,0,0,0
27899387,2016,1,0,0,0
27899371,2016,0,0,0,1
27898450,2016,1,0,0,0
27898449,2016,0,0,0,1
27898448,2016,1,1,1,0
27893524,2017,0,1,1,0
27893094,2016,1,0,0,0
27893066,2017,1,0,0,0
27893063,2017,1,0,0,0
27884617,2016,0,1,0,0
27877015,2016,1,0,0,0
27865691,2016,1,1,0,0
27863469,2016,0,0,1,0
27853351,2016,1,1,0,0
27846894,2016,0,0,0,1
27846649,2016,1,0,1,0
27843292,2016,1,0,0,0
27843289,2016,1,0,0,0
27843230,2016,1,0,0,0
27839622,2016,1,0,0,0
27839596,2016,1,0,0,0
27839595,2016,1,0,0,0
27839594,2016,1,0,0,0
27835728,2016,1,0,0,0
27830202,2016,0,1,0,0
27830201,2016,1,0,1,0
27830200,2016,0,1,0,0
27824385,2016,0,1,0,0
27824384,2016,1,0,1,0
27824382,2016,0,0,1,0
27824376,2016,1,0,0,0
27824375,2016,1,0,0,0
27818792,2016,1,0,1,0
27811566,2017,0,1,0,0
27732879,2016,0,1,0,0
27803858,2016,1,1,0,0
27803856,2016,1,0,0,0
27800259,2016,0,1,1,0
27799731,2016,1,0,0,0
27466722,2016,1,0,0,0
27028185,2016,1,0,1,0
26657666,2016,1,1,0,0
27423631,2016,1,0,0,0
27739562,2016,1,0,0,0
27739560,2016,1,1,0,0
27469426,2016,1,0,0,0
27445075,2016,0,0,1,0
27784987,2016,1,0,0,0
27391537,2016,1,0,0,0
27777827,2016,0,0,1,0
27350387,2016,1,1,0,0
27775085,2016,0,0,1,0
27774802,2016,0,1,0,0
27767357,2016,0,0,0,1
27757993,2016,0,0,0,1
27757010,2016,1,1,1,0
27757009,2016,1,0,0,0
27751694,2016,1,1,0,0
27227481,2016,0,1,0,0
27130377,2016,0,1,1,0
27748658,2017,0,0,0,1
27617868,2016,1,0,0,0
27583801,2016,1,0,0,0
27467042,2016,1,1,0,0
27729752,2016,1,0,0,0
27722762,2016,1,0,1,0
27722761,2016,0,0,1,0
27722756,2016,1,0,1,0
27722755,2016,1,0,0,0
27722753,2016,1,0,0,0
27716112,2016,0,0,1,0
27713617,2016,1,0,0,0
27699605,2016,1,1,0,0
27697260,2016,1,0,1,0
27697248,2016,1,0,0,0
27697241,2016,0,0,1,0
27689082,2016,1,0,0,0
27686663,2016,0,0,0,1
27672447,2016,0,1,0,0
27668956,2016,0,1,0,0
27655417,2016,0,0,1,0
27655258,2016,0,0,1,0
27651001,2016,0,0,1,0
27647249,2016,1,0,1,0
27643602,2016,1,0,1,0
27631415,2017,1,0,0,0
27630372,2016,1,1,0,0
27628587,2016,0,0,1,0
27623389,2016,0,1,0,0
27621794,2016,1,0,0,0
27621782,2016,1,0,0,0
27621589,2016,1,0,0,0
27620918,2017,1,0,0,0
27602074,2016,1,0,0,0
27601880,2016,1,0,0,0
27601090,2016,0,1,1,0
27600891,2016,1,0,0,0
27598735,2016,0,0,1,0
27598734,2016,0,0,1,0
27598733,2016,0,1,0,0
27598731,2016,0,0,0,1
27598730,2016,0,1,1,0
27583797,2017,1,0,0,0
27580699,2016,0,0,1,0
27577086,2016,0,0,1,0
27563677,2016,0,0,0,1
27560032,2017,1,0,1,0
27549891,2016,0,0,0,1
27548888,2016,1,0,1,0
27543291,2016,0,0,1,0
27531300,2016,1,0,0,0
27531299,2016,0,1,0,0
27531296,2016,0,1,0,0
27531295,2016,1,1,0,0
27531294,2016,0,0,1,0
27531283,2016,1,0,0,0
27531111,2016,1,0,1,0
27531110,2016,1,0,0,0
27531109,2016,0,0,1,0
27531108,2016,0,0,0,1
27529906,2016,0,1,0,0
27518898,2016,1,0,0,0
27515941,2016,0,1,0,0
27513239,2016,1,0,0,0
27505318,2016,0,0,0,1
27505315,2016,0,1,0,0
27505312,2016,1,0,0,0
27505311,2016,1,0,0,0
27504514,2016,0,1,0,0
27502494,2016,0,1,0,0
27500109,2016,1,0,0,0
27498450,2016,1,0,0,0
27494682,2016,1,0,0,0
27492109,2016,1,0,1,0
27490052,2016,1,0,0,0
27478365,2016,1,0,0,0
27469194,2016,0,0,0,1
27467046,2016,1,0,0,0
27467038,2016,0,0,1,0
27462264,2016,1,0,0,0
27457241,2016,1,0,1,0
27456563,2016,1,1,0,0
27446606,2016,0,0,1,0
27430523,2016,1,0,0,0
27418804,2016,1,0,0,0
27418330,2016,1,0,1,0
27413492,2016,0,1,0,0
27413491,2016,0,1,0,0
27409470,2016,0,0,1,0
27400085,2016,0,1,0,0
27400084,2016,1,1,1,0
27400083,2016,0,1,1,0
27400079,2016,0,0,1,0
27400073,2016,0,0,1,0
27392604,2016,0,1,0,0
27373399,2016,0,1,0,0
27373397,2016,0,1,0,0
27373396,2016,0,1,0,0
27373395,2016,1,0,0,0
27367803,2016,1,0,1,0
27367533,2016,0,1,0,0
30070441,2016,1,1,0,0
27348719,2016,1,0,1,0
27341094,2016,0,1,0,0
27331149,2016,1,0,0,0
27315294,2016,1,0,0,0
27315288,2016,0,1,0,0
27313444,2016,1,1,0,0
27311271,2016,1,0,0,0
27304606,2016,0,1,0,0
27304601,2016,1,0,0,0
27304599,2016,1,0,0,0
27275436,2016,0,0,1,0
27267450,2016,1,1,0,0
27257731,2016,1,0,0,0
27257728,2016,1,0,1,0
27257609,2016,1,0,0,0
27255258,2016,0,0,1,0
27255248,2016,1,0,0,0
27255247,2016,0,1,0,0
27255246,2016,1,0,0,0
27243355,2017,1,1,0,0
27239597,2016,0,1,0,0
27239584,2015,0,1,0,0
27239583,2015,0,1,0,0
27239334,2016,0,0,1,0
27224070,2016,0,1,0,0
27220224,2016,0,0,1,0
27210519,2016,0,0,1,0
27208981,2016,1,0,0,0
27196994,2017,1,0,0,0
27191671,2016,0,1,0,0
27186081,2016,1,0,0,0
27183291,2016,1,1,1,0
27175371,2016,0,0,0,1
27175059,2016,0,0,0,1
27163621,2016,0,0,1,0
27163619,2016,1,0,0,0
27163615,2016,1,0,0,0
27163614,2016,0,0,0,1
27163613,2016,1,0,0,0
27162734,2016,1,0,0,0
27162732,2016,0,0,1,0
27162724,2016,0,0,1,0
27160843,2016,1,0,0,0
27158811,2016,1,0,0,0
27158808,2016,0,1,0,0
27158619,2016,1,0,0,0
27156103,2016,1,0,1,0
27152484,2016,1,0,0,0
27143849,2016,1,0,0,0
27143847,2016,1,0,0,0
27138639,2016,1,1,0,0
27138638,2016,1,1,0,0
27130976,2016,0,1,0,0
27124781,2016,0,1,0,0
27124776,2016,0,1,0,0
27116483,2016,1,0,0,0
27116482,2016,1,0,0,0
27113888,2016,0,0,1,0
27113883,2016,0,1,0,0
27099467,2016,0,1,0,0
27099464,2016,0,1,0,0
27099463,2016,1,1,0,0
27099459,2016,1,0,0,0
27096376,2016,1,0,0,0
27080489,2016,1,1,0,0
27079610,2016,1,0,0,0
27078188,2016,1,1,0,0
27070238,2016,0,1,1,0
27070234,2016,0,1,0,0
27070233,2016,1,0,1,0
27070229,2016,1,0,0,0
27070228,2016,1,0,0,0
27063542,2016,0,0,1,0
27063541,2016,0,1,1,0
27063531,2016,0,1,0,0
27063526,2016,1,0,0,0
27063525,2016,0,1,0,0
27063524,2016,1,0,0,0
27063522,2016,1,0,0,0
27063516,2016,1,0,0,0
27059801,2016,1,0,0,0
27051527,2016,0,0,0,1
27051256,2016,1,1,0,0
27050350,2016,0,1,0,0
27049689,2016,1,0,0,0
27044473,2016,0,0,1,0
27032022,2016,0,1,0,0
27031540,2016,1,0,1,0
27030438,2016,1,0,0,0
27027916,2016,0,0,1,0
27027625,2016,1,0,0,0
27027624,2016,0,1,0,0
27027623,2016,1,0,0,0
27026456,2016,1,0,0,0
27026452,2016,0,0,1,0
27026451,2016,0,1,0,0
27026449,2016,0,0,1,0
27026446,2016,1,1,0,0
27022380,2016,0,1,0,0
27022236,2016,1,0,0,0
27014386,2016,0,0,0,1
27012841,2016,0,1,0,0
27012690,2016,1,0,0,0
27006324,2016,1,1,0,0
27003814,2016,1,0,0,0
27000109,2016,1,0,0,0
26996546,2016,1,0,0,0
26995709,2016,1,1,0,0
26979117,2016,1,0,1,0
26978869,2015,0,1,0,0
26968722,2016,1,0,0,0
26967106,2016,1,1,0,0
26957851,2016,1,0,0,0
26950834,2016,1,0,0,0
26949354,2015,1,0,0,0
26949353,2015,0,1,0,0
26948792,2016,1,0,0,0
26948787,2016,1,0,0,0
26948786,2016,0,0,0,1
26948773,2016,1,0,0,0
26938343,2016,1,0,0,0
26938341,2016,1,0,0,0
26938340,2016,0,0,0,1
26938339,2016,1,0,0,0
26938338,2016,1,0,0,0
26938337,2016,1,0,0,0
26938336,2016,0,0,0,1
26937680,2016,0,0,1,0
26935202,2016,1,0,0,0
26909354,2016,0,1,0,0
26899224,2016,0,0,1,0
26899223,2016,0,0,0,1
26899220,2016,1,0,0,0
26899219,2016,0,0,1,0
26899218,2016,1,0,0,0
26899217,2016,0,0,1,0
26899216,2016,0,0,0,1
26899152,2016,0,1,0,0
26896122,2016,0,1,0,0
26896060,2016,0,0,0,1
26890667,2016,0,0,0,1
26890662,2016,1,0,1,0
26889153,2016,1,0,0,0
26881295,2016,1,0,0,0
26871764,2016,0,1,0,0
26870742,2016,1,1,0,0
26870114,2015,1,0,0,0
26868029,2016,0,0,1,0
26865052,2016,0,1,0,0
26864644,2016,1,0,0,0
26863612,2016,0,0,1,0
26863271,2016,0,1,1,0
26862244,2015,1,0,0,0
26859302,2016,1,0,0,0
26856434,2016,1,0,0,0
26856430,2016,1,0,0,0
26856429,2016,1,1,0,0
26856428,2016,0,0,0,1
26856423,2016,1,0,0,0
26852167,2016,1,0,1,0
26840597,2016,0,1,0,0
26840170,2016,1,0,0,0
26833247,2016,1,0,1,0
26826744,2016,0,0,0,1
26824754,2016,1,0,0,0
26817133,2015,1,0,0,0
26814286,2015,1,0,0,0
26812715,2016,1,0,0,0
26812710,2016,1,0,0,0
26812709,2016,1,0,0,0
26812708,2016,1,0,0,0
26807903,2016,1,0,0,0
26798507,2015,1,0,0,0
26796459,2015,1,0,0,0
26796454,2015,1,1,0,0
26796452,2015,1,0,0,0
26796448,2015,1,0,0,0
26796443,2015,1,1,0,0
26788024,2015,0,1,0,0
26777318,2016,0,0,0,1
26768916,2016,1,1,0,0
26764882,2016,0,0,1,0
26751996,2016,0,1,0,0
26746577,2016,0,0,1,0
29190059,2016,1,1,1,0
26711296,2015,1,0,0,0
26709983,2017,1,0,0,0
26709375,2015,1,0,1,0
26707444,2016,1,0,0,0
26707442,2016,1,0,0,0
26703523,2015,1,0,0,0
26703503,2015,0,0,1,0
26703502,2015,1,0,0,0
26703501,2015,1,1,0,0
26703500,2015,1,0,0,0
26703499,2015,0,1,1,0
26703498,2015,0,0,0,1
26703483,2015,0,0,0,1
26703302,2015,1,0,0,0
26703293,2015,1,1,0,0
26703292,2015,1,0,0,0
26703291,2015,0,1,0,0
26703289,2015,1,0,1,0
26693649,2015,0,0,1,0
26693347,2015,1,0,0,0
26692722,2015,0,1,0,0
26684046,2016,1,0,1,0
26683931,2015,0,1,0,0
26682569,2015,1,0,0,0
26682160,2015,0,1,0,0
26682153,2015,1,0,0,0
26677039,2015,0,1,0,0
26675407,2016,0,1,0,0
26669348,2015,1,0,0,0
26657665,2017,1,0,0,0
26655482,2016,0,1,0,0
26653732,2015,0,1,0,0
26653731,2015,1,0,1,0
26653724,2015,1,0,0,0
26653723,2015,0,1,1,0
33429679,2015,0,0,1,0
26649190,2015,1,0,1,0
26649018,2015,1,0,0,0
26626047,2015,1,0,0,0
26621902,2015,1,0,0,0
26613941,2015,1,0,1,0
26613089,2015,1,1,0,0
26610755,2015,0,0,1,0
26609219,2015,1,1,0,0
26605367,2015,1,0,1,0
26605365,2015,1,0,1,0
26605363,2015,0,0,0,1
26605362,2015,0,0,0,1
26605360,2015,0,0,0,1
26604052,2015,1,1,0,0
26603421,2015,1,0,0,0
26603420,2015,1,0,0,0
26603419,2015,1,0,0,0
26603418,2015,1,0,0,0
26603417,2015,1,0,0,0
26603416,2015,1,0,0,0
26603415,2015,1,0,0,0
26603414,2015,1,0,0,0
26603413,2015,1,0,0,0
26603410,2015,0,0,1,0
26603398,2015,0,0,0,1
26603397,2015,1,1,0,0
26603390,2015,0,0,0,1
26603389,2015,1,0,0,0
26603388,2015,1,0,0,0
26589231,2015,0,0,1,0
26558204,2015,0,1,0,0
26556008,2015,1,0,0,0
26554611,2015,1,0,1,0
26550981,2016,1,0,0,0
26549141,2015,1,0,0,0
26546564,2015,0,1,0,0
26544566,2015,0,0,1,0
26544565,2015,0,1,0,0
26544564,2015,0,1,0,0
26544563,2015,1,1,1,0
26544560,2015,0,0,1,0
26544559,2015,0,0,1,0
26528400,2015,1,0,0,0
26525345,2015,0,1,0,0
26516449,2015,1,0,0,0
26509761,2016,0,1,0,0
26509759,2016,0,1,0,0
26504595,2015,0,1,0,0
26499875,2015,1,0,1,0
26499330,2015,1,0,0,0
26492452,2015,1,0,0,0
26488625,2015,1,0,0,0
26488623,2015,0,1,0,0
26483975,2015,1,0,1,0
26483972,2015,0,0,0,1
26481062,2015,0,1,0,0
26477066,2015,1,0,0,0
26469078,2015,0,0,1,0
26469075,2015,1,0,0,0
26459996,2015,1,1,0,0
26452432,2015,1,0,0,0
26444906,2015,0,0,1,0
26432116,2015,1,0,0,0
26432115,2015,1,0,0,0
26432114,2015,1,0,0,0
26432113,2015,1,0,1,0
26426645,2015,1,0,0,0
29450310,2015,1,1,0,0
26418429,2015,0,0,1,0
26417926,2015,1,0,0,0
26415316,2015,0,1,0,0
26406080,2015,1,0,0,0
26405102,2015,0,0,0,1
26400154,2015,1,0,0,0
26390799,2015,0,0,1,0
26390348,2015,1,1,0,0
26379419,2015,0,1,0,0
26375342,2015,1,0,0,0
26375333,2015,1,1,0,0
26372786,2015,1,0,0,0
26368867,2015,0,0,1,0
26366293,2015,0,1,0,0
26359809,2015,1,0,0,0
26359339,2015,0,1,0,0
26356749,2015,0,1,0,0
26352793,2015,0,1,0,0
26352571,2015,0,1,0,0
26352570,2015,0,0,1,0
26352569,2015,1,0,0,0
26352568,2015,0,0,0,1
26352566,2015,1,0,0,0
26352565,2015,1,0,0,0
26352564,2015,1,0,1,0
26352563,2015,1,0,1,0
26352562,2015,0,0,1,0
26340340,2015,1,0,0,0
26327912,2015,0,1,0,0
26323191,2015,1,0,0,0
26310256,2015,0,0,1,0
26309880,2015,1,0,0,0
26309879,2015,1,0,0,0
26307330,2015,1,0,0,0
26289725,2015,0,1,0,0
26287909,2015,0,0,1,0
26287883,2015,0,1,0,0
26287882,2015,0,1,0,0
26287881,2015,1,0,0,0
26287878,2015,1,0,0,0
26287877,2015,1,0,0,0
26287724,2015,0,1,0,0
26287453,2015,0,1,0,0
26281814,2015,0,1,0,0
26273659,2015,1,0,1,0
26268642,2015,1,0,1,0
26268641,2015,1,0,0,0
26266431,2015,1,0,0,0
26266430,2015,0,0,1,0
26259635,2015,1,0,0,0
26253540,2015,1,0,0,0
26253460,2015,1,1,0,0
26248347,2015,1,0,0,0
26248346,2015,0,0,1,0
26229428,2015,0,0,1,0
26226476,2015,0,0,1,0
26226471,2015,0,1,1,0
26225777,2015,1,0,0,0
26222852,2015,1,0,0,0
26221538,2015,0,0,1,0
26220189,2015,1,0,0,0
26210054,2015,0,0,0,1
26210052,2015,1,0,0,0
26206791,2015,1,0,1,0
26203750,2015,0,0,0,1
26203219,2015,1,0,0,0
26199776,2015,1,0,0,0
26189402,2015,0,0,1,0
26189399,2015,0,0,0,1
26189383,2015,0,0,1,0
26189377,2015,1,0,0,0
26187142,2015,1,0,0,0
26186563,2015,0,1,0,0
26186562,2015,1,0,0,0
26167293,2015,1,0,0,0
26165793,2015,1,0,0,0
26156840,2015,1,0,0,0
26156299,2015,1,0,0,0
26154691,2015,1,0,0,0
26140460,2015,0,0,0,1
26135012,2015,0,1,0,0
29018680,2015,1,0,0,0
26124460,2015,1,0,0,0
26105540,2015,0,0,0,1
26101128,2015,0,1,0,0
26100961,2015,1,0,0,0
26098104,2015,0,1,0,0
26097749,2015,0,0,1,0
26096523,2015,1,1,0,0
26096522,2015,1,1,0,0
26095261,2015,0,1,0,0
26087672,2015,1,0,1,0
26086011,2015,0,1,0,0
26065356,2015,1,1,1,0
26060579,2015,1,0,0,0
26059895,2015,0,0,1,0
26058025,2015,0,1,0,0
26058023,2015,1,0,0,0
26058022,2015,1,1,1,0
26058021,2015,0,1,0,0
26058020,2015,1,0,0,0
26058019,2015,0,0,0,1
26049857,2015,1,0,0,0
26049856,2015,1,0,0,0
26049837,2015,0,0,1,0
26049836,2015,1,0,0,0
26049835,2015,1,1,0,0
26049834,2015,1,0,0,0
26049833,2015,1,0,0,0
26047173,2015,0,0,1,0
26046709,2015,1,1,0,0
26046708,2015,1,0,0,0
26046707,2015,0,1,0,0
26046704,2015,1,0,0,0
26046703,2015,1,0,1,0
26040181,2015,1,1,0,0
26028949,2015,0,0,0,1
26025425,2015,1,0,0,0
26020826,2015,0,0,1,0
26020821,2015,1,0,0,0
26011971,2014,0,1,0,0
26011954,2014,0,1,0,0
26005545,2015,0,0,0,1
25994984,2015,1,0,0,0
25992866,2015,0,1,0,0
25985886,2015,1,0,0,0
25982158,2015,1,1,0,0
25976638,2015,0,1,0,0
25974975,2015,1,0,0,0
25974972,2015,1,0,0,0
25974971,2015,1,0,0,0
25974970,2015,1,0,0,0
25970433,2015,1,0,0,0
25969687,2015,0,1,0,0
25966249,2015,0,1,0,0
25959784,2015,1,0,0,0
25954511,2015,1,0,0,0
25953471,2015,0,0,1,0
25953470,2015,0,0,1,0
25951479,2015,1,0,0,0
25949084,2015,0,1,0,0
25947557,2015,1,0,0,0
25941959,2015,0,1,0,0
25938492,2015,1,0,0,0
25938004,2015,1,0,0,0
25935340,2015,1,0,0,0
25935339,2015,1,0,0,0
25931809,2015,0,1,0,0
25920621,2015,0,0,1,0
25920105,2015,1,0,0,0
25910743,2015,1,0,0,0
25896684,2015,1,0,0,0
25890919,2015,0,1,0,0
25886489,2015,1,1,0,0
25884584,2015,1,0,0,0
25884583,2015,1,0,1,0
25884581,2015,1,0,0,0
25884506,2015,0,0,0,1
25881684,2015,1,0,0,0
25877711,2015,0,1,0,0
25877710,2015,0,1,0,0
25877709,2015,1,0,0,0
25875476,2015,1,0,0,0
25874145,2015,1,0,0,0
25871871,2015,1,0,0,0
25870865,2015,0,1,0,0
25868758,2015,1,0,0,0
25865651,2015,1,1,0,0
25855501,2015,0,0,1,0
25853948,2015,1,1,0,0
25853655,2015,1,1,0,0
25849381,2015,0,0,1,0
25843674,2015,0,1,0,0
25842151,2015,1,0,0,0
25840319,2015,0,0,1,0
25840308,2015,0,1,0,0
25840299,2015,0,1,0,0
25840298,2015,1,0,0,0
25839343,2015,0,1,0,0
25830759,2015,1,0,0,0
25828539,2015,1,0,0,0
25827548,2015,0,1,0,0
25824826,2015,0,1,0,0
25817948,2015,1,0,0,0
25811718,2015,0,0,1,0
25807232,2015,1,0,0,0
25804597,2015,0,1,0,0
25804596,2015,0,1,0,0
25804595,2015,0,1,0,0
25804594,2015,0,1,0,0
25804593,2015,0,1,0,0
25804592,2015,0,1,0,0
25804591,2015,0,1,0,0
25804590,2015,0,1,0,0
25804589,2015,0,1,0,0
25804588,2015,0,1,0,0
25804585,2015,1,0,1,0
25804583,2015,0,0,1,0
25795914,2015,1,0,0,0
25795477,2015,0,1,0,0
25793238,2015,1,0,0,0
25793237,2015,1,0,0,0
25785529,2015,1,0,0,0
25782402,2015,1,1,0,0
25766733,2015,1,1,0,0
25763261,2014,0,0,0,1
25760913,2015,0,1,0,0
25754008,2015,1,0,0,0
25751843,2015,1,0,0,0
25751842,2015,1,0,1,0
25751841,2015,0,1,0,0
25751833,2015,1,0,0,0
25751832,2015,1,0,0,0
25750516,2015,1,0,0,0
25747651,2015,0,1,0,0
25747165,2015,0,0,0,1
25747164,2015,0,0,1,0
25746152,2015,1,0,0,0
25744332,2015,0,0,1,0
25742387,2015,0,0,1,0
25741883,2015,1,1,0,0
25735050,2015,1,0,0,0
25735049,2015,1,0,0,0
25735048,2015,1,0,0,0
25735043,2015,0,0,1,0
25727604,2015,1,1,0,0
25727603,2015,1,1,0,0
25724477,2015,1,1,1,0
25711064,2014,1,0,0,0
25709767,2014,1,0,0,0
25709393,2015,1,0,0,0
25709385,2015,1,0,0,0
25709270,2015,0,1,0,0
25707929,2015,0,1,0,0
25703372,2015,1,0,1,0
25701484,2015,1,1,0,0
25692489,2015,1,0,0,0
25681001,2015,1,0,0,0
25678767,2015,0,1,0,0
25677294,2015,1,0,0,0
25668710,2015,0,0,0,1
25667649,2015,1,0,0,0
25666571,2015,1,0,0,0
25663845,2014,1,1,0,0
25661134,2015,1,0,1,0
25661128,2015,1,0,0,0
25661127,2015,1,0,0,0
25661126,2015,1,0,0,0
25661123,2015,1,0,0,0
25651497,2015,1,0,0,0
25651495,2015,1,0,0,0
25649638,2014,0,1,0,0
25649615,2015,0,1,0,0
25646067,2015,0,1,0,0
25630007,2015,1,1,0,0
25624684,2015,1,0,0,0
25618419,2015,0,0,1,0
25613944,2015,0,0,0,1
25611183,2015,0,1,0,0
25609912,2015,1,0,0,0
25603437,2015,0,1,0,0
25603229,2015,1,0,0,0
25599543,2015,1,0,0,0
25599540,2015,1,0,0,0
25599539,2015,0,0,1,0
25599538,2015,0,1,1,0
25588591,2014,1,0,0,0
25582070,2015,1,1,0,0
25567376,2015,1,1,0,0
25566065,2014,1,0,0,0
25565766,2014,1,1,0,0
25564642,2015,1,0,0,0
25558174,2014,0,1,0,0
25555532,2014,1,1,0,0
25555173,2015,0,1,0,0
25554500,2014,0,1,0,0
27800501,2015,1,1,0,0
25551164,2014,1,0,0,0
25551163,2014,1,0,0,0
25550989,2014,1,0,0,0
25542556,2015,1,0,0,0
25542555,2015,1,0,0,0
25537686,2014,1,1,0,0
25533558,2014,0,0,1,0
25532664,2015,0,1,0,0
25532662,2015,0,1,0,0
25532642,2015,1,0,0,0
25514703,2015,0,1,0,0
25514702,2015,1,0,0,0
25506449,2014,1,1,0,0
25503905,2015,1,0,0,0
25503904,2015,1,0,0,0
25497617,2014,1,0,0,0
25488641,2015,0,1,0,0
25488640,2015,0,1,0,0
25487425,2014,1,1,0,0
25487424,2014,1,0,0,0
25477952,2014,0,0,0,1
25473264,2014,1,0,0,0
25473256,2014,0,1,0,0
25467133,2014,0,1,0,0
25465694,2014,1,0,0,0
25465693,2014,1,0,0,0
25465685,2014,1,1,1,0
25465684,2014,1,0,0,0
25465218,2014,1,0,0,0
25465210,2014,1,0,0,0
25461261,2014,0,1,0,0
25458707,2014,1,0,1,0
25457711,2014,1,0,0,0
25457710,2014,1,0,0,0
25457709,2014,1,0,0,0
25457707,2014,1,0,0,0
25457380,2014,1,0,0,0
25455559,2014,1,0,0,0
25447196,2014,1,0,0,0
25444646,2014,0,1,0,0
25444636,2014,1,1,0,0
25444348,2014,1,0,0,0
25442902,2014,1,0,0,0
25442901,2014,1,0,0,0
25442883,2014,0,0,0,1
25442882,2014,1,1,0,0
25437487,2014,1,0,0,0
25437481,2014,1,0,0,0
25437479,2014,1,0,1,0
25437478,2014,1,0,1,0
25437477,2014,1,0,0,0
25437476,2014,1,0,0,0
25436451,2014,1,0,1,0
25420001,2014,1,0,0,0
25419115,2014,1,0,0,0
25405804,2014,0,0,0,1
25402842,2014,0,0,0,1
25397926,2015,0,0,1,0
25397924,2015,1,1,0,0
25397788,2014,0,1,0,0
25380555,2014,1,1,0,0
25375851,2014,1,0,0,0
25357081,2015,1,0,0,0
25354821,2014,1,0,0,0
25349796,2014,0,1,0,0
25343698,2014,0,0,1,0
25334042,2014,0,1,0,0
25333239,2014,1,1,0,0
25325898,2014,0,1,0,0
25325897,2014,1,1,0,0
25325896,2014,1,1,0,0
25325862,2014,1,0,0,0
25325861,2014,1,0,0,0
25325206,2014,1,0,0,0
25321951,2015,0,1,0,0
25321938,2014,0,1,0,0
25321937,2014,1,0,0,0
25321444,2015,1,0,0,0
25316247,2014,1,0,0,0
25312665,2014,1,0,0,0
25311411,2014,1,0,0,0
25309907,2014,0,0,1,0
25308112,2014,1,0,1,0
25307289,2014,1,1,0,0
25305150,2014,1,1,0,0
25302580,2014,0,1,0,0
25300123,2014,1,0,0,0
25295910,2014,1,0,0,0
25295902,2014,1,1,0,0
25291754,2014,1,0,1,0
25291753,2014,0,0,0,1
25291752,2014,0,1,0,0
25291751,2014,1,0,1,0
25289720,2014,0,0,0,1
25284975,2014,1,0,0,0
25280533,2014,0,0,1,0
25278800,2013,1,1,0,0
25276076,2014,1,0,0,0
25272083,2014,0,0,1,0
25263044,2014,1,1,0,0
25263042,2014,0,1,0,0
25262053,2014,1,0,0,0
25261393,2014,1,0,0,0
25259759,2014,1,0,0,0
25255834,2014,1,0,0,0
25250420,2014,1,0,0,0
25250419,2014,1,0,0,0
25250416,2014,1,0,0,0
25250415,2014,1,0,1,0
25230081,2015,0,1,0,0
25230078,2015,1,0,0,0
27843416,2014,1,0,0,0
25217073,2014,0,1,0,0
25211490,2014,1,0,1,0
25208349,2014,1,0,1,0
25198157,2014,1,1,0,0
25190533,2014,1,1,0,0
25189682,2014,0,1,0,0
25185255,2014,0,0,0,1
25178805,2014,1,0,0,0
25176071,2014,1,0,0,0
25176050,2014,0,1,0,0
25176049,2014,1,0,0,0
25171668,2014,0,1,0,0
25170582,2014,1,0,0,0
25170578,2014,0,1,0,0
25161934,2014,1,0,0,0
25151176,2014,0,1,0,0
25150049,2014,1,0,0,0
25149555,2014,1,1,0,0
25146992,2014,1,0,0,0
25136609,2014,0,0,0,1
25135560,2014,1,0,0,0
25135559,2014,1,0,0,0
25135558,2014,1,0,0,0
25135557,2014,1,0,0,0
25135556,2014,1,0,0,0
25135555,2014,1,0,0,0
25135554,2014,1,0,0,0
25135535,2014,0,1,0,0
25135534,2014,0,1,0,0
25135533,2014,0,0,1,0
25135532,2014,0,0,1,0
25135527,2014,0,0,1,0
25132409,2014,1,1,0,0
25130067,2014,1,0,0,0
25129535,2014,1,0,0,0
25127929,2014,0,0,0,1
25127189,2014,1,0,0,0
25122544,2014,0,0,0,1
25121508,2014,0,0,1,0
25120924,2014,0,1,0,0
25120336,2014,0,1,0,0
25116788,2014,1,0,0,0
25104416,2014,1,0,0,0
25100905,2014,1,0,0,0
25097457,2014,1,0,0,0
25090163,2014,1,0,0,0
25087646,2014,1,1,0,0
25084539,2014,1,0,0,0
25081522,2014,0,1,0,0
25078253,2014,1,1,0,0
25076479,2014,1,0,0,0
25076475,2014,1,0,0,0
25075806,2014,0,0,0,1
25075805,2014,1,1,0,0
25072409,2014,0,1,0,0
25062131,2014,0,1,0,0
25061267,2014,1,1,0,0
25057528,2014,1,0,0,0
25054144,2014,0,1,0,0
25051681,2014,0,1,0,0
25045743,2014,0,1,0,0
25043790,2014,0,1,1,0
25043677,2014,0,1,0,0
25036805,2014,1,0,1,0
25029377,2014,0,1,0,0
25019353,2014,1,0,0,0
25016655,2014,1,0,0,0
25014146,2014,1,1,0,0
25002971,2014,1,0,0,0
25000869,2014,1,0,0,0
24994125,2014,1,0,0,0
24993326,2014,0,1,0,0
24990872,2014,0,1,0,0
24983830,2014,1,0,0,0
24983828,2014,1,0,0,0
24982743,2014,1,0,0,0
24982727,2014,0,1,0,0
24980419,2014,0,1,0,0
24977054,2014,1,1,0,0
24973609,2014,0,1,0,0
24972410,2014,0,1,1,0
24972405,2014,0,0,1,0
24972404,2014,0,1,0,0
24971989,2014,1,0,0,0
24971495,2014,0,0,0,1
24968759,2014,0,1,0,0
24967190,2014,1,0,0,0
24966665,2014,1,0,0,0
24961087,2013,0,1,0,0
24957454,2014,1,0,0,0
24957444,2014,1,0,0,0
24957434,2014,1,0,0,0
24957433,2014,1,1,0,0
24942120,2014,0,0,1,0
24942119,2014,1,0,0,0
24940043,2014,1,0,0,0
24938366,2014,0,1,0,0
24937100,2014,0,0,0,1
24931147,2014,0,0,0,1
24926349,2014,0,1,0,0
24914779,2014,0,1,0,0
24904933,2014,1,1,1,0
24901422,2014,1,0,0,0
24894545,2014,1,1,0,0
24893359,2014,0,1,0,0
24893357,2014,1,0,0,0
24893355,2014,1,0,1,0
24893354,2014,0,0,1,0
24891945,2014,0,0,0,1
24890172,2014,1,1,0,0
24890087,2014,1,1,0,0
24884873,2014,0,0,1,0
24882962,2014,0,1,0,0
24881619,2014,0,1,0,0
24878307,2014,0,1,0,0
24877554,2014,1,0,0,0
24876282,2014,1,0,0,0
24875351,2014,1,0,0,0
24874770,2014,1,0,0,0
24874768,2014,0,0,0,1
24868564,2014,0,1,0,0
24868456,2014,0,1,0,0
24865172,2014,1,0,1,0
24865171,2014,1,0,0,0
24862302,2014,1,0,1,0
24858017,2014,1,0,0,0
24857455,2014,1,1,0,0
24857451,2014,1,0,0,0
24857450,2014,1,0,0,0
24857449,2014,1,0,0,0
24857448,2014,1,0,0,0
24857447,2014,1,0,0,0
24857446,2014,1,0,0,0
24857445,2014,1,0,0,0
24857444,2014,1,0,0,0
24857441,2014,1,0,0,0
24857440,2014,1,0,1,0
24857438,2014,0,1,0,0
24857434,2014,1,0,0,0
24853261,2014,1,0,0,0
24852149,2014,1,1,0,0
24849701,2014,1,1,0,0
24847258,2014,1,0,0,0
24845636,2014,0,0,1,0
24840663,2014,0,0,0,1
24837579,2014,1,0,0,0
24837577,2014,1,1,0,0
24837576,2014,1,1,0,0
24830371,2014,0,0,0,1
24807066,2014,0,0,1,0
24803178,2014,0,0,0,1
24801511,2014,1,0,0,0
24799799,2014,1,0,0,0
24792107,2014,1,0,0,0
24790869,2014,1,0,0,0
24788604,2014,0,1,0,0
24771160,2014,0,1,0,0
24771152,2014,1,0,0,0
24767918,2014,1,1,0,0
24767912,2014,1,0,0,0
24764066,2014,1,0,0,0
24763726,2014,0,0,0,1
24763723,2014,1,0,1,0
24763720,2014,1,0,0,0
24763480,2014,1,0,0,0
24763477,2014,1,1,0,0
24763476,2014,1,0,0,0
24763475,2014,0,0,1,0
24763474,2014,1,0,1,0
24763473,2014,0,0,0,1
24761291,2014,0,1,0,0
24757560,2014,1,0,0,0
24751146,2014,1,0,1,0
24746381,2014,0,0,1,0
24735774,2014,1,0,0,0
24734168,2014,1,0,1,0
24729818,2014,0,1,0,0
24727635,2014,1,0,0,0
24727263,2014,1,0,0,0
24726160,2014,1,1,0,0
24726159,2014,0,1,0,0
24716827,2014,0,0,0,1
24709133,2014,0,1,0,0
24709130,2014,1,0,0,0
24707568,2014,1,0,0,0
24706349,2014,0,1,0,0
24702582,2014,0,1,0,0
24702579,2014,0,1,0,0
24702578,2014,0,1,0,0
24702577,2014,0,1,0,0
24702576,2014,1,0,1,0
24702575,2014,0,0,1,0
24699565,2014,1,0,0,0
24699561,2014,1,1,0,0
24698652,2014,0,1,0,0
24688261,2014,1,0,0,0
24684074,2014,0,1,0,0
24682177,2014,0,0,0,1
24679983,2014,0,0,1,0
24679443,2014,1,1,0,0
24669152,2014,0,1,0,0
24669144,2014,1,0,0,0
24669141,2014,0,0,0,1
24667038,2014,1,0,0,0
24650561,2014,0,1,0,0
24647595,2014,0,0,1,0
24637269,2014,1,0,0,0
24636364,2014,1,1,1,0
24622298,2014,1,0,0,0
24582892,2014,0,1,0,0
24581997,2014,0,1,0,0
24581785,2014,0,1,0,0
24581784,2014,0,1,0,0
24581783,2014,0,1,0,0
24581782,2014,0,1,0,0
24581781,2014,0,1,0,0
24581780,2014,0,1,0,0
24581779,2014,0,1,0,0
24581778,2014,0,1,0,0
24581777,2014,0,1,0,0
24581776,2014,0,1,0,0
24581774,2014,0,0,0,1
24581773,2014,1,0,0,0
24581772,2014,1,1,0,0
24581770,2014,1,1,0,0
24581738,2014,0,1,0,0
24576651,2014,1,0,0,0
24576650,2014,1,0,0,0
24569584,2014,1,0,1,0
24568721,2014,1,1,0,0
24563788,2013,1,0,0,0
24562871,2014,1,0,0,0
24562594,2014,1,0,0,0
24560995,2014,1,0,0,0
24559515,2014,0,0,0,1
24557775,2014,0,0,0,1
24555132,2013,1,1,0,0
24531872,2014,1,0,0,0
24531652,2014,1,0,0,0
24528935,2013,1,0,0,0
24513095,2014,1,0,0,0
24512995,2013,0,0,0,1
24510078,2013,0,0,0,1
24510077,2013,1,0,0,0
24509548,2014,1,0,0,0
24509547,2014,1,0,0,0
24506495,2014,0,1,0,0
24506334,2014,0,0,0,1
24492495,2014,1,0,0,0
24492239,2014,0,0,0,1
24485860,2014,1,0,0,0
24482812,2013,1,0,0,0
24480564,2014,1,0,1,0
24479255,2014,0,1,0,0
24473224,2014,0,1,0,0
24462678,2014,0,0,0,1
24461499,2014,1,0,0,0
24461333,2014,1,0,0,0
24461264,2014,1,0,0,0
24452208,2014,0,1,0,0
24447397,2014,0,0,0,1
24445891,2014,1,1,0,0
24439438,2013,1,1,0,0
24439045,2013,1,0,0,0
24413275,2014,0,1,0,0
24404610,2013,1,0,0,0
24402989,2014,1,1,0,0
24401036,2014,0,1,0,0
24393469,2014,1,0,0,0
24389671,2014,1,0,0,0
24388054,2013,0,0,0,1
24386792,2013,1,0,0,0
26605356,2014,0,0,0,1
26605352,2014,0,0,0,1
26605350,2014,1,0,1,0
26605349,2014,1,1,0,0
24379548,2013,1,1,0,0
24373615,2013,1,0,0,0
24373376,2013,1,1,0,0
24373375,2013,1,1,0,0
24369689,2014,1,0,0,0
24368878,2013,1,0,0,0
24365175,2013,0,1,1,0
24363553,2013,1,0,0,0
24360499,2013,1,0,0,0
24353401,2013,1,0,0,0
24349429,2013,1,0,1,0
24349069,2013,1,0,1,0
24345530,2013,1,0,0,0
24343601,2013,1,0,0,0
24333012,2013,1,0,0,0
24327283,2013,1,0,0,0
24326331,2014,0,1,0,0
24322808,2014,0,1,0,0
24321470,2013,1,1,0,0
24303054,2013,0,0,0,1
24296958,2014,1,0,0,0
24286849,2013,1,0,0,0
24286848,2013,1,0,0,0
24286847,2013,1,0,0,0
24286846,2013,1,0,0,0
24286845,2013,1,0,0,0
24286844,2013,1,0,0,0
24286843,2013,1,0,0,0
24286842,2013,1,0,0,0
24280774,2013,0,1,0,0
24270636,2014,1,0,0,0
24269455,2013,1,0,0,0
24269442,2013,1,0,0,0
24267517,2013,1,0,0,0
24257262,2013,0,0,0,1
24256573,2013,1,0,0,0
24246810,2013,1,0,0,0
24243477,2013,1,0,0,0
24243476,2013,1,0,0,0
24232944,2013,1,1,0,0
24232938,2013,1,1,0,0
24232315,2013,1,0,0,0
24227974,2013,1,0,0,0
24227967,2012,0,1,0,0
24227802,2013,1,0,1,0
24222809,2013,0,1,0,0
24222271,2013,1,0,0,0
24218039,2013,1,1,0,0
24211688,2013,1,0,0,0
24204971,2013,1,0,1,0
24203809,2013,0,0,1,0
24203804,2013,1,0,0,0
24202704,2013,1,1,0,0
24202703,2013,1,0,0,0
24195040,2013,1,0,0,0
24195035,2013,1,0,0,0
24187054,2013,1,0,0,0
24185613,2013,0,1,0,0
24183339,2013,1,1,0,0
24178402,2013,0,1,0,0
24172548,2013,0,1,0,0
24170519,2013,0,0,0,1
24168991,2013,1,0,0,0
24168790,2013,0,0,0,1
24168789,2013,1,0,0,0
24168787,2013,0,0,1,0
24167834,2013,1,0,0,0
24167323,2013,0,0,0,1
24163676,2013,1,0,0,0
24160728,2013,1,1,0,0
24160403,2013,1,0,0,0
24160402,2013,1,0,0,0
24160401,2013,1,0,0,0
24160400,2013,1,0,0,0
24160386,2013,1,0,0,0
24160380,2013,0,0,0,1
24158841,2013,0,0,0,1
24147767,2013,1,0,0,0
24146917,2013,0,0,1,0
24145900,2013,1,0,0,0
24145634,2013,1,0,0,0
24145571,2014,0,1,0,0
24141143,2013,1,0,0,0
24128385,2013,1,1,0,0
24119137,2013,1,0,0,0
24112634,2013,0,0,1,0
24109174,2013,1,0,0,0
24109172,2013,0,1,0,0
24109171,2013,1,0,0,0
24109170,2013,0,1,0,0
24106124,2013,0,1,0,0
24099275,2013,1,1,0,0
24094311,2013,1,1,0,0
24094309,2013,1,0,0,0
24088061,2013,1,0,0,0
24088060,2013,1,0,0,0
25606327,2013,0,0,0,1
24075431,2013,0,1,0,0
24075180,2013,1,0,0,0
24075178,2013,1,0,0,0
24075177,2013,1,0,0,0
24075176,2013,1,0,0,0
24068438,2013,1,0,0,0
24065814,2013,0,0,0,1
24064524,2013,1,0,0,0
24063345,2013,1,0,0,0
24057938,2013,1,0,0,0
24057937,2013,0,0,0,1
24054977,2013,1,0,0,0
24053896,2013,1,0,0,0
24053893,2013,1,0,0,0
24045833,2014,1,0,0,0
24043925,2013,1,0,0,0
24029942,2013,0,0,0,1
24026987,2013,0,1,0,0
24024483,2013,1,1,0,0
24021565,2013,1,0,0,0
24021182,2013,1,0,0,0
24014988,2013,1,0,0,0
23991761,2013,1,0,0,0
26107036,2013,1,1,1,0
23991386,2013,1,0,0,0
23988256,2013,1,0,0,0
23988254,2013,1,0,0,0
23988245,2013,1,0,0,0
23982213,2013,1,0,0,0
23980708,2013,1,0,0,0
23974888,2013,1,0,0,0
23974887,2013,0,1,0,0
23973214,2013,0,0,0,1
23964184,2012,1,1,0,0
23952843,2013,1,0,0,0
23952080,2013,0,1,0,0
23942970,2013,0,0,0,1
23940641,2013,0,0,0,1
23940547,2013,0,0,1,0
23939296,2013,1,0,1,0
23938095,2013,1,0,1,0
23929514,2013,1,0,0,0
23929084,2013,1,0,0,0
23925340,2013,0,0,0,1
23925335,2013,0,0,0,1
23925331,2013,1,0,0,0
23925330,2013,1,0,0,0
23925317,2013,0,1,0,0
23912969,2013,1,0,0,0
23912691,2013,1,0,0,0
23909781,2013,1,0,0,0
23909780,2013,1,0,0,0
23909779,2013,1,1,0,0
23909778,2013,1,0,0,0
23909777,2013,1,0,0,0
23908570,2013,1,1,0,0
23901874,2013,1,1,0,0
23901251,2013,0,0,0,1
23900092,2013,1,1,0,0
23900091,2013,1,0,0,0
23900090,2013,1,1,0,0
23900089,2013,1,0,0,0
23900088,2013,1,0,0,0
23900087,2013,0,0,1,0
23900086,2013,0,0,1,0
23900085,2013,0,0,0,1
23898948,2013,1,0,0,0
23889878,2013,1,0,0,0
23889877,2013,1,0,0,0
23889869,2013,1,0,0,0
23889865,2013,1,1,0,0
23886364,2012,0,0,0,1
23882746,2013,0,1,0,0
23874077,2013,1,0,0,0
23872862,2013,0,1,0,0
23872360,2013,0,1,0,0
23871556,2013,0,0,0,1
23871113,2013,0,1,0,0
23870369,2013,1,0,0,0
23870368,2013,1,0,0,0
23868667,2013,1,1,0,0
23868666,2013,1,0,0,0
23866707,2013,1,0,0,0
23863355,2013,1,1,0,0
23860012,2013,1,1,0,0
23860011,2013,1,0,0,0
23843477,2013,1,0,0,0
23841585,2013,1,0,0,0
23840997,2013,1,0,0,0
23837250,2013,1,1,0,0
23836954,2013,0,1,0,0
23830802,2013,1,0,1,0
23830559,2013,0,1,0,0
23828812,2013,1,0,0,0
23826534,2013,1,0,0,0
23826533,2013,0,1,0,0
23826532,2013,1,0,0,0
23826524,2013,1,1,0,0
23826194,2013,1,0,1,0
23823815,2013,1,0,0,0
23820304,2013,1,0,0,0
23820234,2013,1,0,0,0
23820233,2013,1,0,1,0
23820231,2013,1,1,0,0
23820229,2013,1,0,0,0
23820228,2013,1,0,0,0
23820227,2013,1,1,1,0
23813344,2013,1,1,0,0
23812524,2013,1,1,0,0
23809958,2013,1,0,0,0
23809957,2013,1,0,0,0
23809956,2013,1,0,0,0
23809955,2013,1,0,0,0
23809954,2013,1,0,0,0
23809953,2013,1,0,0,0
23809952,2013,1,0,0,0
23809951,2013,1,0,0,0
23809950,2013,1,0,0,0
23809945,2013,1,0,0,0
23807835,2013,1,0,0,0
23807830,2013,1,0,0,0
23807345,2015,1,0,0,0
23807006,2013,0,1,0,0
23799932,2013,0,0,0,1
23799795,2013,1,0,0,0
23799794,2013,1,0,0,0
23799124,2013,0,0,0,1
23799103,2013,0,1,0,0
23797895,2013,1,0,0,0
23796622,2013,1,0,0,0
23794955,2013,1,0,0,0
23794429,2013,0,0,0,1
23793872,2013,1,0,1,0
23792364,2013,1,1,0,0
23791965,2013,0,1,0,0
23787452,2013,1,0,0,0
23787246,2013,1,1,0,0
23786377,2013,1,0,0,0
23778879,2013,1,0,0,0
23778091,2013,1,0,0,0
23777237,2013,1,0,0,0
23776949,2012,1,0,0,0
23772134,2013,1,0,0,0
23769199,2013,1,0,0,0
23766626,2013,1,0,1,0
23757512,2013,0,0,0,1
23749287,2013,1,1,0,0
23747205,2013,1,0,0,0
23743872,2013,1,0,0,0
23739830,2013,0,1,0,0
23736897,2013,1,1,0,0
23731790,2013,1,0,0,0
23723683,2013,1,0,1,0
23714604,2013,0,1,0,0
23711874,2013,1,0,0,0
23706698,2013,1,1,0,0
23703704,2013,0,0,0,1
23696606,2013,0,1,0,0
23695844,2013,0,0,0,1
23691390,2013,0,1,0,0
23691389,2013,1,0,0,0
23688978,2013,1,1,0,0
23688884,2013,1,0,0,0
23688883,2013,0,0,1,0
23688879,2013,1,0,0,0
23688876,2013,1,0,0,0
23688875,2013,0,1,0,0
23680761,2013,0,0,0,1
23680760,2013,0,0,0,1
23680633,2013,0,0,0,1
23680632,2013,1,0,0,0
23680630,2013,1,0,0,0
23680627,2013,1,0,0,0
23673430,2013,1,1,0,0
23665647,2013,0,1,0,0
23665645,2013,1,0,0,0
23665526,2013,0,1,0,0
23664357,2013,1,0,0,0
23661098,2013,0,0,0,1
23659230,2013,1,0,0,0
23659229,2013,0,1,0,0
23659228,2013,1,1,0,0
23657729,2013,1,0,0,0
23656608,2013,1,1,0,0
23652467,2013,1,1,0,0
23650559,2013,1,0,0,0
23638845,2013,1,0,0,0
23629773,2013,1,0,0,0
23629772,2013,1,0,0,0
23621675,2013,0,1,0,0
23620658,2013,1,0,0,0
23619500,2014,0,0,0,1
23615273,2013,1,0,0,0
23608589,2013,0,1,0,0
23608569,2013,1,0,1,0
23608568,2013,1,0,0,0
23607667,2013,0,0,0,1
23605593,2013,1,0,0,0
23603760,2013,0,1,0,0
23595375,2013,1,1,0,0
23584656,2013,1,0,0,0
23584043,2013,1,0,0,0
23582990,2013,1,1,0,0
23580024,2013,1,0,0,0
23576861,2013,1,0,0,0
23576858,2013,1,0,0,0
23568270,2013,1,0,0,0
23568141,2013,0,1,0,0
23564609,2013,0,0,0,1
23557228,2013,1,0,0,0
23557224,2013,0,1,0,0
23557221,2013,0,0,1,0
23557219,2013,1,0,0,0
23543818,2013,1,1,0,0
23543763,2013,0,1,0,0
25390813,2013,1,0,0,0
23538615,2013,1,0,0,0
23538062,2013,0,0,0,1
23537398,2013,1,0,0,0
23536420,2013,1,0,0,0
23535381,2013,1,0,0,0
23532614,2013,0,0,0,1
23532327,2013,0,1,0,0
23522992,2013,0,1,0,0
23521037,2013,0,1,0,0
23521033,2013,0,1,0,0
23514571,2013,0,1,0,0
23508754,2013,1,0,0,0
23506938,2013,1,0,0,0
23506937,2013,1,0,0,0
23506924,2013,1,0,0,0
23506918,2013,1,0,0,0
23496655,2013,1,1,0,0
23496021,2013,1,0,0,0
23496019,2013,1,0,0,0
23489917,2013,1,0,0,0
23482859,2012,0,0,0,1
23480891,2013,0,1,0,0
23479805,2013,1,0,0,0
23478630,2013,0,0,0,1
23470593,2013,0,0,0,1
23465330,2013,1,1,0,0
23459015,2013,1,0,0,0
23449513,2013,0,1,0,0
23447899,2012,1,1,0,0
23447898,2012,1,0,0,0
23447897,2012,1,0,0,0
23447895,2012,1,0,0,0
23447894,2012,1,0,0,0
23447893,2012,1,0,0,0
23446019,2013,1,0,0,0
23446014,2013,0,0,0,1
23446013,2013,0,0,0,1
23440799,2013,1,1,0,0
23440250,2013,1,0,0,0
23435799,2013,1,1,0,0
23431734,2012,0,0,0,1
23417340,2013,1,1,0,0
23415780,2013,1,0,0,0
23415779,2013,1,1,0,0
23413236,2013,1,0,0,0
23407322,2013,1,1,0,0
23405038,2013,0,0,0,1
23394913,2013,1,0,0,0
23389552,2013,1,0,1,0
23389122,2013,0,0,0,1
23388055,2013,0,1,0,0
23380607,2012,0,0,0,1
23380409,2013,1,0,0,0
23380406,2013,1,0,0,0
23380405,2013,0,1,0,0
23375692,2013,1,0,0,0
23374574,2013,0,1,0,0
23374573,2013,0,1,0,0
23356820,2012,0,0,0,1
23355771,2013,1,0,0,0
23355587,2013,1,1,0,0
23352500,2013,1,0,0,0
23347366,2012,1,0,0,0
23345963,2013,1,1,0,0
23340382,2013,1,0,0,0
23338530,2013,1,0,0,0
23332254,2013,0,0,0,1
23332251,2013,1,0,0,0
23332117,2013,1,0,0,0
23329670,2013,0,1,0,0
23329119,2013,1,0,0,0
23326186,2013,1,1,0,0
23325297,2013,1,0,0,0
23317777,2013,1,0,0,0
23317648,2013,1,0,0,0
23311743,2013,0,1,0,0
23311742,2013,0,1,0,0
23311741,2013,1,0,0,0
23311740,2013,1,0,0,0
23311735,2013,1,0,0,0
23310967,2012,0,0,0,1
23302281,2012,1,1,0,0
23302249,2012,1,0,0,0
23289447,2013,1,0,0,0
23282001,2013,1,0,0,0
23278228,2013,1,0,1,0
23277735,2012,1,1,0,0
23275825,2012,0,1,0,0
23275189,2012,1,1,0,0
23271878,2012,1,0,0,0
23269682,2012,1,0,1,0
23264864,2012,0,1,0,0
23258670,2012,0,1,0,0
23249707,2013,1,0,0,0
23248549,2012,1,0,0,0
23248539,2012,1,1,0,0
23234484,2012,0,1,0,0
23234481,2012,0,1,0,0
23233791,2012,0,0,0,1
23232256,2012,0,1,0,0
23231742,2012,1,0,0,0
23231741,2012,0,0,1,0
23231740,2012,1,0,0,0
23231737,2012,0,0,1,0
23231367,2012,1,0,0,0
23226001,2012,0,1,0,0
23225843,2012,1,1,0,0
23224677,2012,0,1,0,0
23221891,2013,1,0,0,0
23221889,2013,1,0,0,0
23221887,2013,1,0,0,0
23221883,2013,1,0,0,0
23221080,2013,1,1,0,0
23219507,2012,1,0,0,0
23217585,2013,1,1,0,0
23216237,2012,1,1,0,0
23216133,2012,0,1,0,0
23212799,2012,1,0,1,0
23210338,2012,1,0,0,0
23202414,2012,1,0,0,0
23201862,2012,1,1,0,0
26357182,2012,0,0,1,0
23197266,2013,1,0,0,0
23195271,2012,1,0,0,0
23195270,2012,1,0,0,0
23183351,2012,0,1,0,0
23174396,2012,1,0,0,0
23173113,2012,1,0,0,0
23158680,2012,0,1,0,0
23158679,2012,1,0,0,0
23158564,2012,1,0,0,0
23155920,2012,1,1,0,0
23155605,2012,1,1,0,0
23152662,2012,1,0,0,0
23152659,2012,1,0,0,0
23152658,2012,0,1,0,0
23152656,2012,1,1,0,0
23152152,2012,0,0,0,1
23143454,2012,1,0,0,0
23141921,2012,0,1,0,0
23140584,2012,1,0,0,0
23139281,2013,1,0,0,0
23139278,2012,0,0,0,1
23132801,2012,1,1,0,0
23132445,2013,0,1,0,0
23129005,2012,0,0,0,1
23128029,2012,1,0,0,0
23121702,2012,1,1,0,0
23115960,2012,1,1,0,0
23115956,2012,1,1,0,0
26107735,2012,1,1,0,0
26107734,2012,1,1,0,0
26107725,2012,0,1,0,0
26107723,2012,1,0,0,0
23112899,2012,0,1,0,0
23112265,2012,1,0,0,0
23109803,2012,1,1,0,0
23109384,2012,1,0,0,0
23102727,2012,0,1,0,0
23097019,2012,0,1,0,0
23096124,2012,1,1,0,0
23086368,2013,0,0,0,1
23086358,2013,1,0,0,0
23086357,2013,1,0,0,0
23084361,2012,1,0,0,0
23084157,2012,1,0,0,0
23079325,2012,1,1,0,0
23079320,2012,1,0,0,0
23079318,2012,1,0,0,0
23079317,2012,0,0,0,1
23079315,2012,1,0,0,0
23079314,2012,1,0,0,0
23079312,2012,1,1,0,0
23076454,2012,1,0,0,0
23074205,2012,0,1,0,0
23073487,2013,0,0,0,1
23073481,2012,1,0,0,0
23073480,2012,1,0,0,0
23073479,2012,1,0,0,0
23066617,2012,1,1,0,0
23038040,2012,1,0,0,0
23034341,2012,1,0,0,0
23062002,2012,0,1,0,0
23061998,2012,1,0,0,0
23061997,2012,1,1,0,0
23061996,2012,1,1,0,0
23061994,2012,1,0,0,0
23060719,2012,1,0,0,0
23058195,2012,1,0,0,0
23056450,2012,1,0,0,0
23056269,2012,0,0,0,1
23055680,2012,1,0,0,0
23055670,2012,0,1,0,0
23052717,2012,1,0,0,0
23050122,2012,1,0,0,0
23022158,2012,0,1,0,0
23001585,2012,1,1,0,0
22999631,2012,0,1,0,0
22999630,2012,1,0,0,0
22999605,2012,1,0,0,0
22999604,2012,1,0,0,0
22999602,2012,1,0,0,0
22994307,2012,0,1,0,0
22991419,2012,1,1,0,0
22981613,2012,0,0,1,0
22981612,2012,0,0,1,0
22970451,2012,1,0,0,0
22958181,2012,1,0,0,0
22957859,2012,0,1,0,0
22949915,2012,1,1,0,0
22947295,2012,1,1,0,0
22947292,2012,0,0,0,1
22947291,2012,1,1,0,0
22947290,2012,1,0,0,0
22947289,2012,1,0,0,0
22947285,2012,0,1,0,0
22940796,2012,1,1,0,0
26107598,2012,1,1,0,0
22937514,2012,0,1,0,0
22935601,2012,1,0,0,0
22932326,2012,1,0,0,0
22932325,2012,1,0,0,0
22932324,2012,0,1,0,0
22932323,2012,0,0,0,1
22926254,2012,1,0,0,0
22925179,2012,1,0,0,0
22920505,2012,1,0,0,0
22906464,2012,1,0,0,0
22906453,2012,1,0,0,0
22906452,2012,0,1,0,0
22906450,2012,1,1,0,0
22906449,2012,0,0,0,1
22906442,2012,0,0,0,1
22906441,2012,1,0,1,0
22902046,2012,0,0,0,1
22894525,2012,1,0,0,0
22893168,2012,1,0,0,0
22892151,2012,1,1,0,0
22892148,2012,0,0,0,1
22891401,2012,0,1,0,0
22888691,2012,1,1,0,0
22888683,2012,0,0,0,1
22888213,2012,1,0,0,0
22888210,2012,1,0,0,0
22883842,2012,0,1,0,0
22879417,2012,1,1,0,0
22879413,2012,1,0,0,0
22876129,2012,0,0,0,1
22869236,2012,1,0,0,0
22869235,2012,1,0,0,0
22869234,2012,1,0,0,0
22869232,2012,1,0,0,0
22865405,2012,1,0,0,0
22858060,2012,0,1,0,0
22858030,2012,1,0,0,0
22837633,2012,1,0,0,0
22837624,2012,0,1,0,0
22830113,2012,1,0,0,0
22826766,2012,0,1,0,0
22824650,2012,1,0,0,0
22824597,2012,0,1,0,0
22815640,2012,0,1,0,0
22814927,2012,1,1,0,0
22814527,2012,1,0,0,0
22814056,2012,0,1,0,0
22814054,2012,0,0,1,0
22814052,2012,1,0,0,0
22814049,2012,1,0,0,0
22814048,2012,0,1,0,0
22814047,2012,1,0,0,0
22814039,2012,1,0,0,0
22814035,2012,1,1,0,0
22813457,2012,1,0,0,0
25657693,2012,1,0,0,0
22791969,2012,1,0,0,0
22789928,2012,1,0,0,0
22789494,2012,0,1,0,0
22788583,2012,1,1,0,0
22786909,2012,1,0,0,0
22784264,2012,0,1,0,0
22775539,2012,0,1,0,0
22775495,2012,0,1,0,0
22773984,2012,1,0,0,0
22773983,2012,0,1,0,0
22773179,2012,1,0,0,0
22767351,2012,1,0,0,0
22767166,2012,1,0,0,0
22767165,2012,1,0,0,0
22767164,2012,1,0,0,0
22767162,2012,1,0,0,0
22762048,2012,1,0,0,0
22760803,2012,0,0,0,1
22752222,2012,1,0,0,0
26107479,2012,0,1,0,0
26107477,2012,1,0,0,0
22743323,2012,0,0,1,0
22737382,2012,0,1,0,0
22737381,2012,1,1,0,0
22733286,2012,1,0,0,0
22733251,2012,1,0,0,0
22727294,2012,0,1,0,0
22727292,2012,1,0,0,0
22727291,2012,1,0,0,0
22727281,2012,1,0,0,0
22726957,2012,0,1,0,0
22722270,2012,1,0,0,0
22718793,2012,1,0,0,0
22716032,2012,1,0,0,0
22716031,2012,1,1,0,0
22712105,2012,0,1,0,0
22708970,2012,1,1,0,0
22707753,2012,1,0,0,0
22705778,2012,1,0,0,0
22699561,2012,1,0,0,0
22697216,2012,1,0,0,0
22696847,2012,1,0,0,0
22696365,2012,1,1,0,0
22695934,2012,0,0,1,0
22692524,2012,1,0,0,0
22692522,2012,0,0,0,1
22692520,2012,1,0,0,0
22690672,2012,1,1,0,0
22684405,2012,1,0,0,0
22683058,2012,0,1,0,0
22681949,2012,1,1,0,0
22679693,2012,1,0,0,0
22678866,2012,1,0,0,0
22674627,2012,0,1,0,0
22673852,2013,1,0,0,0
22673819,2012,0,0,0,1
22672114,2012,1,1,0,0
22670081,2012,1,0,0,0
22661462,2012,1,0,0,0
22647480,2012,1,0,1,0
22645930,2012,1,0,0,0
22633608,2012,1,1,0,0
22632382,2012,1,1,0,0
22624912,2012,1,0,0,0
22624906,2012,1,1,0,0
22624904,2012,0,1,0,0
22624903,2012,1,1,0,0
22624902,2012,0,1,0,0
22624901,2012,1,0,0,0
22624898,2012,1,0,0,0
22623863,2012,1,0,0,0
22577038,2012,0,1,0,0
22611369,2012,1,1,0,0
22607021,2012,1,0,0,0
22606493,2012,1,1,0,0
22606487,2012,1,0,0,0
22606486,2012,1,0,0,0
22591252,2012,1,1,0,0
22591225,2012,1,1,0,0
22589434,2012,1,0,0,0
22589325,2012,1,0,0,0
22589323,2012,1,1,0,0
22589290,2012,1,0,0,0
22577762,2012,0,1,0,0
22576735,2012,0,1,0,0
22574092,2012,1,0,0,0
22570546,2012,0,1,0,0
22569813,2012,1,1,0,0
22569472,2012,1,1,0,0
22569470,2012,0,1,0,0
22569468,2012,1,1,0,0
22569466,2012,1,1,0,0
22569282,2012,1,0,0,0
22562297,2012,1,0,0,0
22562061,2012,1,0,0,0
22553764,2012,1,0,0,0
22553758,2012,1,0,0,0
22543479,2012,1,0,0,0
22542905,2012,0,1,0,0
22536037,2012,1,0,0,0
22531434,2012,0,1,0,0
22525781,2012,1,0,0,0
22520322,2012,1,0,0,0
22520321,2012,1,0,0,0
22520313,2012,0,1,0,0
22520312,2012,1,0,0,0
22520303,2012,1,0,0,0
22520302,2012,0,0,0,1
22520300,2012,1,0,0,0
22518278,2012,1,1,0,0
22516536,2012,1,0,0,0
22516159,2012,0,1,0,0
22515177,2012,1,1,0,0
22512839,2012,1,0,1,0
22512373,2012,1,0,0,0
22496438,2012,1,1,0,0
22496434,2012,1,0,0,0
22496034,2012,1,0,0,0
22495678,2012,0,1,0,0
22493038,2012,1,0,0,0
22490908,2012,1,0,0,0
22488267,2012,0,1,0,0
22487775,2012,1,0,0,0
22486901,2012,1,0,0,0
22480669,2012,1,0,0,0
22477093,2012,1,0,0,0
22475643,2013,0,1,0,0
22472258,2012,1,0,0,0
22472256,2012,1,0,0,0
22456944,2012,1,1,0,0
22454730,2011,0,1,0,0
22454717,2011,0,1,0,0
22445631,2012,1,0,0,0
22443896,2012,1,0,0,0
22443804,2012,0,1,0,0
22442996,2011,1,0,0,0
22440454,2012,1,1,0,0
22440439,2012,1,0,0,0
22440435,2012,1,0,0,0
22440434,2012,0,1,0,0
22440433,2012,1,0,0,0
22429227,2012,1,1,0,0
22424808,2012,1,0,0,0
22424807,2012,1,0,0,0
22421094,2012,1,0,0,0
22421093,2012,0,1,0,0
22405993,2012,0,1,0,0
22405992,2012,1,1,0,0
22395631,2012,1,0,0,0
22386997,2012,1,1,0,0
22386369,2012,0,1,0,0
22382593,2012,1,0,0,0
22378114,2012,0,1,0,0
22377345,2012,1,0,0,0
22373035,2012,0,0,0,1
22373034,2012,0,0,0,1
22373033,2012,1,0,0,0
22373032,2012,0,0,0,1
22371023,2012,1,0,0,0
22365579,2012,1,1,0,0
22365084,2012,1,0,0,0
22358586,2012,1,0,0,0
22357381,2012,1,0,0,0
22350057,2012,1,0,0,0
22347790,2012,0,1,0,0
22346111,2012,0,0,0,1
22340607,2012,1,0,0,0
22340605,2012,0,1,0,0
22336069,2011,1,0,0,0
22333660,2012,1,0,0,0
22331978,2012,0,1,0,0
22330308,2012,1,1,0,0
22323878,2012,1,1,0,0
22323464,2012,1,0,1,0
22322485,2012,0,0,0,1
22322182,2012,1,0,0,0
22322165,2012,1,0,0,0
22321504,2011,1,0,0,0
22321354,2012,1,0,0,0
22320410,2012,1,0,0,0
22317955,2012,1,0,0,0
22317915,2012,1,1,0,0
22310084,2012,1,0,0,0
22303595,2012,1,1,0,0
22301100,2012,1,0,0,0
22301098,2012,1,1,0,0
22299520,2011,1,1,0,0
22297493,2012,1,0,0,0
22293405,2012,1,0,0,0
22267914,2011,1,0,0,0
22265184,2012,1,0,0,0
22262990,2011,0,1,0,0
22261327,2012,1,0,0,0
22258972,2012,0,0,0,1
22257772,2012,1,0,0,0
22253488,2011,1,1,0,0
22251454,2012,0,1,0,0
22249432,2012,0,1,0,0
22247467,2012,0,1,0,0
22245168,2012,0,1,0,0
22244611,2012,1,0,0,0
22237838,2012,1,0,0,0
22236791,2012,0,0,0,1
22236781,2012,0,1,0,0
22233436,2012,1,0,0,0
22233434,2012,1,0,0,0
22233433,2012,1,0,0,0
22230058,2012,0,1,0,0
22230057,2012,0,1,0,0
22226766,2012,1,1,0,0
22226066,2012,0,0,0,1
22219639,2011,0,0,1,0
22218710,2012,1,0,0,0
22215418,2012,0,1,0,0
22207921,2011,1,0,0,0
26107012,2012,0,0,0,1
24555123,2012,0,1,0,0
23960964,2012,1,1,0,0
22201324,2011,1,0,0,0
22200509,2011,1,0,0,0
22187304,2011,1,0,0,0
22185466,2011,1,0,0,0
22180417,2011,1,0,0,0
22180150,2012,1,1,0,0
22176886,2011,0,0,0,1
22174730,2011,1,0,0,0
22169879,2012,1,0,0,0
22169878,2012,1,0,0,0
22157595,2012,1,1,0,0
22157570,2012,1,0,0,0
22157568,2012,1,0,0,0
22153823,2012,0,1,0,0
22153091,2012,1,1,0,0
22153090,2012,1,0,0,0
22149771,2011,1,0,0,0
22149663,2011,1,0,0,0
22138586,2012,1,0,0,0
22136680,2011,1,0,0,0
22135584,2011,1,0,0,0
22133548,2011,1,0,0,0
22132646,2011,1,0,0,0
22131783,2011,1,1,0,0
22120810,2011,1,0,0,0
22112789,2011,1,0,0,0
22108129,2011,0,1,0,0
22108116,2011,1,0,0,0
22108111,2011,0,1,0,0
22108110,2011,1,0,0,0
22107064,2011,0,1,0,0
22105798,2011,1,0,0,0
22094961,2012,1,1,0,0
22082751,2011,1,0,0,0
22081153,2012,1,0,0,0
22081147,2012,0,1,0,0
22074467,2011,0,1,0,0
22074465,2011,1,0,0,0
22074464,2011,0,1,0,0
22069357,2011,1,0,0,0
22047900,2011,1,1,0,0
22045577,2011,1,0,0,0
22045575,2011,0,0,0,1
22045574,2011,1,0,0,0
22045389,2012,1,0,0,0
22041483,2011,1,0,0,0
22041482,2011,1,1,0,0
22041481,2011,1,0,1,0
22041480,2011,1,1,0,0
22041479,2011,0,1,0,0
22034570,2011,1,1,0,0
22034561,2011,1,1,0,0
22034553,2011,1,0,0,0
22033124,2011,1,0,0,0
22029948,2011,1,0,0,0
22029369,2011,1,0,0,0
22023071,2011,1,0,0,0
22019833,2011,1,0,0,0
22018373,2011,1,0,0,0
22018362,2011,1,0,0,0
22018361,2011,1,0,0,0
22015040,2011,0,1,0,0
22011487,2011,1,0,0,0
22003117,2011,1,0,0,0
21996515,2011,1,0,0,0
21993470,2012,1,0,0,0
21993460,2011,1,0,0,0
21993455,2012,1,1,0,0
21985667,2011,1,1,0,0
21983549,2011,1,0,0,0
21983249,2011,1,0,0,0
21978610,2011,1,0,0,0
21974725,2011,1,1,0,0
21972450,2011,0,1,0,0
21969298,2011,1,0,0,0
21966202,2011,1,0,0,0
21966184,2011,0,1,0,0
21959372,2011,1,0,0,0
21952499,2011,1,1,0,0
21950695,2011,1,0,0,0
21946784,2011,1,0,0,0
21944730,2011,1,0,0,0
21941173,2012,1,0,0,0
21912229,2011,0,1,0,0
21933674,2011,0,1,0,0
21930050,2011,1,1,0,0
21930049,2011,1,1,0,0
21930046,2011,1,1,0,0
21930043,2011,1,0,0,0
21928261,2012,1,1,0,0
21926568,2011,1,1,0,0
21921979,2011,1,0,0,0
21918431,2011,0,1,0,0
21914270,2011,1,1,0,0
21914142,2011,0,0,0,1
21913632,2011,1,0,0,0
21913631,2011,1,0,0,0
21913630,2011,1,1,0,0
21912236,2011,1,0,0,0
21909873,2011,1,1,1,0
21909869,2011,0,0,0,1
21899241,2011,0,1,0,0
21887081,2011,1,1,0,0
21887080,2011,1,1,0,0
21887078,2011,1,0,0,0
21877678,2011,0,1,0,0
21876587,2011,1,0,0,0
21873926,2011,1,0,0,0
21871603,2011,1,0,0,0
21871602,2011,1,0,0,0
21865199,2011,1,0,0,0
21865006,2011,0,1,0,0
21864828,2011,0,1,0,0
21855785,2011,1,0,0,0
21855773,2011,1,0,0,0
21855770,2011,1,0,0,0
21855763,2011,0,0,1,0
21853962,2011,1,0,0,0
21853960,2011,1,0,0,0
21852069,2011,0,0,0,1
21852068,2011,1,1,0,0
21852067,2011,0,1,0,0
21851919,2011,1,0,0,0
21850608,2011,1,0,0,0
21840682,2011,1,0,0,0
21840679,2011,1,0,0,0
21840678,2011,0,1,0,0
21838521,2011,1,0,0,0
21834925,2011,1,0,0,0
21822133,2011,1,1,0,0
21819705,2011,1,0,0,0
21815606,2011,0,1,0,0
21815595,2011,1,0,0,0
21813095,2011,1,1,0,0
21811668,2011,0,0,0,1
21808877,2011,1,0,0,0
21800785,2011,1,0,0,0
21798407,2011,0,1,0,0
21797693,2011,1,0,0,0
21794846,2011,0,1,0,0
21791596,2011,0,1,0,0
21786270,2012,1,1,0,0
21782383,2011,0,1,0,0
21782101,2011,1,0,0,0
21782093,2011,0,1,0,0
21782089,2011,1,0,0,0
21779664,2011,1,0,0,0
21752590,2011,1,0,0,0
21752589,2011,0,1,0,0
21751765,2011,0,0,0,1
21751742,2011,0,1,0,0
21751067,2011,0,0,0,1
21746982,2011,0,1,0,0
21739930,2011,1,0,0,0
21734483,2011,1,0,0,0
21726847,2011,1,0,0,0
21720417,2011,1,0,0,0
21718413,2011,1,0,0,0
21718405,2012,1,1,0,0
27024119,2011,0,0,0,1
23960942,2011,0,1,0,0
23960936,2011,1,1,0,0
23960931,2011,1,0,0,0
23960929,2011,1,0,0,0
23960926,2011,1,0,0,0
21717177,2011,0,1,0,0
21710952,2011,0,0,0,1
21708087,2011,1,1,0,0
21700117,2011,1,0,0,0
21700106,2011,1,0,0,0
21700105,2011,1,0,0,0
21697714,2011,0,1,0,0
21695608,2011,1,0,0,0
21694596,2011,1,0,0,0
21686324,2011,1,1,0,0
21684109,2011,1,0,0,0
21683336,2011,1,0,0,0
21676909,2011,0,0,0,1
21676493,2011,1,0,0,0
21675845,2011,1,1,0,0
21669405,2011,1,0,0,0
21668786,2011,1,0,0,0
21667463,2011,1,0,0,0
21666521,2011,1,0,0,0
21666330,2011,1,0,0,0
21666312,2011,1,0,0,0
21666235,2011,1,0,1,0
21657826,2011,1,0,0,0
21655048,2011,1,1,0,0
21654513,2012,0,1,0,0
21640792,2011,1,0,0,0
21640271,2011,0,1,0,0
21623593,2012,1,0,0,0
21616213,2011,0,0,0,1
21615763,2011,1,0,0,0
21611768,2011,1,0,0,0
21609623,2011,1,1,0,0
21602731,2011,1,0,0,0
21598428,2011,1,0,0,0
21596260,2011,1,0,0,0
21596257,2011,1,1,0,0
21596254,2011,1,0,0,0
21596253,2011,0,1,0,0
21596252,2011,1,0,0,0
21584259,2011,1,0,0,0
21573091,2011,1,1,0,0
21570249,2011,1,0,0,0
21569564,2011,1,1,0,0
21563732,2011,1,0,0,0
21563731,2011,1,0,0,0
21563730,2011,1,0,0,0
21553755,2011,1,0,0,0
21552127,2011,0,0,0,1
21552126,2011,1,0,0,0
21552125,2011,1,0,0,0
21550119,2011,1,0,0,0
21549559,2011,1,0,0,0
21540634,2011,0,1,0,0
21537188,2011,1,0,0,0
21537186,2011,0,0,1,0
21537183,2011,0,1,0,0
21537181,2011,1,1,0,0
21534496,2011,1,0,0,0
21533273,2011,0,1,0,0
21524637,2011,0,1,0,0
21524023,2011,0,1,0,0
21511156,2011,1,0,0,0
21507378,2011,1,0,0,0
21505525,2010,1,1,0,0
21499165,2011,1,0,0,0
21497047,2011,0,1,0,0
21484301,2011,1,0,0,0
21476312,2011,1,0,0,0
21470391,2011,1,1,0,0
21465289,2011,0,1,0,0
21464701,2011,0,1,0,0
21455078,2011,0,1,0,0
23960918,2010,1,1,0,0
21446641,2011,0,0,0,1
21435830,2011,1,0,0,0
21426846,2011,1,0,0,0
21425756,2011,1,0,0,0
21420605,2011,1,0,0,0
21420604,2011,1,1,0,0
21420594,2011,1,0,0,0
21420591,2011,1,0,0,0
21420588,2011,1,0,0,0
21420586,2011,0,1,0,0
21418959,2011,1,0,0,0
21418923,2011,1,0,0,0
21411183,2011,1,0,0,0
21410091,2011,1,0,0,0
21410084,2010,1,0,0,0
21410083,2010,1,0,0,0
21406326,2011,0,1,0,0
21406325,2011,0,1,0,0
21399769,2011,1,1,0,0
21394993,2010,1,1,0,0
21394978,2010,1,1,0,0
21394974,2010,1,0,0,0
21394022,2011,1,1,0,0
21393051,2011,1,0,0,0
21388707,2011,1,0,0,0
21386916,2011,1,0,0,0
21386914,2011,0,1,0,0
21386913,2011,1,0,0,0
21383580,2011,1,0,0,0
21383579,2011,1,0,0,0
21383578,2011,0,1,0,0
21383577,2011,1,0,0,0
21383576,2011,1,1,0,0
21372018,2011,0,0,0,1
21369253,2011,0,0,0,1
21366208,2011,1,0,0,0
21366172,2011,0,1,0,0
21366171,2011,1,1,0,0
21366170,2011,1,1,0,0
21359550,2011,0,0,0,1
21357404,2011,1,1,0,0
21350688,2011,1,0,0,0
21340208,2010,0,1,0,0
21336737,2011,1,0,0,0
21335110,2011,1,0,0,0
21333887,2011,1,0,0,0
21333883,2011,1,1,0,0
21333882,2011,0,1,0,0
21333879,2011,1,0,0,0
21333877,2011,1,0,0,0
21333876,2011,1,0,0,0
21323300,2011,0,1,0,0
21323240,2011,1,0,0,0
21323235,2011,1,0,0,0
21319378,2011,1,0,0,0
21311205,2011,1,0,1,0
21310916,2011,1,0,0,0
21304290,2011,0,0,0,1
21302708,2010,1,0,0,0
21293497,2011,0,0,0,1
21292114,2011,1,0,0,0
30657289,2011,0,0,0,1
21277461,2010,1,0,0,0
21270673,2011,1,0,0,0
21266022,2011,1,0,0,0
21263561,2011,0,1,0,0
21262562,2011,1,0,0,0
21262561,2011,0,1,0,0
21258562,2010,1,0,0,0
21251797,2011,0,0,0,1
21251502,2011,1,0,0,0
21243975,2011,0,1,0,0
21243973,2011,1,1,0,0
21243972,2011,1,1,0,0
21243373,2011,1,0,0,0
21242786,2011,1,0,0,0
21242785,2011,0,0,0,1
21242784,2011,0,1,0,0
21241930,2011,1,0,0,0
21241926,2011,1,1,0,0
21241923,2011,0,1,0,0
21241922,2011,0,1,0,0
21241921,2011,0,1,0,0
21241920,2011,1,0,0,0
21241918,2011,0,1,0,0
21241913,2011,1,1,0,0
21241911,2011,0,1,0,0
21240858,2011,0,1,0,0
21240524,2011,0,0,1,0
21226998,2010,1,0,0,0
21211294,2010,1,1,0,0
21211225,2010,1,0,0,0
22606476,2011,1,1,0,0
22606465,2011,1,0,0,0
22553670,2011,0,1,0,0
22553661,2011,1,0,0,0
22454700,2011,0,1,0,0
22384660,2011,0,1,0,0
21192334,2011,0,1,0,0
21188960,2010,1,0,0,0
21186892,2011,1,0,0,0
21186483,2010,1,0,0,0
21185225,2010,0,0,0,1
21183117,2011,1,0,0,0
21183111,2011,1,0,0,0
21183109,2011,1,0,0,0
21183108,2011,0,0,1,0
21180437,2010,1,1,0,0
21178693,2011,1,0,0,0
21174595,2011,0,1,0,0
21166032,2010,1,0,0,0
21162491,2010,0,1,0,0
21162473,2010,1,0,0,0
21157666,2010,0,0,1,0
21151332,2010,1,0,0,0
21140365,2011,1,0,0,0
21131054,2010,1,1,0,0
21121544,2010,1,0,0,0
21120795,2010,1,1,0,0
21117595,2010,1,0,0,0
21117582,2010,1,0,0,0
21117541,2010,1,0,0,0
21117540,2010,0,1,0,0
21117539,2010,1,1,0,0
21113441,2010,1,0,0,0
21111326,2010,1,0,0,0
21111316,2010,0,1,0,0
21111315,2010,1,0,0,0
21111314,2010,1,0,0,0
21109229,2010,0,1,0,0
21108166,2010,1,0,0,0
21108164,2010,1,1,0,0
21103879,2011,1,0,0,0
21099408,2011,1,0,0,0
21093922,2010,1,0,0,0
21093214,2010,1,0,0,0
21091009,2010,1,0,1,0
21071742,2011,1,1,0,0
21067894,2010,0,1,0,0
21060042,2010,1,0,0,0
21055197,2010,1,0,0,0
21054996,2010,1,1,0,0
21051709,2011,0,1,0,0
21051694,2011,0,0,0,1
21045679,2011,0,1,0,0
21045666,2011,0,1,0,0
21045659,2011,1,0,0,0
21045644,2011,0,1,0,0
21043303,2010,1,1,0,0
21029927,2010,1,0,0,0
21029926,2010,1,0,0,0
21029909,2010,1,0,0,0
21029904,2010,1,0,0,0
21029903,2010,1,0,0,0
21029902,2010,1,0,0,0
21029901,2010,1,1,0,0
21029900,2010,1,0,0,0
21029886,2010,1,0,0,0
20973902,2011,0,1,0,0
20962355,2010,0,1,0,0
20954683,2010,0,0,0,1
20954680,2010,0,0,0,1
20954679,2010,0,1,0,0
20954678,2010,1,0,0,0
20954677,2010,1,0,0,0
20954676,2010,1,0,0,0
20954675,2010,1,1,0,0
20954593,2010,1,0,0,0
20954581,2010,1,0,0,0
20951976,2010,1,0,0,0
20944933,2010,1,1,0,0
20941142,2010,1,0,0,0
20938008,2010,1,0,0,0
20930584,2010,0,0,0,1
20926022,2010,0,1,0,0
20922530,2011,0,1,0,0
20922035,2010,0,1,0,0
23960891,2010,1,0,0,0
22737373,2010,1,0,0,0
22737365,2010,0,1,0,0
20880314,2010,1,0,0,0
20873706,2010,0,1,0,0
20873691,2010,0,1,0,0
20871473,2010,0,1,0,0
20871471,2010,1,0,0,0
20870127,2010,1,0,0,0
20870126,2010,0,1,0,0
20870122,2010,1,0,0,0
20870121,2010,0,1,0,0
20870118,2010,1,0,0,0
20870117,2010,1,1,0,0
20869117,2011,0,1,0,0
20864895,2010,1,0,0,0
20853263,2011,1,0,0,0
20853115,2010,1,1,0,0
20847657,2010,1,0,0,0
20839767,2010,1,0,0,0
20839670,2010,0,1,0,0
20839665,2010,1,0,0,0
20839663,2010,1,1,0,0
20830177,2010,0,1,0,0
20829313,2010,1,0,0,0
20820198,2010,0,0,0,1
20815096,2010,1,0,0,0
20813752,2010,1,0,0,0
20806741,2010,1,0,0,0
20802317,2011,1,0,0,0
20795862,2010,0,1,0,0
20733029,2010,1,1,0,0
20728413,2010,1,0,0,0
20724857,2010,1,0,0,0
20724852,2010,1,1,0,0
20712970,2010,1,0,0,0
20712967,2010,1,0,0,0
20709406,2010,0,1,0,0
20706970,2010,0,0,0,1
20697276,2010,0,1,0,0
20694728,2010,0,0,1,0
20692643,2010,0,0,0,1
20692582,2010,1,0,0,0
20692575,2010,1,1,0,0
20692573,2010,0,0,0,1
20692569,2010,1,0,0,0
20692568,2010,0,1,0,0
20692556,2010,1,1,0,0
20692555,2010,1,1,0,0
20691417,2010,0,1,0,0
20689795,2010,1,0,0,0
20689736,2010,1,0,0,0
20679077,2010,1,0,0,0
20677731,2010,1,0,0,0
20677729,2010,0,0,0,1
20677727,2010,1,0,0,0
20677726,2010,1,0,0,0
20677725,2010,1,0,0,0
20676669,2010,1,0,0,0
20674084,2010,1,0,0,0
20672773,2010,1,1,0,0
20672772,2010,0,1,0,0
20672771,2010,1,0,0,0
20672768,2010,1,1,0,0
20672764,2010,0,1,0,0
20672763,2010,1,0,0,0
20665985,2010,1,0,0,0
20656184,2010,1,0,0,0
20656164,2010,0,0,0,1
20656158,2010,1,1,0,0
20656157,2010,1,1,0,0
20644900,2010,0,1,0,0
20635817,2010,1,0,0,0
20634934,2010,0,1,0,0
20628299,2010,0,1,0,0
20615007,2010,0,1,0,0
20611028,2010,1,0,0,0
20610113,2010,1,0,0,0
20610097,2010,0,1,0,0
20610094,2010,1,0,0,0
20610090,2010,1,0,0,0
20610081,2010,1,0,0,0
20606026,2010,0,1,0,0
20603114,2010,0,1,0,0
20602327,2011,1,0,0,0
20601879,2010,1,0,0,0
20601878,2010,1,1,0,0
20601657,2010,0,0,1,0
20596140,2010,1,0,0,0
20595894,2010,0,1,0,0
23960881,2010,1,0,0,0
22737357,2010,1,0,0,0
22737349,2010,0,0,0,1
20584709,2010,0,1,0,0
20577756,2010,1,1,0,0
20577755,2010,1,0,0,0
20577085,2010,1,0,0,0
20572509,2010,1,0,0,0
20570239,2010,0,1,0,0
20568101,2011,1,0,0,0
20563365,2010,0,0,0,1
20560170,2010,0,1,0,0
20557559,2010,1,1,0,0
20554609,2010,1,0,0,0
20549047,2010,0,1,0,0
20548207,2010,1,0,0,0
20544676,2010,1,1,0,0
20543939,2010,1,0,0,0
20543938,2010,1,1,0,0
20543937,2010,1,0,0,0
20543933,2010,0,0,0,1
20542487,2010,1,0,0,0
20540469,2010,1,1,0,0
20540468,2010,1,0,0,0
20540467,2010,1,1,0,0
20540466,2010,1,1,0,0
20539002,2010,1,0,0,0
20536060,2010,0,1,0,0
20534929,2010,1,0,0,0
20534921,2010,1,0,0,0
20532139,2010,1,1,0,0
20531192,2010,1,0,0,0
20530185,2010,1,0,0,0
20517417,2010,0,0,0,1
20508509,2010,1,0,0,0
20508504,2010,1,1,0,0
20506993,2010,1,0,0,0
20506992,2010,1,0,0,0
20506990,2010,1,0,0,0
20506988,2010,0,1,0,0
20505838,2010,1,0,0,0
20505205,2010,1,1,0,0
20496308,2010,1,0,0,0
20494781,2010,1,0,0,0
20494779,2010,0,1,0,0
20494778,2010,1,1,0,0
20494777,2010,1,0,0,0
20494773,2010,1,0,0,0
20494771,2010,1,1,0,0
20494767,2010,1,0,0,0
20494766,2010,1,0,0,0
20493467,2010,0,0,0,1
20491804,2010,0,1,0,0
20489623,2010,0,0,0,1
20489622,2010,0,1,0,0
20489597,2010,0,1,0,0
20489596,2010,1,0,0,0
20488432,2010,1,0,0,0
20481413,2010,1,1,0,0
20481412,2010,1,0,0,0
20481411,2010,1,1,0,0
20481410,2010,1,0,0,0
20467320,2010,1,0,0,0
20467314,2010,1,1,0,0
20464757,2010,0,0,0,1
20464118,2010,0,1,0,0
20463316,2010,0,1,0,0
20459907,2010,1,0,0,0
20458222,2010,1,0,0,0
20458216,2010,1,1,0,0
20457395,2010,1,0,0,0
20457388,2010,0,1,0,0
20457380,2010,1,0,0,0
20457379,2010,1,0,0,0
20457374,2010,1,0,0,0
20457365,2010,0,0,0,1
20456254,2010,0,1,0,0
20453696,2010,1,1,0,0
20450663,2010,1,0,0,0
20450662,2010,1,1,0,0
20450661,2010,0,0,0,1
20449603,2010,1,1,0,0
20438023,2010,1,1,0,0
20438018,2010,1,1,0,0
20436548,2010,1,0,0,0
20431312,2010,1,1,0,0
20429496,2010,1,0,0,0
20417632,2010,0,1,0,0
20415324,2010,1,0,0,0
20415323,2010,1,0,0,0
20415292,2010,1,0,0,0
20415288,2010,0,1,0,0
20415286,2010,1,0,0,0
20415285,2010,1,1,0,0
20411061,2010,1,0,0,0
20408084,2010,0,1,0,0
20404996,2009,1,0,0,0
20401567,2010,1,0,0,0
20398108,2010,1,0,0,0
20398107,2010,1,1,0,0
20398106,2010,1,1,0,0
20398105,2010,1,0,0,0
20393726,2010,1,0,0,0
20393112,2010,1,0,0,0
20389253,2010,1,0,0,0
20386350,2010,1,0,0,0
20385938,2010,1,0,0,0
20383849,2010,1,0,0,0
20383420,2010,1,0,0,0
20373894,2010,1,0,0,0
20373879,2010,1,0,0,0
20373049,2010,0,1,0,0
20368062,2010,0,0,0,1
20362883,2010,1,1,0,0
20362857,2010,0,1,0,0
20362856,2010,1,0,0,0
20349857,2010,1,0,0,0
20349856,2010,0,1,0,0
20337318,2010,1,0,0,0
20337306,2010,1,0,0,0
20335804,2010,1,0,0,0
20307046,2010,1,0,0,0
20307044,2010,1,1,0,0
20300767,2010,0,1,0,0
20299970,2010,0,1,0,0
20229954,2010,1,0,0,0
20229953,2010,1,1,0,0
20229951,2010,1,0,0,0
20229950,2010,0,1,0,0
20229948,2010,1,1,0,0
20229947,2010,1,0,0,0
20227675,2010,1,0,0,0
20207972,2010,1,0,0,0
20207960,2010,1,1,0,0
20205360,2010,1,0,0,0
20205358,2010,1,0,0,0
20205357,2010,1,1,0,0
20202560,2010,1,0,0,0
20202551,2010,1,0,0,0
20202548,2010,1,1,0,0
20202547,2010,0,0,0,1
20202546,2010,1,1,0,0
20202545,2010,1,0,0,0
20202544,2010,1,1,0,0
20202543,2010,1,0,0,0
20202542,2010,1,0,0,0
20202541,2010,1,0,0,0
20199014,2010,1,0,0,0
20199013,2010,1,0,0,0
20199012,2010,1,1,0,0
20199009,2010,1,0,0,0
20199008,2010,1,0,0,0
20199007,2010,1,0,0,0
20180330,2009,1,1,0,0
20166627,2010,1,0,0,0
20166625,2010,1,0,0,0
20166624,2010,0,1,0,0
20166623,2010,1,0,0,0
20166620,2010,1,0,0,0
20166618,2010,1,0,0,0
20164761,2010,1,0,0,0
20164743,2010,1,0,0,0
20163867,2010,0,1,0,0
20163079,2010,0,1,0,0
20163075,2010,1,0,0,0
20163074,2010,1,0,0,0
20163073,2010,1,0,0,0
20153899,2010,1,0,0,0
20152647,2010,1,0,0,0
20152639,2010,1,0,0,0
20152619,2010,1,0,0,0
20152618,2010,1,0,0,0
20152608,2010,1,0,0,0
20152607,2010,1,1,0,0
20152597,2010,1,0,0,0
20145544,2010,1,0,0,0
20142960,2009,1,0,0,0
20140622,2010,0,1,0,0
20139292,2010,0,1,0,0
20137619,2009,1,0,0,0
20137455,2009,0,0,0,1
20137454,2009,1,1,0,0
20137453,2009,1,0,0,0
20130899,2010,0,0,1,0
20128534,2010,1,0,0,0
20128529,2010,1,0,0,0
20117733,2010,1,0,0,0
20117731,2010,1,1,0,0
20117729,2010,1,1,0,0
20117724,2010,1,0,0,0
20117723,2010,1,0,0,0
20117712,2010,1,0,0,0
20117711,2010,1,0,0,0
20117710,2010,1,0,0,0
20117709,2010,0,0,0,1
20117708,2010,0,1,0,0
20108192,2009,1,0,0,0
20108190,2009,1,0,0,0
20102346,2010,1,0,0,0
20098318,2010,1,0,0,0
20098302,2010,1,0,0,0
20095518,2009,1,0,0,0
20092310,2010,1,0,0,0
20091452,2010,0,1,0,0
20074288,2010,1,0,0,0
20072786,2010,1,1,0,0
20070279,2010,1,1,0,0
20063497,2010,1,0,0,0
20059267,2009,1,0,0,0
20057306,2010,0,0,0,1
20056475,2010,1,0,0,0
20052962,2010,1,0,0,0
20052820,2009,0,1,0,0
20052819,2009,1,0,0,0
20049336,2009,0,1,0,0
23960866,2010,1,0,0,0
22624110,2010,1,1,0,0
22553587,2010,1,0,0,0
22553546,2010,1,0,0,0
22553534,2010,1,0,0,0
20042662,2009,1,0,0,0
20042646,2009,1,0,0,0
20040463,2009,0,1,0,0
20029491,2009,1,0,0,0
20027991,2009,0,1,0,0
20027990,2009,1,0,0,0
20027989,2010,1,1,0,0
20027988,2009,1,0,0,0
20027987,2009,0,0,0,1
20027411,2009,1,0,0,0
20024559,2010,1,0,0,0
20023584,2010,1,0,0,0
20023574,2010,1,0,0,0
20021249,2010,1,0,0,0
20009941,2010,1,0,0,0
20007829,2009,0,1,0,0
20006909,2009,1,0,0,0
20001263,2009,1,0,0,0
20000293,2009,0,1,0,0
20000291,2009,1,1,0,0
20000290,2009,0,1,0,0
20000289,2009,1,0,0,0
20000288,2009,1,0,0,0
20000287,2009,1,1,0,0
20000285,2009,1,0,0,0
20000131,2009,1,0,0,0
19996749,2010,0,0,0,1
19996393,2009,1,0,0,0
19969224,2009,0,1,0,0
19969215,2009,0,1,0,0
19969213,2009,1,0,0,0
19958121,2009,1,0,0,0
19957686,2009,1,0,0,0
19957685,2009,1,1,0,0
19957684,2009,1,0,0,0
19957683,2009,1,0,0,0
19955194,2009,1,1,0,0
19954372,2009,1,0,0,0
19948562,2009,1,1,0,0
19943416,2009,1,0,0,0
19939795,2009,0,1,0,0
19928698,2009,1,0,0,0
19928697,2010,1,0,0,0
19928696,2010,1,0,0,0
19928693,2009,0,0,0,1
19924671,2010,0,1,0,0
19924667,2010,1,0,0,0
19921773,2009,1,0,0,0
19921767,2009,1,0,0,0
19921766,2009,1,0,0,0
19921765,2009,1,0,0,0
19848379,2009,1,1,0,0
19848376,2009,1,0,0,0
19848374,2009,0,1,0,0
19848373,2009,1,0,0,0
19848372,2009,1,0,0,0
19848371,2009,1,0,0,0
19848370,2009,0,0,0,1
19848369,2009,0,0,0,1
19848368,2009,0,0,0,1
19907310,2010,1,0,0,0
19907025,2009,1,0,0,0
19901206,2009,1,1,0,0
19900211,2009,1,1,0,0
19898662,2009,1,0,0,0
19896632,2009,1,1,0,0
19894669,2010,1,0,0,0
19894668,2010,1,0,0,0
19892869,2009,1,0,0,0
19889831,2009,1,1,0,0
19883856,2009,1,0,0,0
19883852,2009,1,1,0,0
19882587,2009,1,0,0,0
19882536,2010,1,1,0,0
19881336,2009,1,1,0,0
19878839,2009,1,0,0,0
19878838,2009,1,1,0,0
19878818,2009,0,1,0,0
19878817,2009,1,0,0,0
19878816,2009,1,0,0,0
19877375,2009,1,0,0,0
19877374,2009,1,1,0,0
19854742,2009,1,0,0,0
19847598,2009,1,0,0,0
19844310,2009,1,0,0,0
19835330,2009,0,1,0,0
19835328,2009,1,0,0,0
19835327,2009,1,0,0,0
19835326,2009,1,0,0,0
19835325,2009,1,0,0,0
19835324,2009,1,0,0,0
19835321,2009,0,0,0,1
19830639,2009,0,1,0,0
19824439,2009,1,1,0,0
19820793,2009,1,0,0,0
19820780,2009,1,0,0,0
19810663,2010,1,1,0,0
19810662,2010,1,0,0,0
19794938,2009,1,1,0,0
23960863,2009,1,0,0,0
23960858,2009,1,0,0,0
19789661,2009,1,0,0,0
19787592,2009,1,0,0,0
19787591,2009,0,1,0,0
19787590,2009,1,0,0,0
19786958,2009,1,0,0,0
19781686,2009,1,1,0,0
19781685,2009,1,0,0,0
19781482,2009,1,0,0,0
19781478,2009,1,0,0,0
19781476,2009,1,0,0,0
19781475,2009,1,1,0,0
19781472,2009,1,0,0,0
19781470,2009,1,0,0,0
19777246,2010,1,0,0,0
19777244,2010,0,0,0,1
19772267,2009,1,0,0,0
19772264,2009,1,0,0,0
19772257,2009,0,1,0,0
19772256,2009,0,1,0,0
19772221,2010,1,1,0,0
19763753,2009,1,1,0,0
19747592,2009,0,1,0,0
19741718,2008,0,0,0,1
19733500,2009,1,0,0,0
19730093,2009,1,0,0,0
19726432,2009,0,1,0,0
19724218,2009,1,0,0,0
19724209,2009,0,1,0,0
19715268,2010,1,1,0,0
19715265,2009,1,0,0,0
19715264,2010,1,1,0,0
19714799,2009,1,0,0,0
19714797,2009,1,1,0,0
19714795,2009,0,0,0,1
19714794,2009,1,1,0,0
19714793,2009,1,0,0,0
19705542,2009,1,0,0,0
19705541,2009,1,0,0,0
19705540,2009,0,0,0,1
19705539,2009,1,0,0,0
19705536,2009,1,1,0,0
19705535,2009,1,0,0,0
19703196,2009,1,0,0,0
19694758,2009,1,0,0,0
19688008,2009,1,0,0,0
19683180,2009,0,0,0,1
19683179,2009,1,0,0,0
19683176,2009,1,0,0,0
19683172,2009,1,0,0,0
19683170,2009,0,1,0,0
19683168,2009,1,0,0,0
19683165,2009,1,0,0,0
19683157,2009,1,0,0,0
19681511,2010,1,0,0,0
19672809,2009,1,0,0,0
19672198,2009,1,1,0,0
19668567,2009,1,0,0,0
19668456,2008,1,0,0,0
19662920,2009,1,1,0,0
19662919,2009,1,0,0,0
19662916,2009,0,0,0,1
19662915,2009,1,0,0,0
19662913,2009,1,0,0,0
19662912,2009,1,0,0,0
19657659,2010,1,0,0,0
19654530,2009,0,0,0,1
19654520,2009,0,1,0,0
19654513,2009,0,1,0,0
19648903,2009,0,1,0,0
19643486,2009,0,1,0,0
19643485,2009,1,0,0,0
19641338,2009,1,0,0,0
19637817,2009,0,0,0,1
19631151,2009,1,0,0,0
19631133,2009,1,1,0,0
19631121,2009,0,0,0,1
19631119,2009,1,0,0,0
19631118,2009,1,0,0,0
19631117,2009,1,0,0,0
19603623,2009,0,1,0,0
19603620,2009,1,0,0,0
19603619,2009,1,0,0,0
19603618,2009,1,1,0,0
19603617,2009,1,0,0,0
19603615,2009,0,1,0,0
19603377,2009,1,0,0,0
19602143,2009,1,0,0,0
19597838,2009,1,1,0,0
19591682,2009,1,0,0,0
19574911,2009,1,1,0,0
19574909,2009,1,0,0,0
19574707,2009,1,0,0,0
19568988,2009,0,1,0,0
23198065,2009,1,0,0,0
23198063,2009,0,1,0,0
19551668,2009,0,1,0,0
19551667,2009,0,1,0,0
19551666,2009,1,0,0,0
19545828,2009,1,0,0,0
19545822,2009,0,1,0,0
19545817,2009,1,0,0,0
19545808,2009,1,1,0,0
19545804,2009,1,0,0,0
19545802,2009,1,0,0,0
19539836,2009,0,1,0,0
19539831,2009,1,0,0,0
19537363,2009,0,0,0,1
19537362,2009,1,0,0,0
19537361,2009,1,0,0,0
19512911,2009,1,0,0,0
19512890,2009,0,1,0,0
19507801,2009,0,1,0,0
19507799,2009,1,1,0,0
19507798,2009,0,1,0,0
19507797,2009,1,0,0,0
19499795,2009,1,0,0,0
19493395,2009,1,0,0,0
19491684,2009,0,0,0,1
19491682,2009,0,0,0,1
19486798,2009,1,1,0,0
19485288,2009,1,0,0,0
19481138,2009,0,1,0,0
19469012,2009,1,0,0,0
19468742,2009,1,0,0,0
19465304,2009,1,0,0,0
19465302,2009,1,0,0,0
19465301,2009,1,0,0,0
19465296,2009,1,0,0,0
19465295,2009,1,0,0,0
19465293,2009,1,0,0,0
19465292,2009,1,0,0,0
19456311,2009,1,0,0,0
19444288,2009,1,0,0,0
19431930,2009,0,0,0,1
19431925,2009,1,0,0,0
19431924,2009,1,0,0,0
19431923,2009,1,0,0,0
19431922,2009,1,0,0,0
19422569,2009,0,1,0,0
19422559,2009,1,0,0,0
19421036,2009,1,0,0,0
19421033,2009,1,0,0,0
19421019,2009,1,0,0,0
19421013,2009,0,0,0,1
19416118,2009,1,1,0,0
19411970,2009,0,1,0,0
19411963,2009,0,1,0,0
19411953,2009,0,1,0,0
19410962,2009,1,1,0,0
19408863,2009,1,1,0,0
19398912,2009,0,1,0,0
19398909,2009,1,0,0,0
19398908,2009,0,0,0,1
19395038,2009,1,1,0,0
19393899,2009,1,0,0,0
19393895,2009,0,0,0,1
19393883,2009,1,0,0,0
19393882,2009,1,1,0,0
19393881,2009,1,0,0,0
19393880,2009,1,0,0,0
19393873,2009,1,1,0,0
19393866,2009,1,0,0,0
19392855,2009,1,0,0,0
19387244,2009,1,0,0,0
19387232,2009,0,1,0,0
19387069,2009,1,0,0,0
19387066,2009,0,1,0,0
19384772,2009,1,0,0,0
19375059,2009,1,0,0,0
19371955,2009,1,1,0,0
19371266,2009,1,0,0,0
19370828,2009,1,0,0,0
19370827,2009,1,0,0,0
19370826,2009,1,0,0,0
19370825,2009,0,1,0,0
19370823,2009,1,0,0,0
19370822,2009,1,1,0,0
19370818,2009,1,0,0,0
19370672,2009,1,1,0,0
19357360,2009,1,0,0,0
19351378,2009,0,0,0,1
19344832,2009,1,0,0,0
19344822,2009,1,0,0,0
19344821,2009,1,0,0,0
19344713,2009,0,1,0,0
19342979,2009,1,0,0,0
19342978,2009,1,0,0,0
19338609,2009,0,0,0,1
19333705,2009,1,0,0,0
19327748,2009,1,0,0,0
19327446,2009,1,0,0,0
19327445,2009,1,1,0,0
19321977,2009,0,1,0,0
19321376,2009,1,1,0,0
19320309,2009,1,0,0,0
19306005,2009,1,0,0,0
19304107,2009,1,0,0,0
19304101,2009,0,0,0,1
19304098,2009,0,1,0,0
19304092,2009,0,1,0,0
19304091,2009,1,0,0,0
19304089,2009,0,1,0,0
19304085,2009,0,0,0,1
19304068,2009,0,0,0,1
19304065,2009,1,0,0,0
19302674,2009,1,0,0,0
19285499,2009,0,1,0,0
19285070,2009,0,1,0,0
19266469,2009,1,0,0,0
19265329,2009,0,0,0,1
19264214,2009,1,0,0,0
19253253,2009,1,1,0,0
19253233,2009,1,1,0,0
19253232,2009,0,1,0,0
19251134,2009,1,0,0,0
19251127,2009,0,1,0,0
19251119,2009,1,0,0,0
19248547,2009,1,0,0,0
19248546,2009,1,0,0,0
19248545,2009,1,1,0,0
19248544,2009,1,0,0,0
19248543,2009,1,0,0,0
19248542,2009,0,1,0,0
19248540,2009,0,1,0,0
19248537,2009,1,0,0,0
19248536,2009,1,0,0,0
19248535,2009,0,1,0,0
19248534,2009,0,1,0,0
19248235,2009,1,0,0,0
19244955,2009,1,1,0,0
19244954,2009,1,0,0,0
19244952,2009,1,0,0,0
19244951,2009,1,0,0,0
19244947,2009,1,0,0,0
19243737,2009,0,1,0,0
19241776,2009,1,0,0,0
19241774,2009,1,0,0,0
19241773,2009,0,1,0,0
19241772,2009,1,0,0,0
19241771,2009,1,0,0,0
19241770,2009,1,0,0,0
19241768,2009,1,0,0,0
19241767,2009,1,0,0,0
19241766,2009,1,0,0,0
19233712,2009,0,0,0,1
29276454,2009,1,0,0,0
19218995,2009,1,0,0,0
19217214,2009,0,0,0,1
19212148,2009,1,0,0,0
19206043,2009,1,0,0,0
19205392,2008,0,1,0,0
19200532,2009,1,0,0,0
19188087,2009,1,0,0,0
19187663,2008,1,0,0,0
19187662,2008,0,1,0,0
19187661,2008,0,1,0,0
19185261,2009,0,1,0,0
19185260,2009,1,1,0,0
19185259,2009,1,0,0,0
19185256,2009,1,1,0,0
19185253,2009,1,0,0,0
19185240,2009,1,1,0,0
19185239,2009,1,0,0,0
19185237,2009,1,0,0,0
19185220,2009,1,0,0,0
19184322,2009,1,0,0,0
19184315,2009,1,0,0,0
19176117,2008,1,0,0,0
19175162,2008,1,0,0,0
19173166,2009,1,0,0,0
19169518,2008,1,0,0,0
19169328,2009,0,1,0,0
19168895,2009,0,1,0,0
19158576,2009,1,1,0,0
19158561,2009,0,0,0,1
19158556,2009,0,1,0,0
19158447,2009,1,0,0,0
19151379,2009,1,1,0,0
19142646,2009,1,0,0,0
19136715,2009,0,0,0,1
19133260,2008,0,1,0,0
19122468,2008,0,1,0,0
19118705,2009,1,0,0,0
23861557,2009,1,0,0,0
23074518,2009,1,1,0,0
20361643,2009,1,0,0,0
20339451,2009,1,0,0,0
20339447,2009,1,0,0,0
19101438,2009,1,0,0,0
19101432,2009,0,1,0,0
19101428,2009,1,0,0,0
19101422,2009,1,0,0,0
19101412,2009,1,0,0,0
19092455,2008,1,0,0,0
19092419,2009,1,0,0,0
19092394,2009,1,0,0,0
19092284,2008,0,1,0,0
19089576,2008,1,0,0,0
19089563,2008,1,1,0,0
19087877,2008,0,1,0,0
19085781,2008,0,0,0,1
19080342,2008,1,1,0,0
19079146,2008,1,1,0,0
19077825,2009,0,0,0,1
19065977,2008,1,0,0,0
19065925,2008,1,0,0,0
19065235,2008,0,0,0,1
19064844,2008,1,0,0,0
19062547,2008,1,0,0,0
19060267,2008,0,0,0,1
19058779,2008,1,0,0,0
19054497,2008,1,0,0,0
19052479,2008,1,1,0,0
19050464,2008,0,0,0,1
19044238,2008,1,0,0,0
19044237,2008,1,0,0,0
19044235,2008,1,0,0,0
19044234,2008,1,1,0,0
19044233,2008,0,1,0,0
19044232,2008,0,1,0,0
19044231,2008,0,0,0,1
19044230,2008,1,0,0,0
19044229,2008,1,0,0,0
19044228,2008,1,0,0,0
19044227,2008,1,0,0,0
19044226,2008,1,0,0,0
19041475,2008,1,1,0,0
19040075,2008,1,0,0,0
19040074,2008,1,1,0,0
19040047,2008,1,0,0,0
19039458,2008,1,0,0,0
19034125,2008,1,0,0,0
19027580,2008,1,0,0,0
19027563,2008,1,1,0,0
19027562,2008,1,0,0,0
19027561,2008,0,1,0,0
19027559,2008,1,1,0,0
19027558,2008,1,1,0,0
19027544,2008,1,0,0,0
19021362,2008,1,0,0,0
19019923,2008,1,0,0,0
19016809,2008,1,0,0,0
19006739,2008,1,0,0,0
19006735,2008,1,1,0,0
19006734,2008,1,0,0,0
19006733,2008,1,1,0,0
19006732,2008,1,0,0,0
19006731,2008,1,0,0,0
19006729,2008,1,0,0,0
19006721,2008,1,0,0,0
19001213,2008,1,0,0,0
18997541,2008,1,0,0,0
18988156,2008,1,0,0,0
18988155,2008,1,0,0,0
18983545,2008,1,0,0,0
18952913,2008,0,1,0,0
18930447,2008,1,0,0,0
18929166,2008,1,1,0,0
18929165,2008,1,0,0,0
18923814,2008,1,0,0,0
18856243,2008,1,0,0,0
18856242,2008,1,0,0,0
18856241,2008,0,1,0,0
18856238,2008,0,1,0,0
18856235,2008,1,0,0,0
18856234,2008,1,0,0,0
18856233,2008,1,0,0,0
18856231,2008,1,1,0,0
18856230,2008,1,0,0,0
18856229,2008,1,0,0,0
18856228,2008,1,0,0,0
18855281,2008,1,0,0,0
18850548,2008,0,1,0,0
18850547,2008,1,0,0,0
18850545,2008,1,0,0,0
18846347,2008,1,0,0,0
18844019,2008,1,0,0,0
18832981,2008,1,0,0,0
18813078,2008,1,0,0,0
18812769,2008,1,1,0,0
18812140,2008,1,0,0,0
18812139,2008,1,0,0,0
18812137,2008,0,1,0,0
18812130,2008,1,1,0,0
18812126,2008,1,1,0,0
18812125,2008,0,1,0,0
18812124,2008,1,0,0,0
18812123,2008,0,1,0,0
18812119,2008,1,0,0,0
18812114,2008,1,0,0,0
18811119,2008,1,0,0,0
18811115,2008,1,1,0,0
18811114,2008,1,0,0,0
18811109,2008,0,1,0,0
18811108,2008,1,1,0,0
18811107,2008,1,0,0,0
18803126,2008,1,0,0,0
18787432,2008,1,0,0,0
18785544,2008,1,0,0,0
18784443,2008,0,0,0,1
18782946,2008,1,1,0,0
18780288,2009,0,1,0,0
18777878,2008,1,0,0,0
18777038,2008,0,1,0,0
18775529,2008,1,1,0,0
18774546,2008,0,1,0,0
18773260,2008,1,1,0,0
18772724,2008,0,1,0,0
18772720,2008,0,1,0,0
18769298,2008,1,0,0,0
18765949,2008,0,1,0,0
18757469,2008,1,0,0,0
18754248,2008,1,0,0,0
18753800,2008,0,1,0,0
18729311,2008,1,0,0,0
18727026,2008,0,0,0,1
18721717,2008,0,1,0,0
18721716,2008,1,1,0,0
18721715,2008,1,0,0,0
18721714,2008,1,1,0,0
18721712,2008,0,0,1,0
18703555,2008,0,0,0,1
18695100,2008,1,0,0,0
18692245,2008,1,1,0,0
18681372,2008,1,1,0,0
18679453,2008,0,0,0,1
18658090,2008,1,0,0,0
18655997,2008,1,0,0,0
18655994,2008,1,0,0,0
18655981,2008,1,0,0,0
18655978,2008,0,1,0,0
18655977,2008,0,1,0,0
18655976,2008,1,0,0,0
18655975,2008,1,1,0,0
18655974,2008,1,0,0,0
18655973,2008,1,0,0,0
18655960,2008,1,0,0,0
18654605,2008,0,1,0,0
18652400,2008,1,0,0,0
18650675,2008,1,0,0,0
18650664,2008,1,0,0,0
18650214,2008,1,0,0,0
18641817,2008,0,1,0,0
18641581,2008,1,1,0,0
18631329,2008,1,0,0,0
18626378,2008,0,0,0,1
18614136,2008,1,1,0,0
18607602,2008,0,1,0,0
18602858,2008,1,0,0,0
18598819,2008,1,0,0,0
18592975,2008,1,0,0,0
18592973,2008,1,0,0,0
18586883,2008,1,0,0,0
18581795,2008,1,0,0,0
18581793,2008,1,0,0,0
18581792,2008,0,1,0,0
18581791,2008,0,1,0,0
18581790,2008,0,1,0,0
18581787,2008,1,0,0,0
18581784,2008,0,1,0,0
18581783,2008,1,0,0,0
18581780,2008,0,1,0,0
18581778,2008,1,0,0,0
18580274,2008,1,0,0,0
18571094,2008,1,0,0,0
18571079,2008,1,0,0,0
18571077,2008,1,0,0,0
18571073,2008,1,0,0,0
18571072,2008,1,0,0,0
18571071,2008,1,0,0,0
18571060,2008,1,0,0,0
18571058,2008,1,0,0,0
18556944,2008,1,0,0,0
18546924,2008,0,0,0,1
18545021,2008,0,0,0,1
18545019,2008,0,1,0,0
18545018,2008,0,1,0,0
18545017,2008,1,1,0,0
18545016,2008,1,1,0,0
18545015,2008,1,1,0,0
18545014,2008,1,0,0,0
18545012,2008,1,0,0,0
18542509,2008,0,1,0,0
18542485,2008,0,1,0,0
18520507,2008,1,0,0,0
18520500,2008,1,0,0,0
18517007,2008,1,0,0,0
18516422,2008,1,0,0,0
18516131,2008,1,0,0,0
18515582,2008,1,1,0,0
18515581,2008,1,1,0,0
18515566,2008,0,0,0,1
19668724,2008,1,0,0,0
18510249,2008,0,0,0,1
18508423,2008,0,1,0,0
18503791,2008,0,1,0,0
18502995,2008,0,1,0,0
18501329,2008,1,0,0,0
18500531,2008,0,1,0,0
18500100,2008,0,0,0,1
18500099,2008,1,1,0,0
18500098,2008,1,0,0,0
18500097,2008,1,0,0,0
18500096,2008,1,1,0,0
18500095,2008,1,0,0,0
18500094,2008,0,1,0,0
18500093,2008,1,0,0,0
18500092,2008,1,0,0,0
18500091,2008,1,0,0,0
18500090,2008,1,1,0,0
18500089,2008,1,1,0,0
18500088,2008,0,1,0,0
18500087,2008,1,0,0,0
18500086,2008,1,1,0,0
18500085,2008,1,0,0,0
18500084,2008,1,1,0,0
18500083,2008,1,0,0,0
18500082,2008,1,0,0,0
18500081,2008,1,0,0,0
18500080,2008,1,1,0,0
18500078,2008,1,1,0,0
18499012,2008,0,0,0,1
18499004,2008,1,0,0,0
18499003,2008,0,1,0,0
18499002,2008,1,0,0,0
18498995,2008,0,1,0,0
18498994,2008,0,1,0,0
18498993,2008,0,1,0,0
18498992,2008,1,1,0,0
18498974,2008,1,0,0,0
18494351,2008,1,0,0,0
18494349,2008,1,1,0,0
18494348,2008,1,0,0,0
18494346,2008,1,0,0,0
18494345,2008,1,1,0,0
18494342,2008,1,0,0,0
18494341,2008,1,0,0,0
18494340,2008,1,0,0,0
18494339,2008,1,0,0,0
18494338,2008,1,0,0,0
18494337,2008,0,1,0,0
18471650,2008,1,0,0,0
18471648,2008,1,1,0,0
18471647,2008,1,0,0,0
18471644,2008,1,0,0,0
18471637,2008,0,0,0,1
18471633,2008,1,0,0,0
18471619,2008,1,0,0,0
18471615,2008,1,0,0,0
18471610,2008,1,0,0,0
18471609,2008,1,1,0,0
18465711,2008,1,0,0,0
18463424,2008,0,1,0,0
18461347,2008,1,0,0,0
18446357,2008,1,0,0,0
18439562,2008,1,0,0,0
18435333,2008,1,0,0,0
18434844,2008,0,1,0,0
18431582,2008,1,1,0,0
18427270,2008,1,1,0,0
18419106,2008,1,0,0,0
18417822,2008,1,0,0,0
18416268,2008,0,0,0,1
18416265,2008,1,0,0,0
18416262,2008,1,0,0,0
18413547,2008,1,0,0,0
18412228,2008,0,1,0,0
18408845,2008,1,1,0,0
18408490,2008,1,0,0,0
18406656,2008,0,0,0,1
18404129,2008,0,1,0,0
18404122,2008,0,1,0,0
18395714,2008,1,0,0,0
18385058,2008,0,1,0,0
18382344,2008,0,1,0,0
23479527,2008,0,0,0,1
18362679,2008,1,1,0,0
18362678,2008,1,1,0,0
18362654,2008,0,1,0,0
18361985,2008,1,0,0,0
18361984,2008,1,1,0,0
18361976,2008,1,0,0,0
18361975,2008,1,0,0,0
18361974,2008,1,0,0,0
18361973,2008,1,0,0,0
18349678,2008,1,0,0,0
18343184,2008,0,0,0,1
18342832,2008,0,1,0,0
18332322,2008,0,0,0,1
18331182,2008,1,0,0,0
18328998,2008,1,0,0,0
18319111,2008,1,0,0,0
18319110,2008,1,0,0,0
18317329,2008,0,1,0,0
18311567,2008,0,0,0,1
18303226,2008,0,0,0,1
18303225,2008,1,0,0,0
18302575,2008,0,1,0,0
18299080,2008,1,0,0,0
18299066,2008,1,0,0,0
18299065,2008,0,1,0,0
18299064,2008,1,0,0,0
18299063,2008,1,0,0,0
18299062,2008,1,0,0,0
18299061,2008,1,1,0,0
18299054,2008,1,0,0,0
18297947,2008,1,1,0,0
18297946,2008,0,1,0,0
18297945,2008,1,1,0,0
18297942,2008,0,1,0,0
18297941,2008,0,0,0,1
18297938,2008,0,1,0,0
18297937,2008,1,0,0,0
18297936,2008,1,0,0,0
18297934,2008,1,1,0,0
18293264,2008,1,0,0,0
18292203,2008,1,1,0,0
18290954,2008,1,0,0,0
18272040,2008,1,0,0,0
18271782,2008,1,0,0,0
18269159,2008,0,0,0,1
18269158,2008,1,0,0,0
18269157,2008,1,1,0,0
18269156,2008,0,0,0,1
18269155,2008,1,1,0,0
18269154,2008,0,1,0,0
18269153,2008,1,1,0,0
18269152,2008,1,1,0,0
18269151,2008,1,1,0,0
18269149,2008,1,1,0,0
18269147,2008,0,1,0,0
18269146,2008,1,0,0,0
18269145,2008,1,0,0,0
18269144,2008,1,0,0,0
18269143,2008,1,1,0,0
18243931,2008,1,1,0,0
18268205,2008,1,0,0,0
18245981,2008,1,0,0,0
18245979,2008,1,0,0,0
18245963,2008,1,0,0,0
18243154,2008,1,0,0,0
18242573,2008,1,0,0,0
18242465,2008,1,0,0,0
18242463,2008,1,1,0,0
18242461,2008,1,0,0,0
18242457,2008,1,0,0,0
18242446,2008,1,0,0,0
18242445,2008,1,0,0,0
18242444,2008,1,0,0,0
18242443,2008,1,0,0,0
18242441,2008,1,0,0,0
18242425,2008,1,0,0,0
18242419,2008,1,0,0,0
19633786,2008,1,1,0,0
18226799,2008,0,1,0,0
18225492,2008,1,0,0,0
18222186,2008,1,0,0,0
18216591,2008,1,0,0,0
18216572,2008,1,0,0,0
18215799,2008,1,0,0,0
18209559,2008,1,0,0,0
18209558,2008,1,0,0,0
18209557,2008,1,0,0,0
18209556,2008,1,0,0,0
18209555,2008,0,1,0,0
18209554,2008,1,1,0,0
18209553,2008,1,0,0,0
18191654,2008,0,0,0,1
18180679,2008,0,1,0,0
18173641,2008,1,0,0,0
18172089,2008,1,0,0,0
25389618,2008,1,0,0,0
23479521,2008,0,1,0,0
23479518,2008,1,0,0,0
19354176,2008,1,0,0,0
19277224,2008,1,0,0,0
19105589,2008,0,1,0,0
18165095,2008,1,1,0,0
18165093,2008,1,0,0,0
18165078,2008,1,0,0,0
18165077,2008,1,0,0,0
18165076,2008,1,0,0,0
18154754,2008,1,0,0,0
18154753,2008,0,1,0,0
18154752,2008,0,1,0,0
18154748,2008,1,1,0,0
18090892,2008,0,1,0,0
18038139,2008,1,0,0,0
17896110,2008,1,1,0,0
42111884,2025,0,0,1,0
41994243,2025,1,0,0,0
41855254,2025,0,0,0,1
41704577,2025,0,1,0,0
41694686,2025,1,0,0,0
41693807,2025,1,0,0,0
41675734,2025,1,1,0,0
41608128,2025,1,0,1,0
41608000,2025,0,0,1,0
41601748,2025,1,0,0,0
41595971,2025,0,1,0,0
41583384,2025,1,0,0,0
41573013,2025,0,0,1,0
41522812,2025,0,1,0,0
41517464,2025,0,0,0,1
41488715,2025,0,1,0,0
41488714,2025,1,1,0,0
41488012,2025,0,0,1,0
41488010,2025,0,0,0,1
41480467,2025,1,0,0,0
41460129,2025,1,1,0,0
41460128,2025,1,1,0,0
41459031,2025,1,0,0,0
41450366,2025,0,1,0,0
41446838,2025,1,0,0,0
41444282,2025,0,0,1,0
41436254,2025,1,0,1,0
41432697,2025,1,0,0,0
41432517,2025,0,0,1,0
41432516,2025,0,0,1,0
41432506,2025,1,0,0,0
41427448,2025,0,1,0,0
41425087,2025,0,0,1,0
41419907,2025,1,0,0,0
41411262,2025,0,0,1,0
41409358,2025,1,0,1,0
41400811,2025,0,1,0,0
41389690,2025,1,0,0,0
41385122,2025,0,0,1,0
41384799,2025,0,0,1,0
41383249,2025,1,0,1,0
41382247,2025,0,0,1,0
41372540,2025,1,0,0,0
41370829,2025,0,1,1,0
41369672,2025,1,0,0,0
41369670,2025,1,0,0,0
41369669,2025,0,0,1,0
41369661,2025,1,0,0,0
41369660,2025,0,0,0,1
41366754,2025,1,0,0,0
41362592,2025,0,0,1,0
41354188,2025,0,0,1,0
41348419,2025,0,1,0,0
41345440,2025,1,0,1,0
41328826,2025,0,1,0,0
41325313,2025,0,0,1,0
41324117,2025,0,1,0,0
41319828,2025,1,1,0,0
41310534,2025,1,0,0,0
41306906,2025,0,0,1,0
41306347,2025,0,0,1,0
41305740,2025,0,0,0,1
41301155,2025,0,0,1,0
41291246,2025,0,0,1,0
41280619,2025,1,0,1,0
41274623,2025,0,1,0,0
41273408,2025,0,0,0,1
41268241,2025,1,0,0,0
41267201,2025,0,0,1,0
41261702,2025,0,1,0,0
41254894,2025,0,1,0,0
41247553,2025,0,0,0,1
41247472,2025,1,0,1,0
41247447,2025,1,0,0,0
41240241,2025,0,1,0,0
41212966,2025,0,0,1,0
41212965,2025,1,0,0,0
41212964,2025,1,0,1,0
41212958,2025,1,0,0,0
41212957,2025,0,1,0,0
41205666,2025,1,0,0,0
41204130,2025,1,0,0,0
41198102,2025,1,0,0,0
41195408,2025,1,0,0,0
41189791,2025,1,1,0,0
41189781,2025,1,1,1,0
41189774,2025,0,1,0,0
41187966,2025,1,0,1,0
41168723,2025,1,0,0,0
41163821,2025,0,1,0,0
41158724,2025,0,0,1,0
41158178,2025,0,1,0,0
41158161,2025,0,0,1,0
41148025,2025,1,0,0,0
41147948,2025,0,1,0,0
41146198,2025,0,0,1,0
41146077,2025,0,1,0,0
41142946,2025,1,0,0,0
41134277,2025,0,0,0,1
41129167,2025,1,0,1,0
41115939,2025,0,0,1,0
41110583,2025,1,0,1,0
41109393,2025,1,0,0,0
41103827,2025,1,0,0,0
41095669,2025,0,0,1,0
41093867,2025,1,0,0,0
41088682,2025,1,0,1,0
41088631,2025,1,0,1,0
41079506,2025,1,1,1,0
41075913,2025,0,1,0,0
41075735,2025,0,1,0,0
41073324,2025,0,0,1,0
41073323,2025,0,0,0,1
41070079,2025,1,0,0,0
41065742,2025,1,1,1,0
41065739,2025,1,0,0,0
41065738,2025,0,0,0,1
41065733,2025,0,0,1,0
41065732,2025,1,1,1,0
41059796,2025,0,0,0,1
41059243,2025,1,1,0,0
41052106,2025,0,0,0,1
41050260,2024,0,1,0,0
41035146,2025,0,1,0,0
41034774,2025,1,1,1,0
41029274,2025,0,0,1,0
41016970,2025,1,0,0,0
41010803,2025,0,1,0,0
41005968,2025,0,0,1,0
40999507,2025,0,1,0,0
40994605,2025,1,0,0,0
40992489,2025,1,0,0,0
40989066,2025,0,0,1,0
40986049,2025,1,1,1,0
40976615,2025,0,0,1,0
40972742,2025,1,0,1,0
40963955,2025,1,0,0,0
40958233,2025,0,0,1,0
40958129,2025,1,1,0,0
40939641,2025,1,0,0,0
40936031,2025,1,1,1,0
40935225,2025,0,0,0,1
40929568,2025,0,1,0,0
40929562,2025,0,0,0,1
40926937,2025,1,0,1,0
40923618,2025,1,0,0,0
40923616,2025,1,0,0,0
40923615,2025,0,0,1,0
40923614,2025,1,0,0,0
40923613,2025,1,0,0,0
40923609,2025,1,0,0,0
40923607,2025,1,0,1,0
40923606,2025,1,0,0,0
40923605,2025,1,1,0,0
40921752,2025,1,0,0,0
40920465,2025,0,0,0,1
40920156,2025,1,0,0,0
40917269,2025,1,1,0,0
40900995,2025,0,0,1,0
40889751,2025,0,0,0,1
40887222,2025,1,1,0,0
40885436,2025,0,0,0,1
40877528,2025,1,0,1,0
40868073,2025,0,0,0,1
40880161,2025,1,0,0,0
40875071,2025,0,1,0,0
40855539,2025,0,0,0,1
40865157,2025,0,1,1,0
40864184,2025,0,0,0,1
40847350,2025,0,0,0,1
40840455,2025,0,0,1,0
40842878,2025,0,0,1,0
40842820,2025,1,0,1,0
40837667,2025,0,0,1,0
40837449,2025,0,0,1,0
40831799,2025,0,0,0,1
40830852,2025,1,0,1,0
40830639,2025,0,0,1,0
40829627,2025,1,0,0,0
40827303,2025,1,0,0,0
40826051,2025,1,1,1,0
40823163,2025,1,1,0,0
40817927,2025,1,1,0,0
40807023,2025,1,0,0,0
40806958,2025,1,0,0,0
40796075,2025,1,1,0,0
40789502,2025,0,0,1,0
40786819,2025,0,0,1,0
40785261,2025,1,0,0,0
40781520,2025,1,0,1,0
40781497,2025,0,0,1,0
40779689,2025,0,0,1,0
40778939,2025,1,0,0,0
40778936,2025,1,0,0,0
40778872,2025,1,0,0,0
40778870,2025,1,0,1,0
40778869,2025,1,0,0,0
40778861,2025,0,0,0,1
40766835,2025,0,0,1,0
40757202,2025,0,1,0,0
40752793,2025,1,1,1,0
40747989,2025,0,0,0,1
40745915,2025,0,0,0,1
40745645,2025,0,0,1,0
40737267,2025,1,0,0,0
40730506,2025,1,0,0,0
40725542,2025,0,0,1,0
40710418,2025,1,0,0,0
40704266,2025,0,0,0,1
40704251,2025,1,0,1,0
40700085,2025,0,1,0,0
40698097,2025,1,1,0,0
40697325,2025,0,0,1,0
40694076,2025,1,0,0,0
40691596,2025,0,1,0,0
40690961,2025,0,0,1,0
40688776,2025,0,0,1,0
40688735,2025,0,0,1,0
40682746,2025,0,0,0,1
40679422,2025,0,0,0,1
40678733,2025,1,0,0,0
40666777,2025,0,0,0,1
40666763,2025,1,1,0,0
40664759,2025,0,0,1,0
40661247,2025,0,0,1,0
40659730,2025,1,0,0,0
40658632,2025,0,0,1,0
40653830,2025,0,0,1,0
40653540,2025,0,1,0,0
40653255,2025,1,0,0,0
40648779,2025,0,0,0,1
40638060,2025,0,1,0,0
40630851,2025,0,1,0,0
40626440,2025,0,0,1,0
40626438,2025,1,0,0,0
40626434,2025,0,0,1,0
40626433,2025,1,0,0,0
40626427,2025,1,0,0,0
40625637,2025,1,0,0,0
40623469,2025,0,1,0,0
40622458,2025,1,1,0,0
40607236,2025,1,0,0,0
40601513,2025,1,0,1,0
40601503,2025,1,1,1,0
40597867,2025,1,0,0,0
40597790,2025,1,0,1,0
40597090,2025,0,1,0,0
40597045,2025,0,0,1,0
40588075,2025,1,0,1,0
40586791,2025,1,0,0,0
40580348,2025,0,0,0,1
40580148,2025,0,0,0,1
40579125,2025,1,0,0,0
40578974,2025,0,0,1,0
40570662,2025,1,0,0,0
40567923,2025,0,1,0,0
40560290,2025,0,1,0,0
40557401,2024,0,0,0,1
40554654,2025,0,0,0,1
40553638,2025,0,0,0,1
40547359,2025,0,0,1,0
40540100,2025,0,1,0,0
40537265,2025,1,0,0,0
40536262,2025,1,0,0,0
40534800,2025,1,0,0,0
40530230,2025,1,0,0,0
40527392,2025,1,1,1,0
40525849,2025,0,1,0,0
40520801,2025,0,0,1,0
40517993,2025,1,0,0,0
40513991,2025,1,0,0,0
40512302,2025,0,0,1,0
40507772,2025,0,0,0,1
40506651,2025,0,0,0,1
40494048,2025,0,0,1,0
40492632,2025,0,1,0,0
40488485,2025,1,1,1,0
40488483,2025,0,0,1,0
40488481,2025,1,0,0,0
40482944,2025,1,0,0,0
40482723,2025,1,0,0,0
40474170,2025,0,0,1,0
40474123,2025,1,0,1,0
40472675,2025,0,0,0,1
40470056,2025,1,0,0,0
40469419,2025,0,0,1,0
40458809,2025,0,1,0,0
40458252,2025,0,1,0,0
40456396,2025,1,0,0,0
40451982,2025,0,0,1,0
40449080,2025,0,0,0,1
40445504,2025,0,1,0,0
40427084,2025,1,1,0,0
40426178,2025,0,1,0,0
40421878,2025,0,0,1,0
40408116,2025,0,0,1,0
40401218,2025,0,1,0,0
40398450,2025,1,1,0,0
40398410,2025,1,1,1,0
40385121,2025,0,0,1,0
40385113,2025,1,0,0,0
40381112,2025,0,0,1,0
40381071,2025,0,0,1,0
40371264,2025,0,1,0,0
40353544,2025,0,1,0,0
40351463,2025,0,0,1,0
40340683,2025,0,1,0,0
40340679,2025,1,0,0,0
40340674,2025,0,0,0,1
40340673,2025,0,0,1,0
40335992,2025,0,1,0,0
40330960,2025,0,1,0,0
40329271,2025,1,0,0,0
40328136,2025,0,0,1,0
40323465,2025,0,0,1,0
40323398,2025,0,1,1,0
40321166,2025,0,0,1,0
40320564,2025,1,0,0,0
40319988,2025,0,1,1,0
40319215,2025,0,1,0,0
40297754,2025,0,0,1,0
40297524,2025,0,0,1,0
40296639,2025,1,1,0,0
40295504,2025,1,0,0,0
40291838,2025,1,0,0,0
40291029,2025,0,1,0,0
40287029,2025,0,1,0,0
40283426,2025,1,1,0,0
40281740,2025,0,0,1,0
40279261,2025,1,0,1,0
40277339,2025,0,0,0,1
40276947,2025,0,0,1,0
40265998,2025,1,0,0,0
40258761,2025,0,0,1,0
40256035,2025,0,0,1,0
40252945,2025,1,0,0,0
40244399,2025,0,0,1,0
40243076,2025,1,1,1,0
40243075,2025,0,1,0,0
40243072,2025,1,0,0,0
40243065,2025,0,0,1,0
40241404,2025,0,0,1,0
40233812,2025,0,0,1,0
40231078,2025,1,0,0,0
40228739,2025,1,0,0,0
40227174,2025,0,1,1,0
40226888,2025,1,0,0,0
40217732,2025,0,1,0,0
40216806,2025,0,0,0,1
40215757,2025,0,1,0,0
40210829,2025,0,0,1,0
40205533,2025,1,0,0,0
40203707,2025,0,0,1,0
40199570,2025,1,1,1,0
40197080,2025,1,0,0,0
40197076,2025,1,0,0,0
40197068,2025,0,0,1,0
40190999,2025,1,1,0,0
40189889,2025,0,0,0,1
40178682,2025,0,0,0,1
40171137,2025,0,0,1,0
40167851,2025,0,0,1,0
40165267,2025,0,0,1,0
40159554,2025,0,1,0,0
40158647,2025,0,0,1,0
40155855,2025,0,0,0,1
40148123,2025,0,0,1,0
40146165,2025,1,0,0,0
40144768,2025,1,0,1,0
40142798,2025,1,1,0,0
40142206,2025,1,0,0,0
40133883,2025,1,0,0,0
40132091,2025,0,1,0,0
40127837,2025,1,0,0,0
40125484,2025,1,0,1,0
40103964,2025,1,0,0,0
40103957,2025,1,0,0,0
40103788,2025,0,1,0,0
40102791,2025,1,1,0,0
40102567,2025,1,0,0,0
40102539,2025,0,1,0,0
40094700,2025,1,0,0,0
40092745,2025,1,0,0,0
40085260,2025,0,0,1,0
40078792,2025,1,1,1,0
40075880,2025,1,0,1,0
40075391,2025,0,1,1,0
40069672,2025,0,0,1,0
40068125,2025,0,0,1,0
40067672,2025,1,1,0,0
40067671,2025,0,0,1,0
40067670,2025,1,0,0,0
40067669,2025,1,1,1,0
40067668,2025,0,0,1,0
40067665,2025,1,1,0,0
40067658,2025,0,0,1,0
40055637,2025,0,0,0,1
40054583,2025,1,0,1,0
40052286,2025,1,0,0,0
40046896,2025,1,0,0,0
40046397,2025,0,0,1,0
40045498,2025,0,0,1,0
40044702,2025,0,0,1,0
40042352,2025,0,0,1,0
40038326,2025,1,0,0,0
40035722,2025,0,0,1,0
40031934,2025,0,1,0,0
40023354,2025,0,1,0,0
40016815,2025,1,0,0,0
40009249,2025,0,1,0,0
40007272,2025,0,0,1,0
40004598,2025,1,0,1,0
40004569,2025,0,1,0,0
40003656,2025,1,0,1,0
40001065,2025,0,1,0,0
39995743,2025,0,0,1,0
41994238,2025,0,1,0,0
39992245,2025,0,0,1,0
39988607,2025,0,0,1,0
39961450,2025,1,0,0,0
39960401,2025,0,1,0,0
39959589,2023,1,0,1,0
39952426,2025,0,0,1,0
39946315,2025,0,0,1,0
39941542,2025,1,0,0,0
39939419,2025,1,0,1,0
39939204,2025,1,1,0,0
39939004,2025,0,0,1,0
39938918,2025,0,1,0,0
39937981,2025,0,0,1,0
39937977,2025,1,1,0,0
39937974,2025,0,0,1,0
39935797,2025,0,0,1,0
39930352,2025,0,1,1,0
39927507,2025,0,0,1,0
39925558,2025,0,1,0,0
39917039,2024,1,0,0,0
39911435,2025,0,0,1,0
39900802,2025,0,0,0,1
39900646,2025,1,0,0,0
39897142,2025,1,0,0,0
39896888,2025,0,1,0,0
39881018,2025,0,0,1,0
39880672,2025,1,0,1,0
39862961,2025,0,1,0,0
39862292,2025,0,0,1,0
39856569,2025,1,0,0,0
39855446,2025,0,0,1,0
39853271,2025,0,1,0,0
39841871,2025,1,0,0,0
39840211,2024,0,1,0,0
39836548,2025,0,0,1,0
39836534,2025,1,0,0,0
39836318,2025,1,0,0,0
39830041,2025,1,1,0,0
39829621,2025,0,0,1,0
39827234,2025,0,0,0,1
39822075,2025,0,0,1,0
39816207,2025,1,1,0,0
39815836,2025,1,1,1,0
39814802,2025,1,0,1,0
39811418,2024,1,0,0,0
39805661,2025,0,0,0,1
39795626,2025,0,0,1,0
39795571,2024,0,0,1,0
39792283,2025,0,1,0,0
39791962,2025,0,1,0,0
39783820,2025,0,1,0,0
39783819,2025,0,0,1,0
39783817,2025,0,0,1,0
39783811,2025,1,1,1,0
39783809,2025,0,0,1,0
39762309,2025,1,0,0,0
39743926,2024,0,1,0,0
41624470,2025,1,0,0,0
39737364,2024,1,1,1,0
39735413,2024,0,0,1,0
39733784,2024,0,0,1,0
39731247,2024,0,0,0,1
39723416,2024,1,0,0,0
39720186,2024,1,1,0,0
39697877,2024,0,0,1,0
39696077,2024,1,0,0,0
39694459,2024,1,0,0,0
39692387,2024,1,0,0,0
39691111,2024,1,0,0,0
39687845,2024,0,0,1,0
39687844,2024,1,0,0,0
39685482,2024,0,1,0,0
39674098,2024,0,0,0,1
39666866,2024,0,1,0,0
39665995,2024,1,1,0,0
39661442,2024,0,0,0,1
39658232,2024,1,0,0,0
39656257,2024,0,1,0,0
39656255,2024,0,0,1,0
39656254,2024,0,0,1,0
39656252,2024,0,0,1,0
39656251,2024,1,0,0,0
39656250,2024,0,0,0,1
39653022,2024,1,0,0,0
39651505,2024,0,1,0,0
39648029,2024,1,0,1,0
39641610,2025,1,1,1,0
39635258,2024,0,0,1,0
39633296,2024,0,0,1,0
39632949,2024,0,0,0,1
39621051,2024,1,0,1,0
39602353,2025,1,0,0,0
39600614,2024,1,0,0,0
39591576,2024,1,0,1,0
39582496,2024,1,0,0,0
39577672,2024,0,0,1,0
39576656,2024,1,0,1,0
39575318,2024,0,1,0,0
39569779,2024,1,0,0,0
39555137,2024,1,0,0,0
39554394,2024,0,1,0,0
39539961,2024,0,0,1,0
39539900,2024,1,1,1,0
39533610,2024,0,1,0,0
39525777,2024,0,0,1,0
39530992,2024,0,0,1,0
39530991,2024,1,0,0,0
39530987,2024,1,0,1,0
39530985,2024,1,0,0,0
39530980,2024,0,0,0,1
39528007,2024,0,0,1,0
39511370,2024,0,0,1,0
39510369,2024,1,0,0,0
39508787,2024,0,0,0,1
39508778,2024,1,0,1,0
39507851,2024,0,0,1,0
39505061,2024,0,0,1,0
39502959,2024,1,0,1,0
39502627,2024,0,1,0,0
39489786,2024,1,0,0,0
39483991,2024,0,1,0,0
39470468,2024,0,0,0,1
39465024,2023,0,0,0,1
39464765,2024,1,0,0,0
39459588,2024,0,1,0,0
39458130,2024,0,1,0,0
39457602,2024,1,1,1,0
39452558,2024,1,0,0,0
39448432,2024,1,1,0,0
39446853,2024,0,1,1,0
39446850,2024,1,1,0,0
39430014,2024,0,1,0,0
39429624,2024,1,0,0,0
39427010,2024,1,0,0,0
39421216,2024,1,0,0,0
39413248,2025,0,0,0,1
39407053,2024,1,0,0,0
39398471,2024,0,1,0,0
39398468,2024,0,1,0,0
39387912,2024,1,1,1,0
39387385,2024,1,0,0,0
39387384,2024,1,1,1,0
39387380,2024,1,0,1,0
39387379,2024,0,0,1,0
39386175,2024,0,1,0,0
39380189,2025,1,1,1,0
39375138,2024,0,1,1,0
39373787,2024,1,0,1,0
39367336,2024,1,0,0,0
39365199,2024,0,0,0,1
39364648,2024,0,0,0,1
39363130,2024,0,1,0,0
39359915,2024,1,0,1,0
39356967,2024,0,0,1,0
39350140,2024,1,0,0,0
39333996,2024,0,0,1,0
39333584,2024,0,0,1,0
39324247,2024,1,0,0,0
39319914,2024,1,0,0,0
39318903,2024,1,1,1,0
39317099,2024,1,0,0,0
39316192,2024,0,1,0,0
39315304,2024,0,1,0,0
39313861,2024,0,1,0,0
39313859,2024,1,0,0,0
39313776,2024,0,1,0,0
39313768,2024,1,0,0,0
39311974,2024,1,0,1,0
39309588,2024,1,1,1,0
39292522,2024,0,0,0,1
39290163,2024,1,0,1,0
39289687,2024,1,0,0,0
39287273,2024,1,0,0,0
39284031,2025,1,0,0,0
39281406,2023,1,0,0,0
39281395,2023,0,0,0,1
39280629,2024,1,0,1,0
39274399,2024,1,1,0,0
39268033,2024,1,0,0,0
39265284,2024,1,0,0,0
39257104,2024,0,0,1,0
39254251,2024,1,0,1,0
39254246,2024,1,0,0,0
39254245,2024,1,1,0,0
39254244,2024,1,0,0,0
39254243,2024,0,0,0,1
39254239,2024,0,1,0,0
39254238,2024,1,0,0,0
39246558,2024,1,1,1,0
39244630,2024,0,1,0,0
39237938,2024,1,0,1,0
39231723,2024,0,1,0,0
39227793,2024,1,0,1,0
39226353,2024,1,1,0,0
39223626,2024,0,1,0,0
39211657,2024,1,1,0,0
39211645,2024,1,1,0,0
39206083,2024,0,1,0,0
39202239,2024,0,0,1,0
39188874,2024,0,1,0,0
39185835,2024,1,0,0,0
39185830,2024,1,0,0,0
39185826,2024,1,0,0,0
39185824,2024,0,0,0,1
39185363,2024,0,0,1,0
39184392,2024,1,0,0,0
39182212,2024,0,0,1,0
39169780,2024,0,1,0,0
39156271,2024,1,0,0,0
39155380,2024,1,0,1,0
39154649,2024,0,0,0,1
39147902,2024,0,1,0,0
39147728,2024,0,1,0,0
39141409,2024,1,0,0,0
39139351,2024,0,1,0,0
39124578,2024,1,1,1,0
39120023,2024,1,0,0,0
39120021,2024,1,1,0,0
39120020,2024,1,0,0,0
39120016,2024,1,1,0,0
39120015,2024,1,0,1,0
39114735,2024,0,0,0,1
39112522,2024,0,0,0,1
39103855,2024,1,0,0,0
39102261,2024,0,1,0,0
39090690,2024,1,0,0,0
39087822,2024,1,0,0,0
39085159,2024,0,0,0,1
39085158,2024,1,0,1,0
39085157,2024,0,0,0,1
39085155,2024,1,0,0,0
39085154,2024,0,0,0,1
39085153,2024,0,0,0,1
39083227,2024,0,1,0,0
39078970,2024,0,0,1,0
39078967,2024,0,0,0,1
39078954,2024,1,0,0,0
39070107,2024,0,0,1,0
39063559,2024,0,0,1,0
39058250,2024,0,0,0,1
39037500,2024,1,0,0,0
39028227,2024,1,0,0,0
39028028,2024,1,0,0,0
39026900,2024,1,0,0,0
39025658,2024,0,1,0,0
39025652,2024,0,0,1,0
39025644,2024,0,1,0,0
39019581,2024,1,1,0,0
39015239,2024,1,1,0,0
39007817,2024,1,0,0,0
39007811,2024,0,1,1,0
39005583,2024,0,0,1,0
39002832,2024,0,0,1,0
39002831,2024,0,0,1,0
39002076,2024,1,0,0,0
38999534,2024,0,0,1,0
38997503,2024,0,0,1,0
38985933,2024,0,0,0,1
38984129,2024,0,0,0,1
38984110,2024,0,0,0,1
38978191,2024,0,1,0,0
38967494,2024,0,0,1,0
38964497,2024,1,0,1,0
38954134,2024,0,1,1,0
38952720,2024,1,0,0,0
38951314,2024,1,0,1,0
38940469,2024,1,0,0,0
38935041,2024,0,0,0,1
38928690,2024,1,0,1,0
38925892,2025,0,1,0,0
38923497,2024,0,0,0,1
38918902,2024,1,0,0,0
38916805,2024,0,1,0,0
38916023,2024,1,1,1,0
38914606,2024,0,0,1,0
38907885,2024,0,1,0,0
38905464,2024,0,0,1,0
38902457,2024,0,0,1,0
38897594,2024,0,1,0,0
38895670,2024,0,1,0,0
38894817,2024,1,0,0,0
38893017,2024,1,0,0,0
38892769,2024,0,1,0,0
38885176,2024,1,1,0,0
38872649,2024,0,1,0,0
38872607,2024,0,0,1,0
38867491,2024,1,1,0,0
38865592,2024,1,0,0,0
38863679,2024,1,0,0,0
38860117,2024,1,0,0,0
38854896,2024,0,1,0,0
38853628,2024,1,0,0,0
38851946,2024,1,1,1,0
41367836,2024,0,0,0,1
38848058,2024,0,0,1,0
38848054,2024,0,1,0,0
38848053,2024,1,1,0,0
38830188,2024,1,0,0,0
38807863,2024,1,0,0,0
38796537,2024,0,0,1,0
38792550,2024,1,0,0,0
38780430,2024,1,0,1,0
38779265,2024,1,0,1,0
38770606,2024,1,0,1,0
38767561,2024,1,0,0,0
38767551,2024,0,1,0,0
38767500,2024,0,1,0,0
38766343,2024,0,1,0,0
38761745,2024,0,0,1,0
38759151,2024,0,1,0,0
38758195,2024,1,0,0,0
38749526,2024,0,0,1,0
38748408,2024,0,1,0,0
38741583,2024,1,0,0,0
38741093,2024,0,0,1,0
38739131,2024,1,1,0,0
38736178,2024,1,0,0,0
38721520,2024,1,0,1,0
38721519,2024,0,0,1,0
38721517,2024,0,0,1,0
38719245,2024,1,0,0,0
38717086,2024,1,1,1,0
38717084,2024,1,1,0,0
38717083,2024,1,0,1,0
38717082,2024,0,0,0,1
38717081,2024,1,0,0,0
38717080,2024,0,0,1,0
38715272,2024,1,1,0,0
38713483,2024,0,0,1,0
38710236,2024,0,1,0,0
38704713,2024,0,0,0,1
38700946,2024,1,1,0,0
38700941,2024,1,0,1,0
38693644,2024,0,1,0,0
38692706,2024,0,1,0,0
38663225,2024,0,0,0,1
38662191,2024,1,0,0,0
38656032,2024,1,1,0,0
38638871,2024,0,1,1,0
38634955,2024,0,1,0,0
38627647,2024,1,0,0,0
38627567,2024,0,0,1,0
38616949,2024,1,0,0,0
38610913,2024,0,0,1,0
38610671,2024,1,1,1,0
38610665,2024,0,1,0,0
38604854,2024,0,0,1,0
38601117,2024,1,0,1,0
38600456,2024,0,0,1,0
38600286,2024,1,1,0,0
38593261,2024,1,0,0,0
38593260,2024,1,0,0,0
38593259,2024,1,0,1,0
38584290,2024,0,0,1,0
38562576,2024,0,0,1,0
38561842,2024,1,1,1,0
38561680,2024,1,1,1,0
38558790,2024,1,1,0,0
38558260,2024,1,1,0,0
38549912,2024,1,0,0,0
38546465,2024,0,0,1,0
38546463,2024,0,0,1,0
38541890,2024,1,1,1,0
38537048,2024,0,1,0,0
38535765,2024,0,1,0,0
38532848,2024,1,0,0,0
38527771,2024,0,1,1,0
38525385,2024,0,0,0,1
38525382,2024,1,0,0,0
38523280,2024,1,0,0,0
38521346,2024,1,0,0,0
38518990,2024,0,0,0,1
38516169,2024,0,0,0,1
38513713,2024,0,0,0,1
38512159,2024,1,0,0,0
38509410,2024,1,0,1,0
38498276,2024,0,0,1,0
38495052,2024,1,0,1,0
38487335,2024,0,0,1,0
38481187,2024,0,0,1,0
38478758,2024,1,0,0,0
38472953,2024,1,1,0,0
38466768,2024,0,1,0,0
38466766,2024,1,0,1,0
38466761,2024,1,0,0,0
38462377,2024,0,0,1,0
38454381,2024,0,0,1,0
38446490,2024,1,1,0,0
38437155,2024,0,0,0,1
38435392,2024,0,0,1,0
38434461,2024,1,0,0,0
38431898,2024,1,0,0,0
38428893,2024,1,0,0,0
38428861,2024,0,1,1,0
38418603,2024,1,0,0,0
38410630,2024,1,0,0,0
38407590,2024,1,0,0,0
38405105,2024,1,0,0,0
38403780,2024,0,1,0,0
38403614,2024,0,0,0,1
38391676,2024,1,1,0,0
38389611,2024,0,0,0,1
38389207,2024,0,0,0,1
38386250,2024,1,0,0,0
38383079,2023,1,0,1,0
38381615,2024,0,0,0,1
38377878,2024,1,0,1,0
38370587,2024,1,0,0,0
38368345,2024,1,0,1,0
38365580,2024,0,0,0,1
38353281,2024,1,1,0,0
38351423,2024,1,0,0,0
38347671,2024,0,1,0,0
38346124,2024,1,1,0,0
38346121,2024,1,1,1,0
38343904,2024,1,1,1,0
38340212,2024,0,0,1,0
38337384,2024,0,1,0,0
38331788,2024,0,0,0,1
38329555,2024,0,0,1,0
38321320,2024,1,1,0,0
38317793,2024,0,1,0,0
38317330,2024,0,0,1,0
38317325,2024,1,1,1,0
38309660,2024,1,0,0,0
38305328,2024,1,0,0,0
38300218,2024,1,0,0,0
38288954,2024,1,1,1,0
38287289,2024,0,0,1,0
38282962,2024,0,0,1,0
38277050,2024,0,1,0,0
38275916,2024,1,0,0,0
38271420,2024,1,0,0,0
38270250,2024,0,0,1,0
38265274,2024,1,0,0,0
38263379,2024,1,0,0,0
38259844,2023,0,1,0,0
38251919,2024,1,0,0,0
38250484,2023,1,0,0,0
38239948,2024,0,0,1,0
38239940,2024,1,0,1,0
38237715,2024,0,1,0,0
38235646,2023,0,1,0,0
38235634,2023,1,1,0,0
38235628,2023,1,0,0,0
38234620,2023,0,0,1,0
38234306,2024,0,1,0,0
38231497,2024,0,1,1,0
38227767,2024,0,0,0,1
38223300,2024,1,0,0,0
38221644,2024,1,0,0,0
38195676,2024,0,0,1,0
38190564,2024,1,0,1,0
38190563,2024,1,0,0,0
38190561,2024,0,0,1,0
38190557,2024,1,0,0,0
38190027,2024,1,0,0,0
38185959,2024,1,0,0,0
38185600,2024,1,0,0,0
38179268,2023,0,0,1,0
38178013,2024,0,0,0,1
38162559,2022,1,1,0,0
38161519,2023,1,0,0,0
38161515,2023,1,0,0,0
40115644,2024,0,0,0,1
38153777,2023,0,0,0,1
38146972,2023,1,0,0,0
38146603,2023,1,0,0,0
38135134,2023,0,0,1,0
38131581,2023,1,1,0,0
38131577,2023,0,0,1,0
38131572,2023,0,1,0,0
38131566,2023,1,0,0,0
38124047,2023,1,0,0,0
38111940,2023,0,1,0,0
38111853,2023,1,0,0,0
38099386,2023,1,0,0,0
38099358,2023,0,0,0,1
38096874,2023,0,0,0,1
38095689,2023,1,1,0,0
38094319,2023,0,0,0,1
38091059,2023,1,0,1,0
38089650,2023,1,0,0,0
38089649,2023,0,0,1,0
38089509,2023,0,0,1,0
38077780,2023,0,1,0,0
38073674,2023,1,0,0,0
38073672,2023,1,0,0,0
38066467,2023,1,0,1,0
38063831,2023,0,1,0,0
38061902,2023,0,0,0,1
38051678,2023,1,0,1,0
38048136,2024,0,1,0,0
38032001,2023,0,0,1,0
38028522,2023,0,0,1,0
38028510,2023,1,0,0,0
38027722,2023,0,0,1,0
38026604,2023,1,0,0,0
38026600,2023,1,0,0,0
38015972,2023,1,0,0,0
38015419,2024,0,1,0,0
38012462,2023,0,0,1,0
37998414,2023,1,0,0,0
37996736,2023,0,0,1,0
37996630,2023,0,1,0,0
37993276,2023,1,0,0,0
37988258,2023,0,0,0,1
37983313,2023,0,1,0,0
37982777,2023,1,1,0,0
37979904,2023,0,0,1,0
37965960,2023,0,0,0,1
37964822,2023,1,0,0,0
37962882,2023,1,1,1,0
37959406,2023,0,0,1,0
37957578,2023,1,0,0,0
37954910,2023,1,1,0,0
37947823,2023,1,0,0,0
37946967,2023,0,0,1,0
37942232,2023,0,1,0,0
37939068,2023,0,0,1,0
37937761,2023,1,0,0,0
37937760,2023,0,0,1,0
37937758,2023,1,0,1,0
37937757,2023,0,0,1,0
37937756,2023,1,0,1,0
37937755,2023,0,0,0,1
37937754,2023,1,1,1,0
37923602,2023,0,0,1,0
37925481,2023,1,0,0,0
37906019,2023,0,1,0,0
37905613,2023,0,0,1,0
37904374,2023,1,0,0,0
37894101,2023,0,0,1,0
37886779,2023,0,1,0,0
37881779,2023,0,0,0,1
37881328,2023,1,1,1,0
37879640,2023,1,0,1,0
37876510,2023,1,1,0,0
37873055,2023,0,0,0,1
37871883,2023,0,0,1,0
37870848,2023,0,1,0,0
37870044,2023,1,0,1,0
37870003,2023,1,0,0,0
37867287,2023,0,0,1,0
37867286,2023,0,0,0,1
37867284,2023,1,0,1,0
37867283,2023,0,0,1,0
37865389,2023,1,0,0,0
37865388,2023,1,0,0,0
37861937,2023,0,1,0,0
37854948,2023,1,0,0,0
37851736,2023,0,1,0,0
37851133,2023,1,0,1,0
37850767,2023,1,0,0,0
37846084,2024,1,0,1,0
37845633,2023,1,0,1,0
37843316,2023,1,0,0,0
37835042,2023,0,0,0,1
37834823,2023,0,0,1,0
37824301,2023,0,0,1,0
37824192,2023,1,0,0,0
37820078,2023,1,1,1,0
37816246,2023,0,1,0,0
37814157,2023,1,0,1,0
37805419,2023,0,0,0,1
37805413,2023,0,0,0,1
37804021,2023,1,1,0,0
37803347,2023,0,0,1,0
37795415,2023,0,0,0,1
37792813,2023,0,0,1,0
37787252,2023,1,0,0,0
37781320,2023,1,0,0,0
37774800,2023,0,1,0,0
37774740,2023,1,0,0,0
37750098,2023,1,1,1,0
37748318,2023,0,0,1,0
37738490,2023,1,1,0,0
37731051,2023,1,0,1,0
37731050,2023,1,0,1,0
37729174,2023,1,0,1,0
37725147,2023,0,0,1,0
37724263,2023,0,0,1,0
37713651,2023,1,0,0,0
37702522,2024,0,0,0,1
37702453,2024,1,1,0,0
37699556,2023,0,1,0,0
37692774,2023,0,0,1,0
37691365,2023,1,1,0,0
37675911,2023,0,0,1,0
37675910,2023,0,1,0,0
37675909,2023,1,0,0,0
37675908,2023,0,0,1,0
37672251,2023,0,1,0,0
37669421,2023,0,1,0,0
37666487,2023,1,0,0,0
37665497,2023,0,1,0,0
37663590,2023,1,1,1,0
37662649,2023,1,1,1,0
37656340,2023,1,1,1,0
37654661,2023,1,0,1,0
37652933,2023,0,0,0,1
37644351,2023,1,1,1,0
37641671,2023,0,1,0,0
37640272,2023,1,0,0,0
37638275,2023,1,1,1,0
37633325,2023,0,1,0,0
37625152,2023,0,1,0,0
37620195,2023,0,1,0,0
37616187,2023,1,1,1,0
37614825,2023,1,1,1,0
37603162,2023,1,1,0,0
37602629,2023,1,0,0,0
37602610,2023,0,1,0,0
37602609,2023,0,1,0,0
37602337,2023,1,0,0,0
37602170,2023,1,0,0,0
37595291,2023,1,0,0,0
37594948,2023,0,0,0,1
37578178,2023,1,0,0,0
37575980,2023,0,1,1,0
37572159,2023,1,0,1,0
37565903,2023,1,0,1,0
37561251,2023,0,0,1,0
37560555,2023,0,0,1,0
37553927,2023,1,1,0,0
37551356,2022,0,0,0,1
37550974,2023,0,0,1,0
37548824,2023,1,0,0,0
37544781,2023,0,1,0,0
37543736,2023,0,1,0,0
37525155,2023,0,0,1,0
37521150,2023,1,0,0,0
37510871,2023,0,0,0,1
37506370,2023,1,0,0,0
37505289,2023,1,0,0,0
37495937,2023,1,0,0,0
37490883,2023,0,1,0,0
37489329,2023,0,0,0,1
37483313,2023,1,0,0,0
37476755,2023,0,1,0,0
37470969,2023,1,0,1,0
37469861,2023,0,1,0,0
37465503,2023,0,0,0,1
37464345,2023,0,0,1,0
37458945,2023,0,0,0,1
37458453,2023,1,0,0,0
37453939,2023,0,0,1,0
37451964,2023,1,0,0,0
37449510,2023,0,0,1,0
37445571,2023,1,1,1,0
37445506,2023,1,1,0,0
37445353,2023,0,1,0,0
37438954,2023,0,0,1,0
37436139,2023,1,1,0,0
37418971,2023,1,1,1,0
37417158,2023,1,1,0,0
37417110,2023,0,0,1,0
37417109,2023,1,0,1,0
37410299,2023,0,0,1,0
37408723,2022,0,1,0,0
37408717,2022,1,0,1,0
37405568,2023,1,1,1,0
37405512,2023,0,0,1,0
37397954,2023,1,0,0,0
37389763,2023,1,0,0,0
37388169,2022,0,0,0,1
37379118,2023,1,0,1,0
37379112,2023,0,0,0,1
37379108,2023,1,0,1,0
37379041,2023,0,0,1,0
37379027,2023,1,1,0,0
37365492,2023,1,0,1,0
37364679,2023,0,0,0,1
37364677,2023,1,0,0,0
37362313,2023,0,0,0,1
37361690,2023,1,1,1,0
37354360,2023,0,0,1,0
37350417,2023,1,0,0,0
37348513,2023,1,1,1,0
37345314,2023,0,1,0,0
37340090,2023,1,0,1,0
37336511,2023,1,1,1,0
37334265,2023,1,0,0,0
37331426,2023,0,0,1,0
37328617,2023,0,0,1,0
37325042,2023,1,0,0,0
37322689,2023,1,0,1,0
37322663,2023,0,0,1,0
37322655,2023,1,0,0,0
37322646,2023,0,0,0,1
37316286,2023,1,0,0,0
37306206,2023,1,0,1,0
37306204,2023,0,0,1,0
37306202,2023,0,1,0,0
37306201,2023,1,0,0,0
37297956,2023,1,1,0,0
37289141,2023,0,1,0,0
37287640,2023,0,1,0,0
37277614,2023,0,0,1,0
37273504,2023,1,1,0,0
37271309,2023,0,1,0,0
37264578,2023,0,0,1,0
37264576,2023,0,0,1,0
37264322,2023,1,0,0,0
37257174,2023,0,1,0,0
37254861,2023,0,1,0,0
37252172,2023,1,1,0,0
37252164,2022,1,0,0,0
37251989,2023,0,0,1,0
37251984,2023,1,1,1,0
37240176,2023,0,0,1,0
37238641,2023,0,1,0,0
37227748,2023,0,0,0,1
37218171,2023,0,0,0,1
37214299,2023,0,0,0,1
37210641,2023,0,1,0,0
37208645,2023,0,0,1,0
37206164,2023,0,1,0,0
37203053,2023,1,0,0,0
37203052,2023,1,0,0,0
37203051,2023,1,0,0,0
37203044,2023,0,1,0,0
37203043,2023,0,0,1,0
37203042,2023,1,1,1,0
37198622,2023,0,1,0,0
37194118,2023,0,0,1,0
37193056,2023,0,1,0,0
37192993,2023,1,0,0,0
37192554,2023,0,1,0,0
37187955,2023,1,1,1,0
37186807,2023,0,0,1,0
37184499,2023,0,1,0,0
37180047,2023,0,0,1,0
37166228,2023,1,0,1,0
37164397,2023,0,1,0,0
37162399,2023,0,0,1,0
37162395,2023,1,0,0,0
37162392,2023,0,0,0,1
37153094,2023,1,0,0,0
37146290,2022,1,1,0,0
37144645,2023,1,0,0,0
37139295,2023,1,0,0,0
37133414,2023,1,1,1,0
37125139,2023,0,0,0,1
37123747,2023,0,1,0,0
37123732,2023,0,0,1,0
37123422,2022,1,0,0,0
37123406,2023,0,0,0,1
37123358,2023,0,0,1,0
37122005,2023,0,0,1,0
37113611,2023,1,1,0,0
37109228,2023,0,0,0,1
37101407,2023,0,1,0,0
37099670,2023,1,0,1,0
37097193,2023,0,1,0,0
37095881,2023,1,1,0,0
37091331,2023,1,0,1,0
37087043,2023,1,0,1,0
37085797,2023,1,0,0,0
37085363,2023,0,1,0,0
37083872,2023,0,0,0,1
37081425,2023,1,1,0,0
37078178,2023,0,1,0,0
37077486,2023,0,1,1,0
37077475,2023,0,0,1,0
37071088,2023,1,0,0,0
37070148,2023,0,1,0,0
37069944,2023,1,1,0,0
37067693,2023,0,1,0,0
37051278,2023,0,1,0,0
37043981,2023,0,0,1,0
37042853,2023,0,1,0,0
37040470,2023,1,0,1,0
37040213,2023,0,0,1,0
37040210,2023,0,0,1,0
37034379,2023,0,1,0,0
37026292,2023,1,0,0,0
37026291,2023,1,0,0,0
37026241,2023,1,1,1,0
37023053,2023,1,0,0,0
37017958,2023,0,0,1,0
37014746,2023,1,0,0,0
37009857,2023,0,0,1,0
37007258,2023,0,1,0,0
36995816,2023,0,0,0,1
36983581,2023,1,0,0,0
36977127,2023,0,0,0,1
36975013,2023,0,0,0,1
36973657,2023,1,1,0,0
36963605,2023,0,0,0,1
36951821,2023,0,0,0,1
36943309,2023,1,0,0,0
36937680,2023,1,1,1,0
36937201,2023,1,0,0,0
36937191,2023,0,0,1,0
36935801,2023,0,1,0,0
36935780,2023,0,0,1,0
36932359,2023,1,0,0,0
36931367,2023,1,0,0,0
36928622,2023,1,0,0,0
36928130,2023,1,1,1,0
36923029,2023,1,1,1,0
36917962,2023,1,0,1,0
36917119,2023,0,1,0,0
36913543,2023,1,1,0,0
36905461,2023,0,0,1,0
36902566,2023,1,1,0,0
36899981,2023,1,0,1,0
36892244,2023,1,0,0,0
36892243,2023,1,1,1,0
36892242,2023,0,1,1,0
36890912,2023,0,0,1,0
36877318,2023,1,1,0,0
36872677,2023,1,0,0,0
36870589,2023,1,0,0,0
36869982,2023,0,0,0,1
36869979,2023,1,0,1,0
36867474,2023,1,0,1,0
36862309,2023,0,0,1,0
36859561,2023,0,0,0,1
36855211,2023,0,1,0,0
36836490,2023,0,0,1,0
36827995,2023,0,1,0,0
36826752,2023,0,0,1,0
36820795,2023,1,0,1,0
36820573,2023,1,1,0,0
36820123,2023,1,0,0,0
36816223,2023,1,0,1,0
36816215,2023,1,0,1,0
36811831,2023,1,0,0,0
36809816,2023,1,1,0,0
36800492,2023,1,0,0,0
36794626,2022,1,1,0,0
36793199,2023,1,1,1,0
36791274,2023,0,0,1,0
36782180,2023,1,0,0,0
36779807,2023,0,0,0,1
36779469,2023,1,1,0,0
36779466,2023,0,0,1,0
36778055,2023,1,1,1,0
36774646,2023,1,0,0,0
36760919,2022,0,1,0,0
36751124,2023,0,0,1,0
36745850,2023,1,0,0,0
36743675,2022,1,1,1,0
36730946,2023,0,1,0,0
36730463,2023,0,1,0,0
36730364,2022,0,1,0,0
36730347,2023,1,0,1,0
36729709,2022,1,0,0,0
36729642,2022,1,0,1,0
36728310,2023,0,1,0,0
36727344,2023,1,0,0,0
36727343,2023,1,0,1,0
36727342,2023,1,0,0,0
36726315,2023,1,0,1,0
36722722,2023,1,0,0,0
36721582,2022,0,1,0,0
36721345,2023,1,0,0,0
36717828,2023,0,0,1,0
36700932,2023,0,0,1,0
36695544,2023,0,0,1,0
36692698,2023,0,0,1,0
36689681,2023,1,0,0,0
36688539,2023,0,1,0,0
36685712,2022,0,1,0,0
36682954,2023,1,0,0,0
36675659,2023,1,0,0,0
36670012,2023,1,1,0,0
36662234,2023,0,0,1,0
36652015,2023,0,1,1,0
36644473,2022,0,0,1,0
36644469,2022,0,1,0,0
36630439,2023,1,0,1,0
36630432,2023,1,0,0,0
36630431,2023,1,0,0,0
36630429,2023,1,0,1,0
36630428,2023,0,0,1,0
36628014,2022,0,0,1,0
36619641,2022,0,0,1,0
36615041,2022,1,1,1,0
36611322,2022,0,0,1,0
36594280,2022,0,0,1,0
36588209,2023,0,1,0,0
39967914,2023,1,0,0,0
36581595,2022,1,0,1,0
36578667,2022,1,0,0,0
36577630,2022,1,0,0,0
36572737,2022,0,0,0,1
36564516,2022,0,0,0,1
36553038,2022,0,0,0,1
36548936,2022,0,1,0,0
36547739,2022,0,0,1,0
36542108,2022,0,0,1,0
36539706,2022,1,1,0,0
36539217,2023,1,0,1,0
36534673,2022,1,0,0,0
36532578,2022,0,0,1,0
36524598,2022,1,0,0,0
36524521,2022,0,1,0,0
36523778,2022,1,1,0,0
36517698,2022,1,0,1,0
36517578,2022,0,0,0,1
36501713,2022,0,0,0,1
36482343,2022,1,1,0,0
36480900,2022,1,0,0,0
36476304,2022,0,1,0,0
36476303,2022,1,0,0,0
36476302,2022,1,0,0,0
36476300,2022,0,0,1,0
36476299,2022,0,0,1,0
36476297,2022,0,0,1,0
36464663,2022,0,0,1,0
36463966,2022,0,0,0,1
36458595,2022,0,1,0,0
36458563,2022,0,0,1,0
36449679,2022,1,0,0,0
36444207,2022,0,0,1,0
36431330,2022,1,1,1,0
36410469,2022,1,0,1,0
36404963,2022,1,0,0,0
36402902,2022,0,0,1,0
36388243,2022,1,1,0,0
36384541,2022,0,1,0,0
36381848,2022,1,0,0,0
36377271,2022,0,0,1,0
36374312,2022,1,0,0,0
36370839,2022,0,0,0,1
36367270,2022,1,0,0,0
36367269,2022,1,0,0,0
36367267,2022,1,0,0,0
36367265,2022,1,0,0,0
36367264,2022,1,0,0,0
36367263,2022,0,0,1,0
36367262,2022,1,0,0,0
36367261,2022,1,1,0,0
36367259,2022,1,0,0,0
36367258,2022,1,1,1,0
36362522,2022,0,0,1,0
36348201,2022,1,0,0,0
36345532,2022,0,0,0,1
36344601,2022,1,0,0,0
36341039,2022,0,1,1,0
36330059,2022,0,0,1,0
36325836,2023,1,0,0,0
36325829,2022,1,0,0,0
36320050,2022,1,0,0,0
36318813,2022,1,0,0,0
36315644,2022,1,0,0,0
36307873,2022,0,0,1,0
36307607,2022,1,0,0,0
36294491,2022,1,0,1,0
36292351,2022,1,1,0,0
36285731,2022,0,0,1,0
36274677,2022,0,1,0,0
36271372,2022,0,0,1,0
36267955,2022,0,0,1,0
36265575,2022,1,1,0,0
36264334,2022,1,0,0,0
36262841,2022,0,0,0,1
36251042,2022,0,0,1,0
36250753,2022,1,0,0,0
36246953,2022,0,0,1,0
36239188,2022,0,0,0,1
36237491,2022,1,1,0,0
36226374,2022,0,0,1,0
36223055,2022,1,0,0,0
36220657,2022,1,1,1,0
36220656,2022,0,1,0,0
36219770,2022,1,0,0,0
36217120,2022,1,0,1,0
36214353,2022,1,0,0,0
36214351,2022,0,0,1,0
36214348,2022,0,0,1,0
36211320,2022,1,1,0,0
36211312,2022,1,0,0,0
36210376,2022,1,0,0,0
36207168,2022,0,1,0,0
36205877,2022,1,0,0,0
36190031,2022,1,1,0,0
36179351,2022,1,0,0,0
36169431,2022,1,0,0,0
36166075,2022,1,0,1,0
36160168,2022,0,0,1,0
36160150,2022,0,0,1,0
36156507,2022,0,0,1,0
36153757,2022,1,1,1,0
36153404,2022,0,0,1,0
36147395,2021,1,0,1,0
36147260,2022,0,1,0,0
36138148,2022,0,1,0,0
36119391,2022,1,1,1,0
36114139,2022,1,1,0,0
36100171,2022,0,0,0,1
36100165,2022,0,0,0,1
36098392,2022,1,0,1,0
36098389,2022,0,0,1,0
36098388,2022,1,0,1,0
36091697,2022,1,0,0,0
36091674,2022,0,0,1,0
36083561,2022,0,0,0,1
36071403,2022,1,0,0,0
36066533,2022,1,0,0,0
36061972,2022,1,1,1,0
36051276,2022,0,1,0,0
36046572,2022,1,0,1,0
36046571,2022,0,1,0,0
36044110,2022,0,0,1,0
36042913,2022,0,0,1,0
36033821,2022,0,0,0,1
36033138,2022,0,1,0,0
36026702,2023,1,0,0,0
36026694,2023,1,1,0,0
36026693,2023,1,0,0,0
36026691,2023,1,1,0,0
36026475,2022,0,0,1,0
36018143,2022,1,0,0,0
36018102,2022,0,0,0,1
36018101,2022,1,1,0,0
36017038,2022,0,0,1,0
36013505,2022,1,0,0,0
36013100,2022,1,1,1,0
36013070,2022,1,0,0,0
36008331,2022,0,0,1,0
36001080,2022,1,1,1,0
35999830,2022,0,0,1,0
35996774,2021,1,0,0,0
35991655,2022,1,0,1,0
35987793,2022,0,0,1,0
35987663,2022,1,1,1,0
35987632,2022,1,0,0,0
35984557,2022,0,0,0,1
35978275,2022,1,1,1,0
35977749,2022,1,0,0,0
35973684,2022,0,0,0,1
35971499,2022,0,1,0,0
35971489,2022,0,1,0,0
35971220,2022,1,0,0,0
35971217,2022,1,0,0,0
35965627,2022,1,0,1,0
35957728,2022,1,0,1,0
35956035,2022,0,0,1,0
35948025,2022,1,0,1,0
35947004,2022,0,0,1,0
35947001,2022,0,1,0,0
35947000,2022,0,0,1,0
35946998,2022,1,0,0,0
35942531,2022,1,0,0,0
35928358,2022,0,1,0,0
35925360,2022,1,1,0,0
35919011,2022,0,0,0,1
35918497,2022,0,1,0,0
35916882,2022,0,0,1,0
35916554,2022,0,0,0,1
35912896,2022,1,0,1,0
35909114,2022,1,0,1,0
35903314,2022,0,0,0,1
35895108,2022,1,0,0,0
35887939,2022,1,1,1,0
35887926,2022,0,0,1,0
35887874,2022,0,1,0,0
35887309,2022,0,0,1,0
35886858,2022,1,0,0,0
35876884,2022,0,0,1,0
35866219,2022,1,0,0,0
35865659,2022,1,0,0,0
35864163,2022,0,1,0,0
35864161,2022,1,0,0,0
35860103,2022,0,0,0,1
35859778,2022,0,0,1,0
35858198,2022,0,0,1,0
35858196,2022,1,0,0,0
35858195,2022,1,1,0,0
35858192,2022,0,0,1,0
35854064,2022,0,0,1,0
35849545,2022,0,1,0,0
35837490,2022,1,0,0,0
35820852,2022,1,0,0,0
35814884,2022,1,0,0,0
35813999,2022,0,0,1,0
35801733,2022,0,1,0,0
35800671,2022,1,1,0,0
35790199,2022,1,1,1,0
35786809,2022,0,1,0,0
35781597,2022,0,0,1,0
35779050,2022,0,1,0,0
35779049,2022,0,0,0,1
35776392,2022,0,0,1,0
35773703,2022,1,0,0,0
35770247,2022,1,0,0,0
35770010,2022,0,0,1,0
35757019,2022,1,0,0,0
35756422,2022,0,0,0,1
35751042,2022,1,0,0,0
35748936,2022,0,0,0,1
35743344,2022,1,1,1,0
35731540,2022,0,0,0,1
35723594,2022,0,0,1,0
35713451,2022,1,0,0,0
35705567,2022,0,0,1,0
35696132,2022,1,0,0,0
35692276,2022,0,1,0,0
35692270,2022,1,0,0,0
35692027,2022,0,1,0,0
35690708,2022,1,1,0,0
35686714,2022,1,0,1,0
35686713,2022,0,0,1,0
35686708,2022,0,0,0,1
35686707,2022,0,0,0,1
35665335,2022,1,0,0,0
35665110,2022,1,0,1,0
35663519,2022,0,1,0,0
35660423,2022,0,1,0,0
35657347,2022,0,0,0,1
35656757,2022,0,1,0,0
35656390,2022,1,1,0,0
35654122,2022,0,1,0,0
35646859,2022,0,0,1,0
35646175,2022,0,1,0,0
35643966,2022,0,0,1,0
35643458,2022,0,0,1,0
35635596,2022,1,0,0,0
35628834,2022,1,0,0,0
35612343,2022,0,0,0,1
35611017,2022,1,0,0,0
35606707,2022,1,1,0,0
35601171,2022,0,1,0,0
35601167,2022,1,0,1,0
35601161,2022,0,1,0,0
35594919,2022,1,0,1,0
35592861,2022,0,0,1,0
35584772,2022,0,1,0,0
35578349,2022,0,0,0,1
35572401,2021,0,0,1,0
35551580,2022,1,0,0,0
35547206,2022,0,0,0,1
35544940,2023,1,0,0,0
35543577,2022,0,1,0,0
35537865,2022,0,0,1,0
35536712,2022,0,0,1,0
35536710,2022,1,0,0,0
35535010,2022,1,1,1,0
35532881,2022,1,1,1,0
35532880,2022,1,0,0,0
35514797,2022,1,1,0,0
35513494,2022,1,1,0,0
35502018,2022,0,0,0,1
35502012,2022,1,0,0,0
35499634,2022,0,1,0,0
35494521,2022,0,1,0,0
35492322,2022,0,0,1,0
35488809,2022,0,0,1,0
35480973,2022,1,0,1,0
35479941,2022,0,0,0,1
35476818,2022,1,0,0,0
35469471,2022,0,0,1,0
35468752,2022,1,0,0,0
35463029,2022,1,0,1,0
35452094,2022,0,0,1,0
35449802,2022,1,0,1,0
35438438,2022,1,1,0,0
35433653,2022,1,1,1,0
35426106,2022,0,0,0,1
35418146,2022,1,0,0,0
35417523,2023,1,0,0,0
35412929,2022,1,0,0,0
35412928,2022,0,0,0,1
35412925,2022,1,0,1,0
35412923,2022,0,0,1,0
35412921,2022,1,0,0,0
35407603,2022,1,0,0,0
35399961,2021,1,1,1,0
35394466,2022,0,1,0,0
35391518,2022,1,0,1,0
35391509,2022,0,0,0,1
35389912,2022,1,0,0,0
35383619,2022,1,0,0,0
35383617,2022,1,0,0,0
35382779,2022,1,0,1,0
35378687,2022,0,0,1,0
35378598,2022,0,1,0,0
35358536,2022,0,0,0,1
35355880,2022,0,0,1,0
35353643,2022,1,0,0,0
35340750,2022,0,1,0,0
35333817,2022,1,0,0,0
35333788,2022,1,1,0,0
35326011,2022,0,1,0,0
35320868,2022,0,1,0,0
35320865,2022,1,1,0,0
35320402,2022,0,0,0,1
35313744,2022,1,0,0,0
35310064,2022,1,1,0,0
35309847,2022,0,0,1,0
35295603,2022,1,0,0,0
35294155,2021,1,0,1,0
35279119,2022,0,1,0,0
35279107,2022,0,1,0,0
35277568,2022,0,0,0,1
35276084,2022,1,0,0,0
35275008,2022,0,1,0,0
35275003,2022,1,0,1,0
35273348,2022,0,1,0,0
35262896,2022,1,0,0,0
35262765,2022,1,1,1,0
35260116,2022,0,0,1,0
35255102,2022,0,1,0,0
35254965,2022,1,0,0,0
35248396,2022,1,0,0,0
35247335,2022,1,1,1,0
35244627,2022,0,0,1,0
35243159,2022,1,0,0,0
35234539,2022,0,0,1,0
35234428,2022,0,0,0,1
35234069,2022,1,0,1,0
35226900,2022,1,1,0,0
35225587,2022,1,0,0,0
35221669,2021,0,1,0,0
35217941,2022,0,0,1,0
37641651,2021,0,1,0,0
35196147,2022,0,1,0,0
35188852,2022,1,0,1,0
35186987,2022,0,0,1,0
35186691,2022,0,1,0,0
35186690,2022,0,0,1,0
35179405,2022,1,0,0,0
35175978,2022,0,0,0,1
35175977,2022,0,0,0,1
35175136,2022,0,0,1,0
35171146,2022,1,0,0,0
35171143,2022,1,1,1,0
35171141,2022,1,1,0,0
35170649,2023,1,0,0,0
35169656,2022,1,0,0,0
35168601,2022,1,1,0,0
35167040,2022,1,0,0,0
35160135,2022,1,1,0,0
35159971,2022,1,0,0,0
35157194,2022,0,0,1,0
35156869,2022,0,1,0,0
35156464,2022,1,0,0,0
35156461,2022,0,0,1,0
35156460,2022,0,1,0,0
35156458,2022,1,0,1,0
35156456,2022,1,1,0,0
35154818,2021,0,1,0,0
35153473,2022,0,0,1,0
35149635,2022,0,0,1,0
35148689,2022,0,1,0,0
35148585,2022,0,1,0,0
35147774,2022,0,1,0,0
35144353,2022,0,1,0,0
35140987,2022,1,0,1,0
35135801,2022,1,0,0,0
35133403,2022,1,0,1,0
35131797,2022,1,0,0,0
35128190,2021,0,1,0,0
35128188,2021,0,1,0,0
35128171,2022,0,0,0,1
35128155,2022,1,0,0,0
35124756,2022,0,0,1,0
35123812,2022,1,0,0,0
35122607,2022,0,0,0,1
35121684,2022,0,0,0,1
35119608,2022,0,0,0,1
35113311,2022,0,0,0,1
35111033,2021,1,0,0,0
35110276,2022,0,0,0,1
35108456,2022,1,0,0,0
35102752,2022,1,0,1,0
35094222,2022,1,0,0,0
35091975,2022,0,1,0,0
35086203,2022,1,0,1,0
35081716,2021,1,0,1,0
35071414,2021,0,0,0,1
35067664,2022,0,0,1,0
35067663,2022,0,1,0,0
35067661,2022,1,1,0,0
35067019,2022,1,0,0,0
35059929,2022,0,1,0,0
35047373,2022,0,0,1,0
35046636,2022,1,1,0,0
35041131,2022,0,0,0,1
35034214,2022,0,0,0,1
35031702,2022,1,0,0,0
35020543,2022,1,1,1,0
35020540,2022,0,0,1,0
35020537,2022,0,1,0,0
35020101,2022,0,1,0,0
35016626,2022,0,0,0,1
35013609,2022,1,0,0,0
35005508,2021,1,0,0,0
35004659,2021,1,0,0,0
34997880,2022,0,0,1,0
34995787,2022,1,0,1,0
34992474,2021,0,1,0,0
34989257,2022,0,1,0,0
34987816,2021,1,1,0,0
34983674,2022,0,0,1,0
34983448,2022,1,0,0,0
34978784,2022,1,1,0,0
34974458,2022,1,1,1,0
34967830,2021,0,0,0,1
34963489,2021,0,1,1,0
34961648,2021,1,0,0,0
34961514,2021,0,0,1,0
34957070,2021,0,0,0,1
34956671,2021,1,0,0,0
34950016,2021,1,0,0,0
34949535,2021,0,0,1,0
34937276,2022,1,1,0,0
34937258,2022,1,0,0,0
34937257,2022,1,0,0,0
34937212,2022,0,0,1,0
34937211,2022,0,1,0,0
34937209,2022,0,1,0,0
34917434,2021,1,1,0,0
34914559,2021,0,1,0,0
34914557,2021,1,0,1,0
34914555,2021,1,0,0,0
34914554,2021,0,0,1,0
34914552,2021,0,0,0,1
34914551,2021,0,1,0,0
34912833,2021,1,0,0,0
34912576,2021,1,1,0,0
34911120,2021,1,1,0,0
34908851,2021,0,1,0,0
34908829,2021,0,0,0,1
34907940,2022,1,0,0,0
34905159,2021,0,0,1,0
34879853,2021,0,0,1,0
34874947,2021,0,1,0,0
34871567,2021,0,1,0,0
34868671,2021,1,0,0,0
34865401,2021,0,0,0,1
34865400,2021,0,0,0,1
34864796,2022,1,0,1,0
34864776,2022,0,1,0,0
34861667,2022,1,1,1,0
34854826,2022,0,0,0,1
34844683,2021,0,0,0,1
34843558,2021,0,0,0,1
34840692,2021,0,0,0,1
34826974,2021,1,0,0,0
34826973,2021,1,0,0,0
34826969,2021,0,1,0,0
34815760,2021,0,0,1,0
34808930,2021,1,0,1,0
34801040,2021,0,0,0,1
34799784,2021,0,0,1,0
34795413,2021,1,0,0,0
34790915,2021,0,0,0,1
34788593,2021,1,0,1,0
34784925,2021,1,1,0,0
37641710,2021,1,0,0,0
34778293,2021,1,0,0,0
34768003,2021,1,0,0,0
34761687,2021,1,1,0,0
34759669,2021,0,1,0,0
34756143,2021,0,1,0,0
34756142,2021,0,0,1,0
34756141,2021,0,0,1,0
34756140,2021,0,0,1,0
34753881,2022,0,1,0,0
34751040,2021,1,1,0,0
34741758,2021,1,0,0,0
34737545,2021,0,0,0,1
34732680,2022,0,0,0,1
34721950,2021,1,0,0,0
34720985,2021,1,0,0,0
34709501,2021,0,0,1,0
34706380,2021,1,0,0,0
34704192,2021,0,0,0,1
34694256,2022,1,0,1,0
34690272,2021,0,1,1,0
34679121,2021,0,0,1,0
34675479,2021,1,1,0,0
34675478,2021,0,1,0,0
34675148,2021,0,1,0,0
34670947,2022,1,0,0,0
34670943,2022,0,0,1,0
34670218,2021,0,0,1,0
34667739,2021,1,0,0,0
34667736,2021,1,0,0,0
34665231,2021,0,0,1,0
34665161,2021,0,0,1,0
34661478,2021,1,0,0,0
34661477,2021,0,0,0,1
34661476,2021,1,0,0,0
34661473,2021,0,0,1,0
34646679,2021,0,1,0,0
34644283,2022,1,0,0,0
34635956,2021,0,1,0,0
34624248,2021,0,1,0,0
34599746,2021,1,0,0,0
34595185,2021,0,1,1,0
34594105,2021,0,1,0,0
34584335,2021,0,0,1,0
34580392,2021,0,0,0,1
34573930,2021,1,0,0,0
34571669,2021,0,0,0,1
34571632,2021,0,0,0,1
34571607,2021,1,0,0,0
34564765,2021,0,0,0,1
34559401,2021,0,0,1,0
34555080,2021,0,0,1,0
34554360,2021,0,1,0,0
34544088,2021,1,0,0,0
34540612,2021,0,0,1,0
34540434,2021,1,1,0,0
34538661,2021,0,1,0,0
34533388,2021,0,0,0,1
34533277,2021,0,0,0,1
34530754,2021,0,0,1,0
34526763,2021,0,0,0,1
34524207,2022,1,0,0,0
34513459,2021,1,0,0,0
34506241,2021,0,1,0,0
34506240,2021,0,1,0,0
34503472,2021,0,0,1,0
34503464,2021,0,1,1,0
34501222,2021,1,0,0,0
34501218,2021,1,1,1,0
34497302,2021,0,0,1,0
34486581,2022,1,1,1,0
34486580,2022,0,1,0,0
34483451,2021,1,0,0,0
34480727,2021,1,1,0,0
34476600,2021,0,0,1,0
34469435,2021,1,0,0,0
34469342,2021,1,0,1,0
34468462,2021,1,0,0,0
34468458,2021,0,0,1,0
34468457,2021,0,0,1,0
34468456,2021,1,0,0,0
34468455,2021,0,1,0,0
34461000,2021,1,0,0,0
34453607,2021,1,0,0,0
34450111,2021,0,1,0,0
34432117,2021,0,1,0,0
34431901,2021,0,1,0,0
34431899,2021,0,0,0,1
34427627,2021,1,0,0,0
34426768,2021,1,0,0,0
34417707,2021,1,1,1,0
34414088,2021,0,1,0,0
34408389,2021,0,1,0,0
34393181,2022,0,0,0,1
34393178,2021,0,1,0,0
34392473,2021,1,0,0,0
34388076,2021,0,0,1,0
34388072,2021,1,0,0,0
34388071,2021,0,1,0,0
34388069,2021,0,0,1,0
34385916,2021,0,1,0,0
34384340,2021,1,0,0,0
34381620,2021,0,0,0,1
34370173,2021,1,0,0,0
34367786,2021,1,1,0,0
34366127,2021,1,0,0,0
34362982,2021,1,0,0,0
34353057,2021,1,0,0,0
37641615,2021,0,1,0,0
34345164,2021,1,0,0,0
34344123,2021,1,1,0,0
34340777,2021,1,0,0,0
34340669,2021,1,0,1,0
34326281,2022,1,0,1,0
34313139,2021,1,0,0,0
34310351,2022,1,0,0,0
34301233,2021,0,1,0,0
34300233,2021,1,0,0,0
34295616,2021,1,0,1,0
34294635,2021,0,1,0,0
34292893,2021,1,1,0,0
34292889,2021,1,0,0,0
34290197,2021,0,0,0,1
34290034,2021,1,0,0,0
34287694,2021,0,0,0,1
34284749,2021,0,0,1,0
34282390,2021,0,0,0,1
34281477,2021,0,0,0,1
34278211,2021,0,1,0,0
34277789,2021,1,0,0,0
34269097,2021,0,1,0,0
34268398,2021,0,0,1,0
34267499,2021,1,0,0,0
34262253,2021,1,0,0,0
36660114,2021,1,0,0,0
34259803,2021,0,0,1,0
34258051,2021,1,0,0,0
34248580,2021,0,1,0,0
34247218,2021,0,1,0,0
34244978,2021,0,1,0,0
34244977,2021,0,1,0,0
34244000,2021,1,0,0,0
34241701,2021,1,1,1,0
34236910,2021,1,0,1,0
34236907,2021,0,0,0,1
34236905,2021,1,0,1,0
34236902,2021,0,0,1,0
34233585,2021,1,0,0,0
34231433,2021,1,1,0,0
34221494,2021,0,0,1,0
34204958,2021,1,0,0,0
34198433,2021,0,0,1,0
34191032,2023,0,0,0,1
34185167,2021,1,1,0,0
34170776,2021,1,1,0,0
34169467,2021,1,1,1,0
34163129,2021,0,1,0,0
34156780,2021,0,1,0,0
34156777,2021,1,0,0,0
34150532,2021,1,0,0,0
34150531,2021,0,0,0,1
34148702,2021,1,1,1,0
34146044,2021,1,0,0,0
34146043,2021,1,0,0,0
34146011,2021,1,0,0,0
34146007,2021,1,0,0,0
34135568,2021,0,1,0,0
34130538,2021,0,0,1,0
34129211,2021,1,0,0,0
34128496,2021,0,0,0,1
34128385,2021,0,0,1,0
34118276,2021,1,0,1,0
34117538,2021,1,1,0,0
34117389,2021,1,0,0,0
34097113,2021,0,1,0,0
34095607,2021,0,1,0,0
34091554,2022,0,1,0,0
34091553,2021,0,0,1,0
34091500,2021,1,1,0,0
34086008,2021,1,0,0,0
34074995,2022,0,0,0,1
34074993,2021,1,0,1,0
34072378,2021,1,1,0,0
34070242,2021,0,0,0,1
34065718,2021,1,0,0,0
34050067,2021,0,1,0,0
34044692,2021,0,0,1,0
34044689,2021,0,0,1,0
34043738,2021,1,0,0,0
34041930,2021,1,0,0,0
34038662,2021,0,0,1,0
34038660,2021,0,0,0,1
34038658,2021,1,0,0,0
34038306,2021,0,0,1,0
34038303,2021,1,0,1,0
34038300,2021,1,0,1,0
34038297,2021,0,0,1,0
34034681,2021,0,0,0,1
34030503,2021,0,0,1,0
34016861,2021,1,0,0,0
34016860,2021,1,0,0,0
34016859,2021,1,0,0,0
34016858,2021,1,0,0,0
34016857,2021,1,0,0,0
34016856,2021,1,0,0,0
34016855,2021,1,0,0,0
34016854,2021,0,0,0,1
34012891,2021,0,1,0,0
34012890,2021,1,0,0,0
34011754,2021,1,0,0,0
34011047,2021,0,0,1,0
34010104,2021,1,0,0,0
34009511,2021,1,0,0,0
34003943,2021,1,0,0,0
33992084,2021,1,1,1,0
33989233,2021,0,1,1,0
33986846,2021,0,0,1,0
33982437,2021,0,1,1,0
33979108,2021,1,0,0,0
33976687,2021,0,0,1,0
33958854,2021,1,0,0,0
33947941,2021,0,1,0,0
33946455,2021,0,1,0,0
33945570,2021,1,0,1,0
33938384,2021,1,0,1,0
33935491,2021,0,1,0,0
33935490,2021,0,1,0,0
33934904,2021,1,0,0,0
33931424,2021,1,0,0,0
33929804,2021,1,0,0,0
33926640,2021,1,0,0,0
33911210,2021,1,0,0,0
33910801,2021,0,1,0,0
33907531,2021,0,0,0,1
33907375,2021,1,0,0,0
33901097,2021,0,0,1,0
33901096,2021,0,0,1,0
33901065,2021,0,0,0,1
33895344,2021,0,1,0,0
33892729,2021,0,0,1,0
33892554,2021,1,0,0,0
33891212,2021,1,1,0,0
33878199,2021,0,1,0,0
33875942,2021,1,0,1,0
33869890,2021,1,0,0,0
33867759,2020,1,0,0,0
33866730,2021,1,0,0,0
33864783,2021,0,0,0,1
33863311,2021,1,1,0,0
33858699,2021,0,1,0,0
33852551,2021,0,1,0,0
33849476,2021,1,0,0,0
33842594,2021,1,0,1,0
33842006,2020,1,0,1,0
33836914,2021,1,1,1,0
33832118,2021,1,0,0,0
33832051,2021,1,1,1,0
33832048,2021,0,0,0,1
33822679,2021,1,0,1,0
33818490,2021,1,1,1,0
33788073,2021,0,0,1,0
33783676,2021,1,0,1,0
33782267,2022,1,0,0,0
33777445,2021,1,1,0,0
33770391,2021,0,0,1,0
33770171,2021,0,1,0,0
33769921,2021,0,0,0,1
33769762,2021,0,0,1,0
33769761,2021,0,0,0,1
33769593,2021,1,0,0,0
33762815,2021,1,0,0,0
33761045,2021,1,1,0,0
33751303,2021,1,1,0,0
33748994,2021,1,0,0,0
33747829,2021,0,1,0,0
33747821,2021,1,0,0,0
33747820,2021,1,0,1,0
33745871,2021,1,0,0,0
33741072,2021,1,0,1,0
33733442,2021,0,1,0,0
33730316,2021,0,1,0,0
33727789,2021,1,0,0,0
33727101,2021,1,0,0,0
33725268,2021,1,0,0,0
33722277,2021,1,1,0,0
33716013,2021,0,1,0,0
33689606,2021,0,1,0,0
33688156,2021,1,0,0,0
33678653,2021,1,0,0,0
33664562,2021,0,0,0,1
33661364,2021,0,0,1,0
33642854,2021,0,0,0,1
33633469,2021,1,0,0,0
33630150,2021,0,0,0,1
33629728,2022,1,1,0,0
33625651,2021,0,0,1,0
33623364,2021,0,0,0,1
33614459,2021,1,0,1,0
33609200,2021,1,0,1,0
33607948,2021,0,0,0,1
33605945,2021,0,0,0,1
33603895,2021,1,0,0,0
33603331,2021,1,1,0,0
33603326,2021,0,0,0,1
33599172,2021,1,0,0,0
33598633,2021,0,1,0,0
33596623,2021,0,1,0,0
33577701,2021,0,0,1,0
33577277,2021,0,0,1,0
33575533,2020,0,0,0,1
33573798,2021,0,1,0,0
33560744,2021,1,0,0,0
33560675,2021,1,1,1,0
33556075,2021,1,0,1,0
33548046,2021,0,0,1,0
33546149,2021,0,1,0,0
33546027,2021,0,1,0,0
33545171,2021,1,1,0,0
33542985,2020,0,1,0,0
33542980,2020,0,1,0,0
33542541,2021,1,1,0,0
33541051,2021,0,0,1,0
33541047,2021,0,0,0,1
33529586,2021,1,0,0,0
33520302,2021,1,1,0,0
33516763,2021,1,0,1,0
33515419,2021,0,1,0,0
33500124,2021,1,1,0,0
33494622,2021,1,0,1,0
33492010,2021,0,1,0,0
33489342,2020,0,1,0,0
33475960,2021,1,0,0,0
33470676,2021,1,0,0,0
33470341,2021,0,1,0,0
33470283,2020,1,0,0,0
33468105,2021,0,0,1,0
33468076,2021,0,0,1,0
33468074,2021,0,0,0,1
33466126,2021,0,1,0,0
33456601,2020,0,1,0,0
33437231,2020,0,0,1,0
33432996,2021,0,0,0,1
33432995,2021,0,0,0,1
33432993,2021,0,0,1,0
33432992,2021,1,0,0,0
33432991,2021,1,0,0,0
33426776,2021,0,0,0,1
33426775,2021,0,0,0,1
33422053,2021,1,0,1,0
33420518,2021,0,0,0,1
33417662,2020,1,1,0,0
33412407,2020,0,1,0,0
33400926,2021,1,0,0,0
33398494,2021,1,1,0,0
33390254,2020,1,0,0,0
33390036,2021,0,0,1,0
33389422,2021,0,1,0,0
33384166,2020,0,1,0,0
33381263,2020,0,0,0,1
33380786,2020,0,0,0,1
33379378,2020,0,1,0,0
33378342,2020,0,0,1,0
33376296,2020,1,0,0,0
33371652,2020,0,0,1,0
33369925,2020,0,1,0,0
33367171,2020,0,1,0,0
33358474,2020,1,0,0,0
33344199,2020,0,0,0,1
33344196,2020,0,1,0,0
33342057,2020,0,0,1,0
33337792,2021,1,0,0,0
33336797,2020,1,1,0,0
33331131,2020,0,1,0,0
33328768,2020,0,0,1,0
33328722,2020,1,1,0,0
33326987,2020,1,0,0,0
33326173,2020,0,1,0,0
33319122,2020,1,0,0,0
33315894,2020,0,0,0,1
33315742,2021,1,0,0,0
33315737,2021,1,1,1,0
33315735,2021,1,1,0,0
33315734,2021,0,1,0,0
33313044,2020,0,0,1,0
33307790,2020,1,1,0,0
33303426,2020,1,1,0,0
33296261,2020,1,0,0,0
33295998,2020,1,1,1,0
33295995,2020,0,0,0,1
33295990,2020,0,0,1,0
33295217,2020,1,1,0,0
33293787,2020,1,0,0,0
33292814,2020,1,0,1,0
33292492,2020,0,0,1,0
33275175,2020,0,0,0,1
33273267,2021,1,0,0,0
33273190,2021,1,0,0,0
33273152,2021,0,1,1,0
33263285,2020,0,1,0,0
33259395,2020,1,0,0,0
33259394,2020,1,0,0,0
33259393,2020,1,0,0,0
33259392,2020,1,0,0,0
33259389,2020,0,1,0,0
33255392,2020,1,1,0,0
33252566,2021,0,1,0,0
33252563,2021,0,0,1,0
33252562,2021,0,1,0,0
33245060,2020,1,0,1,0
33244219,2020,1,0,0,0
33240901,2020,1,0,1,0
33239861,2020,1,0,0,0
33238750,2020,0,1,0,0
33235434,2020,1,0,0,0
33235430,2020,1,1,1,0
33231800,2020,0,1,0,0
33229709,2020,1,0,1,0
33229708,2020,0,0,1,0
33229707,2020,0,0,1,0
33229706,2020,1,0,1,0
33229705,2020,0,0,0,1
33229703,2020,1,0,0,0
33229702,2020,1,0,0,0
33229701,2020,1,0,0,0
33229700,2020,0,1,0,0
33229699,2020,0,1,0,0
33229698,2020,0,1,0,0
33229696,2020,1,0,0,0
33229695,2020,1,0,0,0
33229694,2020,1,0,0,0
33229693,2020,1,0,0,0
33229692,2020,0,1,0,0
33229686,2020,1,0,0,0
33229684,2020,1,0,0,0
33229683,2020,1,0,0,0
33229682,2020,1,0,0,0
33229681,2020,1,0,0,0
33229680,2020,1,0,0,0
33229679,2020,1,0,0,0
33229678,2020,1,0,0,0
33229677,2020,0,1,0,0
33229676,2020,0,1,0,0
33229675,2020,1,1,0,0
33229674,2020,0,1,0,0
33229662,2020,1,0,0,0
33229661,2020,0,1,0,0
33229660,2020,0,1,0,0
33229657,2020,1,0,0,0
33229656,2020,1,1,1,0
33229655,2020,1,1,1,0
33229651,2020,0,1,0,0
33229650,2020,1,1,1,0
33229648,2020,1,0,0,0
33229647,2020,0,0,1,0
33229646,2020,1,0,1,0
33229645,2020,1,0,0,0
33229644,2020,0,1,0,0
33229635,2020,1,0,0,0
33229633,2020,0,1,1,0
33229631,2020,1,0,0,0
33223821,2020,1,0,0,0
33221325,2020,0,0,0,1
33219659,2021,1,0,0,0
33215010,2020,1,0,0,0
33215001,2020,0,1,0,0
33214416,2021,1,0,1,0
33214413,2021,1,0,0,0
33208352,2020,0,0,1,0
33207383,2020,1,0,1,0
33197451,2020,0,0,1,0
33196573,2021,1,0,0,0
33196544,2021,1,1,0,0
33187386,2020,1,0,0,0
33181632,2021,0,0,1,0
33181628,2021,0,0,1,0
33172714,2020,1,0,1,0
33170285,2020,0,0,1,0
33170284,2020,0,1,1,0
33170278,2020,1,0,1,0
33163228,2020,1,0,0,0
33158609,2020,0,1,0,0
33157908,2020,1,0,0,0
33154614,2020,0,0,1,0
33151244,2020,0,0,0,1
33149067,2020,1,0,0,0
33149048,2021,1,0,0,0
33149046,2021,0,0,1,0
33149045,2021,1,1,1,0
33139878,2020,0,0,0,1
33139876,2020,0,0,1,0
33135507,2020,0,0,1,0
33133438,2020,1,0,0,0
33128672,2020,1,0,0,0
33128671,2020,0,0,0,1
33126654,2020,1,0,0,0
33124450,2020,1,0,0,0
33122882,2020,1,0,0,0
33122489,2021,1,1,0,0
33120693,2020,0,1,0,0
33116393,2020,1,1,0,0
33116382,2020,0,1,1,0
33116373,2020,1,0,0,0
33116359,2020,0,0,1,0
33097521,2020,0,0,0,1
33096271,2020,1,0,0,0
33093898,2020,0,0,0,1
33093154,2020,1,0,0,0
33088244,2020,1,0,0,0
33083053,2020,1,0,0,0
33083051,2020,1,0,0,0
33066752,2020,0,0,1,0
33062315,2020,0,0,1,0
33061271,2020,1,0,0,0
33061262,2020,1,1,0,0
33059419,2020,0,0,0,1
33056961,2020,1,0,0,0
33054427,2020,1,0,0,0
33047249,2020,0,0,1,0
33034360,2020,0,1,0,0
33034359,2020,1,1,0,0
33034357,2020,1,0,1,0
33028265,2020,0,0,1,0
33024325,2020,0,1,0,0
33017121,2020,0,1,0,0
33014490,2020,1,0,0,0
33004196,2020,0,0,1,0
32999411,2020,0,0,0,1
32991505,2021,0,0,0,1
32991501,2020,1,0,0,0
32980816,2020,1,0,1,0
32976324,2020,0,0,0,1
32972758,2020,0,0,0,1
32965637,2020,1,0,0,0
32956581,2021,0,1,0,0
32953593,2020,1,0,0,0
32951669,2020,1,0,0,0
32947408,2021,0,1,0,0
32947394,2021,0,0,0,1
32947389,2021,0,1,0,0
32943835,2020,1,0,1,0
32932367,2021,0,0,1,0
32932366,2021,0,0,1,0
32926895,2020,0,0,0,1
32925649,2021,1,0,0,0
32925645,2021,0,0,1,0
32925635,2021,0,0,1,0
32922966,2020,0,0,1,0
32915816,2020,1,1,0,0
32910331,2020,1,0,0,0
32905844,2020,0,1,0,0
32904630,2020,0,0,1,0
32903100,2020,1,0,0,0
32902932,2021,0,1,0,0
32902784,2020,1,0,0,0
32901827,2020,0,0,1,0
32901826,2020,0,0,1,0
32901825,2020,0,0,1,0
32901403,2020,0,1,1,0
32898110,2020,0,1,0,0
32898109,2020,0,1,1,0
32898096,2020,1,0,0,0
32892680,2020,1,0,1,0
32868880,2020,0,0,0,1
32864076,2020,1,0,0,0
32854462,2020,1,0,0,0
32848360,2020,1,0,0,0
32847425,2020,0,0,1,0
32841750,2020,0,1,0,0
32841281,2020,1,1,0,0
32840599,2020,1,0,0,0
32840077,2020,1,0,0,0
32832240,2020,0,1,0,0
32826703,2021,1,1,1,0
32826646,2020,0,1,0,0
32821690,2020,1,0,0,0
32821107,2020,1,0,0,0
32821083,2020,1,0,0,0
32818358,2020,1,1,0,0
32818347,2020,0,0,0,1
32818116,2020,0,1,0,0
32811175,2020,1,1,0,0
32793715,2020,0,0,0,1
32789082,2020,0,1,0,0
32785724,2020,1,1,0,0
32785723,2020,0,0,0,1
32785722,2020,1,0,0,0
32779827,2020,1,0,0,0
32779464,2020,1,0,1,0
32774907,2020,1,1,0,0
32773550,2020,0,1,0,0
32773548,2020,1,0,0,0
32769749,2021,1,0,1,0
32766464,2020,1,1,0,0
32765745,2020,1,0,0,0
32742060,2020,1,1,0,0
32739184,2020,1,0,1,0
32739178,2020,1,0,0,0
32737727,2020,1,0,1,0
32733701,2020,0,1,0,0
32732704,2020,0,1,0,0
32727402,2020,1,1,0,0
32725487,2020,0,1,0,0
32724668,2020,0,0,0,1
32720171,2020,1,0,0,0
32715156,2020,0,0,1,0
32709958,2020,1,1,1,0
32708510,2020,1,0,1,0
32704414,2020,1,1,1,0
32703383,2020,0,0,1,0
32703002,2020,1,1,0,0
32701012,2020,0,1,0,0
32700115,2020,0,0,1,0
32698618,2020,1,0,1,0
32695929,2020,0,1,0,0
32694305,2021,0,0,1,0
32687418,2020,0,1,0,0
32685784,2020,0,1,0,0
32683741,2020,0,1,0,0
32682402,2020,1,0,0,0
32680481,2020,1,1,0,0
32675657,2020,1,0,0,0
32671600,2020,1,0,0,0
32668101,2020,0,1,0,0
32666768,2020,1,0,0,0
32657906,2020,1,1,0,0
32656291,2020,0,0,0,1
32656290,2020,0,0,0,1
32653492,2020,1,1,1,0
32646401,2020,0,1,0,0
32644171,2020,0,0,0,1
32644167,2020,1,0,0,0
32644166,2020,1,0,0,0
32643431,2020,0,0,1,0
32637727,2020,0,0,1,0
32630998,2020,0,1,0,0
32620412,2020,0,0,1,0
32617805,2020,1,0,0,0
32615201,2020,1,1,0,0
32607947,2020,0,1,0,0
32606388,2020,1,0,0,0
32601965,2020,1,0,0,0
32601964,2020,0,0,1,0
32597207,2020,1,0,0,0
32591559,2020,1,0,0,0
32587186,2020,1,0,0,0
32574774,2020,0,0,0,1
32570425,2020,0,0,1,0
32569029,2020,0,0,1,0
32566797,2020,0,0,1,0
32566511,2020,0,1,1,0
32560634,2020,1,1,0,0
32558728,2020,0,1,0,0
32552787,2020,1,0,0,0
32546954,2020,0,1,0,0
32546746,2020,1,0,0,0
32541415,2020,1,0,0,0
32539132,2020,0,0,0,1
32537477,2020,0,1,0,0
32530753,2020,0,1,1,0
32521031,2020,1,0,0,0
32521030,2020,0,0,1,0
32521028,2020,1,1,0,0
32521027,2020,0,1,1,0
32521024,2020,0,0,1,0
32521023,2020,1,0,0,0
32521022,2020,0,1,0,0
32519218,2020,1,1,0,0
32510021,2020,0,0,0,1
32503482,2020,1,0,0,0
32498548,2020,1,0,0,0
32495535,2020,1,0,1,0
32495529,2020,0,1,0,0
32494120,2020,0,1,0,0
32488057,2020,0,0,0,1
32487813,2020,0,1,0,0
32487809,2020,1,0,0,0
32485706,2020,0,0,0,1
32483077,2020,1,0,0,0
32483074,2020,0,1,0,0
32472791,2020,1,0,0,0
32468871,2020,1,0,1,0
32461475,2020,0,1,0,0
32461423,2020,0,0,0,1
32461422,2020,0,1,0,0
32460319,2020,1,0,1,0
32447511,2020,1,0,0,0
32444016,2020,1,0,0,0
32439395,2020,0,0,1,0
32433759,2020,0,0,0,1
32430870,2020,1,0,0,0
32426553,2020,1,0,0,0
32425495,2020,1,1,0,0
32420226,2020,1,0,0,0
32420225,2020,1,0,0,0
32419383,2020,0,0,1,0
32413008,2020,1,1,1,0
32412958,2020,0,0,0,1
32411425,2020,1,0,1,0
32410891,2020,0,0,0,1
32410588,2020,1,0,0,0
32399405,2020,0,0,1,0
32398471,2020,0,0,1,0
32398416,2020,0,0,0,1
32396643,2020,0,0,1,0
32396642,2020,0,0,1,0
32396641,2020,1,0,0,0
32396640,2020,0,1,0,0
32388671,2020,1,0,0,0
32384420,2020,0,0,1,0
32379087,2020,1,0,0,0
32377418,2020,0,0,1,0
32361861,2020,0,1,0,0
32358276,2020,1,0,0,0
32358272,2020,0,1,1,0
32358271,2020,0,1,0,0
32355080,2020,0,1,0,0
32351721,2020,1,0,0,0
32349906,2020,1,0,0,0
32347695,2020,0,0,1,0
32341434,2020,1,1,0,0
32341315,2020,1,0,0,0
32335058,2020,1,0,0,0
32334584,2020,1,0,1,0
32328759,2020,1,0,1,0
32326563,2020,0,1,0,0
32323165,2020,0,1,0,0
32318279,2020,0,1,0,0
32318276,2020,0,1,0,0
32317475,2020,0,0,1,0
32317474,2020,0,0,1,0
32317441,2020,0,1,0,0
32315500,2020,0,1,0,0
32306923,2020,0,0,1,0
32303070,2020,1,0,0,0
32299533,2020,0,0,0,1
32297251,2020,0,1,0,0
32296098,2020,1,1,0,0
32292858,2020,0,0,0,1
32280192,2020,1,1,0,0
32279436,2020,0,0,0,1
32274612,2020,1,1,0,0
32271528,2020,1,0,1,0
32271527,2020,1,0,0,0
32271520,2020,1,1,0,0
32271519,2020,0,0,1,0
32271301,2020,1,0,0,0
32271298,2020,0,1,0,0
32271293,2020,0,1,0,0
32271291,2020,0,1,0,0
32271272,2020,1,1,1,0
32271270,2020,1,1,1,0
32271267,2020,0,0,0,1
32267954,2020,0,0,1,0
32265385,2020,0,0,0,1
32255519,2020,1,0,0,0
32249851,2020,0,0,1,0
32248796,2020,0,0,1,0
32243424,2020,1,0,1,0
32231236,2020,1,0,0,0
32226762,2019,1,0,0,0
32215076,2019,0,0,1,0
32212414,2020,0,0,1,0
32210511,2020,1,1,0,0
32205730,2020,1,1,1,0
32201375,2020,0,0,1,0
32197872,2020,1,0,0,0
32195441,2020,1,0,0,0
32185074,2020,1,0,0,0
32184550,2020,0,1,0,0
32183750,2020,0,0,1,0
32183742,2020,1,0,0,0
32176160,2020,1,0,0,0
32173114,2020,0,0,1,0
32172662,2020,1,0,0,0
32163466,2020,0,0,1,0
32161770,2020,0,1,0,0
32159824,2020,0,1,0,0
32159821,2020,1,0,0,0
32159820,2020,0,1,0,0
32159819,2020,0,0,1,0
32159818,2020,0,0,1,0
32157182,2020,0,0,1,0
32150061,2020,1,0,0,0
32146116,2020,1,0,0,0
32142498,2020,1,0,1,0
32142046,2020,1,0,0,0
32142045,2020,1,0,0,0
32142040,2020,1,0,1,0
32133947,2020,1,0,0,0
32126046,2020,0,1,0,0
32126042,2020,1,1,0,0
32126041,2020,0,1,0,0
32126040,2020,1,0,0,0
32126039,2020,0,0,1,0
32126038,2020,1,0,0,0
32125536,2020,0,1,0,0
32118897,2020,1,0,0,0
32118670,2020,0,0,1,0
32118668,2020,0,0,1,0
32110119,2020,1,0,0,0
32109987,2020,1,0,0,0
32098716,2020,0,1,0,0
32095205,2020,0,0,0,1
32095068,2020,0,0,0,1
32093676,2020,1,0,0,0
32090903,2019,0,0,1,0
32090037,2020,0,0,0,1
32083225,2020,1,0,0,0
32081669,2020,0,1,0,0
32079839,2020,0,0,1,0
32076966,2020,1,1,0,0
32076835,2020,1,0,0,0
32074825,2020,0,0,1,0
32074822,2020,1,0,1,0
32074821,2020,0,0,0,1
32074820,2020,0,0,1,0
32074819,2020,1,0,1,0
32074817,2020,0,0,1,0
32074816,2020,0,0,0,1
32060303,2020,1,1,0,0
32057016,2020,1,0,0,0
32055096,2019,0,0,0,1
32053123,2020,1,0,0,0
32050252,2020,0,1,0,0
32050234,2020,1,0,1,0
32050215,2020,0,0,1,0
32050209,2020,1,0,0,0
32049825,2020,1,1,0,0
32042837,2020,0,0,0,1
32040010,2020,0,0,1,0
32037752,2020,0,0,1,0
32035631,2020,0,0,1,0
32032435,2020,1,0,1,0
32032434,2020,1,0,1,0
32032433,2020,1,0,0,0
32032431,2020,1,0,0,0
32032430,2020,1,1,1,0
32032429,2020,1,0,0,0
32032428,2020,0,0,1,0
32027190,2020,0,1,0,0
32017400,2020,0,0,0,1
32010287,2019,0,1,0,0
32004166,2020,1,1,0,0
32003129,2020,0,0,1,0
32001250,2020,1,0,1,0
31975635,2020,0,0,1,0
31956581,2020,1,1,0,0
31954667,2020,0,0,1,0
31940059,2020,0,1,0,0
31933332,2019,1,0,0,0
31925593,2020,0,1,0,0
31924174,2020,0,0,0,1
31917855,2020,1,0,0,0
31917854,2020,1,1,0,0
31917852,2020,0,1,0,0
31917851,2020,0,1,1,0
31917849,2020,0,0,1,0
31917848,2020,1,0,0,0
31917845,2020,1,1,0,0
31916275,2020,1,0,0,0
31912660,2020,1,0,1,0
31906169,2019,1,1,0,0
31903000,2019,1,0,0,0
31895275,2020,0,0,0,1
31890719,2019,0,0,0,1
31887084,2020,0,0,0,1
31878825,2019,1,1,0,0
31875112,2019,1,1,0,0
31875098,2019,1,1,0,0
31874503,2019,0,1,0,0
31869261,2019,1,0,0,0
31868850,2020,0,1,1,0
31868847,2020,1,1,0,0
31857007,2019,1,0,0,0
31857006,2019,1,0,0,0
31857005,2019,1,0,0,0
31857004,2019,1,0,0,0
31857003,2019,1,0,0,0
31857002,2019,1,0,0,0
31857001,2019,1,0,0,0
31856997,2019,1,0,0,0
31856990,2019,0,1,0,0
31856988,2019,1,0,0,0
31850179,2019,0,1,0,0
31844785,2019,0,1,0,0
31836123,2019,1,0,0,0
31833250,2019,1,0,0,0
31830298,2019,1,0,0,0
31830293,2019,0,1,0,0
31830292,2019,1,0,0,0
31830291,2019,1,0,0,0
31829164,2019,1,0,1,0
31828176,2019,0,1,0,0
31824289,2019,1,0,0,0
31819355,2019,1,1,0,0
31813266,2019,1,0,0,0
31810388,2019,1,0,0,0
31808933,2020,1,1,0,0
31805561,2019,1,0,1,0
31794541,2020,0,1,0,0
31781974,2019,1,0,0,0
31781379,2019,1,0,0,0
31780331,2019,1,0,0,0
31773250,2019,0,0,1,0
31762574,2019,1,0,0,0
31758590,2019,0,0,0,1
31758508,2019,1,0,0,0
31754892,2019,0,0,1,0
31752779,2019,0,1,0,0
31741859,2019,0,0,0,1
31740714,2019,0,1,0,0
31735992,2019,0,0,1,0
31727328,2019,1,0,0,0
31725699,2020,1,0,0,0
31724109,2019,0,0,0,1
31714520,2019,1,1,1,0
31714508,2019,1,0,0,0
31712000,2019,1,1,1,0
31710376,2019,0,0,1,0
31710373,2019,0,0,1,0
31710372,2019,0,0,1,0
31710371,2019,1,0,1,0
31710370,2019,1,0,1,0
31706535,2019,0,1,0,0
31706523,2019,1,0,0,0
31697752,2019,1,1,0,0
33437599,2019,1,1,0,0
31696253,2019,1,0,0,0
31692604,2019,1,0,0,0
31691730,2020,1,0,0,0
31691656,2019,1,0,0,0
31688202,2020,0,0,1,0
31687243,2019,1,0,0,0
31686775,2019,1,1,1,0
31678559,2019,1,0,0,0
31677547,2019,0,0,0,1
31668808,2019,0,1,0,0
31668775,2019,1,0,0,0
31664518,2019,0,0,1,0
31658171,2020,1,1,0,0
31650300,2019,1,0,0,0
31650272,2019,1,0,0,0
31647929,2019,0,0,1,0
31639827,2019,0,0,1,0
31634446,2019,1,1,0,0
31621798,2019,1,0,0,0
31619358,2019,1,0,1,0
31615462,2019,0,1,0,0
31612657,2019,0,1,0,0
31610006,2019,0,1,0,0
31610004,2019,0,1,0,0
31610003,2019,1,1,1,0
31610002,2019,0,0,1,0
31605317,2019,0,1,0,0
31598523,2019,1,0,0,0
31598514,2019,1,0,0,0
31598512,2019,0,0,0,1
31585855,2019,0,0,0,1
31585852,2019,0,0,1,0
31585850,2019,1,1,0,0
31579231,2019,1,1,1,0
31573565,2019,1,0,0,0
31573554,2019,1,0,0,0
31572660,2019,0,1,0,0
31572653,2019,1,0,0,0
31571091,2019,1,1,0,0
31570360,2019,0,0,1,0
31567630,2019,1,1,0,0
31567435,2019,0,0,1,0
31567265,2019,1,0,1,0
31567264,2019,1,0,1,0
31564337,2019,1,0,0,0
31564334,2019,0,0,1,0
31564320,2019,1,0,0,0
31564315,2019,1,0,0,0
31560871,2019,1,1,0,0
31559093,2019,1,0,0,0
31546548,2019,1,0,0,0
31537074,2019,1,0,0,0
31531550,2020,1,0,0,0
31526796,2019,1,1,0,0
31517724,2020,1,0,0,0
31514537,2019,1,0,0,0
31513041,2019,1,1,1,0
31498419,2019,0,0,1,0
31498418,2019,1,1,1,0
31498417,2019,1,0,0,0
31498416,2019,1,0,0,0
31498415,2019,1,0,0,0
31495762,2019,0,1,0,0
31490270,2019,1,0,0,0
31490200,2019,1,0,1,0
31490199,2019,1,0,1,0
31490198,2019,1,0,1,0
31487097,2019,0,0,0,1
31480601,2019,1,0,0,0
31478935,2019,1,0,1,0
31473174,2019,0,1,0,0
31470947,2019,0,1,0,0
31466466,2019,0,0,0,1
31463819,2019,1,0,1,0
31449434,2019,0,0,0,1
31448878,2019,1,0,1,0
31436639,2019,0,0,1,0
31436200,2019,1,0,0,0
31411927,2019,1,1,1,0
31402804,2019,1,0,0,0
31399702,2019,0,0,1,0
31399324,2019,1,1,0,0
31395052,2019,1,0,1,0
31393994,2019,1,0,0,0
31393992,2019,0,1,0,0
31393991,2019,1,1,0,0
31393990,2019,1,0,0,0
31393989,2019,1,1,0,0
31393988,2019,0,1,1,0
31393985,2019,0,1,0,0
31393449,2019,0,1,0,0
31384163,2018,1,0,0,0
31372580,2019,1,0,0,0
31371015,2019,0,0,0,1
31370817,2019,1,1,1,0
35463040,2019,1,0,0,0
31362315,2019,1,0,1,0
31360724,2019,0,1,0,0
31354232,2019,1,0,0,0
31353955,2019,1,0,0,0
31347395,2019,0,1,1,0
31341997,2019,1,0,0,0
31341652,2019,1,0,0,0
31335530,2019,0,1,0,0
31332141,2019,0,0,1,0
31325106,2019,1,0,1,0
31317090,2019,0,1,0,0
31315595,2019,0,0,1,0
31313220,2019,1,1,1,0
31313219,2019,1,1,1,0
31306672,2019,0,1,0,0
31304405,2019,0,0,0,1
31298727,2019,0,0,1,0
31298726,2019,1,0,0,0
31298724,2019,0,0,1,0
31282203,2019,1,0,1,0
31278147,2019,0,1,0,0
31275633,2019,0,1,0,0
31272775,2019,0,0,1,0
31266074,2019,0,1,0,0
31265052,2019,1,0,1,0
31262484,2019,1,0,0,0
31262479,2019,1,0,0,0
31257965,2019,1,1,0,0
31254257,2019,1,0,0,0
31249905,2019,1,0,0,0
31248387,2019,1,0,1,0
31241605,2019,0,0,0,1
31238402,2019,1,0,0,0
31236290,2019,0,0,1,0
31232744,2019,1,0,1,0
31218400,2019,1,1,0,0
31215542,2019,1,0,1,0
31213328,2019,0,1,0,0
31213327,2019,1,0,0,0
31211003,2019,0,1,0,0
31196580,2019,1,0,0,0
31189274,2019,0,0,0,1
31185107,2019,0,1,0,0
31185106,2019,0,0,0,1
31185105,2019,1,0,0,0
31185103,2019,0,1,0,0
31185102,2019,1,0,0,0
31185100,2019,0,1,0,0
31185099,2019,1,0,0,0
31184408,2019,0,0,1,0
31182265,2019,1,0,0,0
31179392,2019,0,0,0,1
31177849,2019,1,0,0,0
31173739,2019,1,0,0,0
31170272,2019,0,0,1,0
31170117,2019,0,1,0,0
31169612,2019,0,1,0,0
31169605,2019,1,0,0,0
31169030,2019,0,0,1,0
31146945,2019,1,0,0,0
31146944,2019,1,0,0,0
31146943,2019,1,0,0,0
31146942,2019,1,0,0,0
31146941,2019,1,0,0,0
31146940,2019,1,0,0,0
31146939,2019,1,0,0,0
31146936,2019,1,0,0,0
31144011,2020,0,1,0,0
31143527,2019,1,0,1,0
31134424,2019,0,0,1,0
31133417,2019,1,0,1,0
31131251,2019,1,0,0,0
31131228,2019,0,0,1,0
31130390,2019,1,0,0,0
31128091,2019,1,0,0,0
31125090,2019,1,1,0,0
31124345,2019,1,0,1,0
31119423,2019,0,0,1,0
31118557,2019,0,1,0,0
31114152,2019,1,0,0,0
31109505,2018,1,1,0,0
31109479,2018,0,1,0,0
31106754,2019,1,1,1,0
31103563,2019,0,1,0,0
31098325,2019,0,0,1,0
31088795,2019,0,0,0,1
31087210,2019,0,0,1,0
31080047,2019,1,1,0,0
31077191,2019,1,0,0,0
31075513,2019,0,0,1,0
31065904,2019,0,1,0,0
31061728,2019,0,1,0,0
31059582,2019,1,0,1,0
31059579,2019,0,0,1,0
31059578,2019,1,1,1,0
31059577,2019,0,0,1,0
31040638,2019,0,1,0,0
31036587,2019,1,0,1,0
31033739,2019,1,0,1,0
31030795,2019,1,0,0,0
31029476,2019,0,1,0,0
31029475,2019,0,1,0,0
31029474,2019,1,0,0,0
31024822,2019,1,0,0,0
31024810,2019,0,0,0,1
31014283,2019,1,0,0,0
30988598,2019,1,0,1,0
30988596,2019,1,0,0,0
30987783,2019,0,0,1,0
30984984,2019,0,1,0,0
30984981,2019,1,0,0,0
30984980,2019,1,0,1,0
30984979,2019,1,0,0,0
30982142,2019,1,0,0,0
30977320,2019,1,0,0,0
30971148,2019,0,0,1,0
30961593,2019,1,0,1,0
30950894,2019,0,0,1,0
30947856,2019,0,0,1,0
30943184,2019,0,0,0,1
30930670,2018,1,0,0,0
30923715,2019,0,0,0,1
30918820,2019,1,0,0,0
30909749,2019,0,0,1,0
30906586,2019,1,1,0,0
30899844,2018,0,1,0,0
30898533,2019,0,1,0,0
30894159,2019,1,1,1,0
30889260,2019,1,1,0,0
30882544,2019,0,0,1,0
30876782,2019,1,0,0,0
30872596,2019,0,0,1,0
30866867,2019,1,0,0,0
30866063,2019,1,0,0,0
30859502,2019,0,1,0,0
30858493,2019,0,0,1,0
30857805,2019,1,0,0,0
30855093,2019,1,1,0,0
30855092,2019,0,0,1,0
30855091,2019,0,0,1,0
30855090,2019,0,0,1,0
30851806,2019,0,0,0,1
30851800,2018,1,0,0,0
30851766,2018,1,0,0,0
30846350,2019,1,0,0,0
30846349,2019,0,0,1,0
30845834,2019,1,0,0,0
30840141,2019,0,0,0,1
30839408,2019,1,0,0,0
30830083,2019,0,0,0,1
30830078,2019,1,0,0,0
30825050,2019,1,1,0,0
30819562,2019,0,1,0,0
30819561,2019,1,0,0,0
30817567,2019,0,0,1,0
30816092,2019,0,0,0,1
30815621,2019,0,1,0,0
30809492,2019,1,0,0,0
30809485,2019,0,0,1,0
30809386,2019,1,1,0,0
30801504,2019,1,0,0,0
30798286,2019,1,0,0,0
30787527,2019,0,1,0,0
30783746,2019,1,1,1,0
30772991,2019,1,1,0,0
30772990,2019,0,0,1,0
30742227,2019,1,1,0,0
30742225,2019,0,1,0,0
30742223,2019,0,0,1,0
30742222,2019,1,0,0,0
30742221,2019,1,0,0,0
30733872,2019,1,0,0,0
30733107,2019,0,1,0,0
30733106,2019,1,0,0,0
30732575,2019,0,0,1,0
30721688,2019,1,0,0,0
30721171,2019,1,0,1,0
30713018,2019,1,0,0,0
30713017,2019,1,0,0,0
30709628,2019,0,0,1,0
30705998,2019,1,0,0,0
30702573,2019,1,0,1,0
30690906,2019,0,1,0,0
30690129,2019,1,0,0,0
30686703,2019,0,1,1,0
30686702,2019,1,0,0,0
30684006,2019,1,0,0,0
30664391,2019,1,0,0,0
30662255,2019,0,1,0,0
30660507,2019,0,1,0,0
30658034,2018,0,0,0,1
30647966,2018,1,0,0,0
30645293,2018,1,0,0,0
30643965,2019,1,1,1,0
30640250,2019,0,1,0,0
30633789,2019,0,0,1,0
30633786,2019,0,0,1,0
30633785,2019,0,0,1,0
30633784,2019,0,0,1,0
30633783,2019,1,0,0,0
30633782,2019,0,0,1,0
30632671,2019,1,0,1,0
30632489,2019,0,0,1,0
30619971,2018,1,0,0,0
30605216,2019,1,0,0,0
30601290,2019,1,0,0,0
30601287,2019,1,1,0,0
30601286,2019,1,0,0,0
30601172,2019,0,0,1,0
30581603,2018,1,0,0,0
30579527,2018,1,0,0,0
30575622,2019,1,0,0,0
30573402,2018,0,0,1,0
30568424,2018,1,1,0,0
30557979,2018,1,0,0,0
30557231,2019,0,1,0,0
30556213,2018,1,0,1,0
30550575,2018,1,1,0,0
30549474,2018,0,0,0,1
30544483,2018,0,0,1,0
30541292,2018,1,0,1,0
30524165,2018,1,0,0,0
30540363,2018,1,0,1,0
30540362,2018,1,0,0,0
30540361,2018,0,1,0,0
30538855,2018,0,1,0,0
30538854,2018,0,1,0,0
30526787,2018,0,0,1,0
30519669,2018,1,0,0,0
30519182,2018,1,0,0,0
30502978,2018,0,0,1,0
30502977,2018,0,1,0,0
30516488,2018,1,0,1,0
30499549,2018,0,1,0,0
30499539,2018,1,0,0,0
30499532,2018,0,0,0,1
30499232,2018,0,1,0,0
30481814,2018,1,0,1,0
30480706,2018,0,1,0,0
30479729,2018,0,1,0,0
30473083,2018,1,0,0,0
30473082,2018,1,0,0,0
30454903,2018,0,0,0,1
30450305,2018,0,1,0,0
30428100,2018,1,0,0,0
30428099,2018,0,0,1,0
30428098,2018,1,0,0,0
30428095,2018,1,0,1,0
30428093,2018,0,1,0,0
30428092,2018,1,1,0,0
30424903,2018,0,0,1,0
30421010,2018,1,0,0,0
30420916,2018,0,0,1,0
30419871,2018,0,0,1,0
30419866,2018,1,0,0,0
30417371,2018,0,1,0,0
30412143,2018,1,0,0,0
30411683,2018,0,0,1,0
30410923,2018,0,1,0,0
30406472,2019,0,1,0,0
30398623,2018,1,1,1,0
30391154,2018,0,0,1,0
30384777,2018,1,0,0,0
30368563,2018,1,0,1,0
30368350,2018,1,1,1,0
30364663,2018,1,0,0,0
30359155,2018,1,0,0,0
30355862,2018,1,0,1,0
30355861,2018,1,0,1,0
30355860,2018,1,0,0,0
30355717,2018,1,0,0,0
30352572,2018,0,1,0,0
30349183,2018,0,0,0,1
30347568,2018,0,0,1,0
30347562,2018,1,0,0,0
30347561,2018,0,0,0,1
30347560,2018,1,1,1,0
30347559,2018,0,0,0,1
30347558,2018,0,1,1,0
30340722,2018,0,1,0,0
30339641,2018,1,0,0,0
30339639,2018,1,0,1,0
30314752,2018,0,0,1,0
30308583,2019,1,0,0,0
30308580,2019,1,0,1,0
30297232,2018,1,0,0,0
30296331,2018,1,0,0,0
30296330,2018,0,1,0,0
30296329,2018,0,1,0,0
30296328,2018,1,0,0,0
30296327,2018,1,0,0,0
30296326,2018,1,1,0,0
30294528,2018,0,1,0,0
30294526,2018,0,0,0,1
30294393,2018,1,1,0,0
30288030,2018,1,0,0,0
30287159,2018,1,1,1,0
30284476,2018,1,0,0,0
30281373,2018,0,0,1,0
30274848,2018,0,0,0,1
30272616,2019,1,0,0,0
30271678,2018,0,0,1,0
30250852,2018,1,1,1,0
30244049,2018,0,0,0,1
30243406,2018,1,0,0,0
30243405,2018,1,0,0,0
30243392,2018,1,0,1,0
30242370,2018,1,0,0,0
30237694,2018,1,0,1,0
30233132,2018,1,0,1,0
30233129,2018,1,0,0,0
30228689,2018,1,1,1,0
30228078,2018,1,0,0,0
30228014,2018,1,0,0,0
30222719,2018,1,0,0,0
30222716,2019,0,1,0,0
30219258,2018,1,0,1,0
30217386,2018,1,0,0,0
30214139,2018,1,0,0,0
30208141,2018,1,0,0,0
30205716,2018,1,0,0,0
30203530,2018,1,0,1,0
30201128,2018,1,1,0,0
30199569,2018,1,0,1,0
30199564,2018,1,1,0,0
30199562,2018,1,1,0,0
30199561,2018,1,0,1,0
30197718,2018,1,0,0,0
30191680,2018,1,0,1,0
30187653,2018,0,0,0,1
30175611,2018,1,0,0,0
30172569,2018,1,1,0,0
30171445,2018,0,0,1,0
30170707,2018,1,1,1,0
30166507,2018,1,0,0,0
30165945,2018,1,0,0,0
30165937,2018,1,0,0,0
30165936,2018,0,0,1,0
30154512,2018,0,1,0,0
30153819,2018,0,1,0,0
30147948,2018,1,0,0,0
30135552,2018,0,1,0,0
30128373,2018,1,0,0,0
30127592,2018,0,0,0,1
30125906,2018,1,0,0,0
30123384,2018,1,0,0,0
30123383,2018,1,0,0,0
30123381,2018,1,0,1,0
30123379,2018,1,0,0,0
30121713,2018,0,1,0,0
30119784,2018,0,0,0,1
30115298,2018,1,0,0,0
30115279,2018,1,0,0,0
30107965,2018,1,0,0,0
30107828,2018,0,1,0,0
30106799,2021,1,0,0,0
30105485,2018,0,0,1,0
30104861,2018,1,0,1,0
30103748,2018,0,0,0,1
30098348,2018,1,0,0,0
30095530,2019,0,0,0,1
30093502,2018,0,1,0,0
30090199,2018,0,1,0,0
30089184,2018,0,1,0,0
30089183,2018,0,1,0,0
30089182,2018,1,0,1,0
30078538,2018,1,0,1,0
30078534,2018,0,0,1,0
30077354,2018,1,0,0,0
30076471,2018,1,1,0,0
30073213,2018,1,0,0,0
30067519,2019,1,1,0,0
30061116,2018,1,0,1,0
30060900,2018,0,0,1,0
30056550,2018,0,0,1,0
30055956,2018,1,0,0,0
30055838,2018,1,0,0,0
30055691,2018,0,1,0,0
30055689,2018,1,0,0,0
30053468,2018,1,1,0,0
30051889,2018,0,0,1,0
30050690,2018,0,0,1,0
30049566,2018,0,0,0,1
30048340,2019,1,0,0,0
30046544,2018,1,0,0,0
30043267,2018,1,0,0,0
30041744,2018,1,0,0,0
30038922,2018,1,1,0,0
30037700,2018,0,0,0,1
30037699,2018,0,1,0,0
30037645,2018,0,1,0,0
30024453,2018,1,0,1,0
30016942,2018,0,0,1,0
30013314,2018,1,1,0,0
30001454,2018,1,0,0,0
30001451,2018,1,0,0,0
30001450,2018,0,1,0,0
30001449,2018,0,0,1,0
30001448,2018,0,0,1,0
30001447,2018,0,0,1,0
29997707,2018,1,0,0,0
29995130,2018,1,1,0,0
29995123,2018,1,0,0,0
29979230,2018,0,0,1,0
29970067,2018,1,0,0,0
29960656,2018,1,0,0,0
29959753,2018,1,0,1,0
29952798,2018,0,1,0,0
29944510,2019,0,1,0,0
29944499,2018,1,0,0,0
29944495,2018,0,0,1,0
29941747,2018,0,1,0,0
29940974,2018,0,1,0,0
29940638,2018,1,0,0,0
29936526,2018,1,0,1,0
29928221,2018,1,0,0,0
29927753,2018,0,0,1,0
29923860,2018,1,0,0,0
29922892,2018,0,1,0,0
29922889,2018,0,1,0,0
29922033,2018,0,1,0,0
29914764,2018,1,1,1,0
29910599,2018,1,0,0,0
29910132,2018,1,0,0,0
29909252,2018,1,0,1,0
29891154,2018,0,1,0,0
29889298,2018,1,0,1,0
29889296,2018,1,0,1,0
29889293,2018,0,1,0,0
29889292,2018,1,0,1,0
29889291,2018,0,0,1,0
29886478,2018,1,0,0,0
29885775,2018,1,0,1,0
29879580,2018,0,0,1,0
29874938,2018,0,0,1,0
29872485,2018,1,0,0,0
29872484,2018,1,0,0,0
29871968,2018,0,0,0,1
29866738,2018,1,1,0,0
29863541,2018,0,0,1,0
29855287,2018,0,0,1,0
29847663,2018,0,0,1,0
29847636,2018,0,0,1,0
29847633,2018,0,1,0,0
29845344,2019,1,0,0,0
29844658,2018,1,0,1,0
29796404,2018,1,0,0,0
29789156,2018,0,1,1,0
29787391,2018,1,0,0,0
29785300,2018,1,0,0,0
29785083,2018,1,0,0,0
29785082,2018,1,0,1,0
29782336,2018,0,0,1,0
29780911,2018,0,0,0,1
29780903,2018,1,0,0,0
29776767,2018,0,0,1,0
29773456,2018,1,0,0,0
29772222,2018,1,1,0,0
29771882,2018,1,0,0,0
29765198,2018,1,0,0,0
29757850,2018,0,0,1,0
29754993,2018,1,0,1,0
29753555,2018,0,1,0,0
29752594,2018,1,0,0,0
29750010,2018,0,1,0,0
29743044,2018,0,1,0,0
29738592,2018,1,0,1,0
29738587,2018,1,0,0,0
29738586,2018,1,1,0,0
29738585,2018,1,1,1,0
29728896,2018,1,0,0,0
29718869,2018,1,0,0,0
29708931,2018,1,0,0,0
29708928,2018,0,0,1,0
29708926,2018,0,1,0,0
29705008,2018,1,0,0,0
29704827,2018,1,0,0,0
29703305,2018,1,0,0,0
29703304,2018,1,0,0,0
29703303,2018,1,0,0,0
29703302,2018,1,0,0,0
29703301,2018,1,0,0,0
29703300,2018,1,0,0,0
29703299,2018,1,0,0,0
29703298,2018,1,0,0,0
29703297,2018,1,0,0,0
29703296,2018,1,0,0,0
29703293,2018,0,0,1,0
29703289,2018,0,1,0,0
29703284,2018,1,0,0,0
29700964,2018,1,0,0,0
29700642,2018,1,0,0,0
29685778,2018,1,0,0,0
29685776,2018,1,0,1,0
29675396,2018,0,1,0,0
29675388,2018,1,0,0,0
29675387,2018,1,0,0,0
29675379,2018,0,1,0,0
29674843,2018,0,0,1,0
29672432,2018,1,0,0,0
29658366,2018,0,0,1,0
29657982,2018,1,0,0,0
29644238,2018,1,1,1,0
29636597,2018,1,0,0,0
29634844,2018,1,1,1,0
29634836,2018,1,0,0,0
29619255,2018,1,0,0,0
29616154,2018,1,0,1,0
29615281,2018,0,0,1,0
29611373,2018,1,0,0,0
29610851,2018,0,0,1,0
29610714,2018,1,0,0,0
29610222,2018,0,1,0,0
29610024,2018,0,1,0,0
29607215,2018,0,1,0,0
29605283,2018,0,0,0,1
29600182,2018,1,0,1,0
29600181,2018,1,0,0,0
29600180,2018,0,0,1,0
29594789,2018,1,0,0,0
29590157,2018,1,0,1,0
29587988,2018,0,1,0,0
29587979,2018,0,0,1,0
29576876,2018,1,0,0,0
29566542,2018,1,0,0,0
29561408,2018,0,1,0,0
29543664,2018,1,0,0,0
29543195,2018,0,0,1,0
29537886,2018,1,0,1,0
29532217,2018,1,1,0,0
29526338,2018,1,0,0,0
29525838,2018,0,1,0,0
29522231,2018,0,1,0,0
29522226,2018,0,1,0,0
29522224,2018,0,1,1,0
29506498,2018,1,0,0,0
29502622,2018,1,0,0,0
29502608,2018,0,1,0,0
29502607,2018,0,1,0,0
29502213,2018,0,1,0,0
29478225,2018,1,0,0,0
29474295,2018,0,1,0,0
29464901,2018,1,0,0,0
29454328,2018,0,0,1,0
29438121,2018,0,1,0,0
29429287,2018,0,0,1,0
29429286,2018,1,0,0,0
29429285,2018,0,0,0,1
29429284,2018,0,0,1,0
29429283,2018,1,0,1,0
29429282,2018,0,0,1,0
29425395,2018,1,0,0,0
29425394,2018,0,1,1,0
29425392,2018,1,1,0,0
29425391,2018,1,1,0,0
29425390,2018,1,1,0,0
29425389,2018,0,1,0,0
29425388,2018,1,0,0,0
29425387,2018,1,0,1,0
29421383,2018,0,1,0,0
29419553,2018,1,0,0,0
29417088,2018,1,0,0,0
29416315,2018,1,0,1,0
29411563,2018,0,0,0,1
29408829,2018,0,0,1,0
29401477,2018,1,1,0,0
29394173,2018,0,0,1,0
29382905,2018,0,0,1,0
29380760,2018,0,0,1,0
29376229,2018,1,1,0,0
29375990,2018,0,1,0,0
29372114,2018,0,1,0,0
29360197,2018,1,0,0,0
29352407,2018,1,0,0,0
29340891,2018,0,1,0,0
29339637,2018,1,1,0,0
29339065,2018,0,1,0,0
29315443,2018,0,1,0,0
29315440,2018,0,0,1,0
29315438,2018,1,0,0,0
29315436,2018,0,0,1,0
29315435,2018,1,0,1,0
29283117,2018,1,1,1,0
29265469,2018,1,0,0,0
29256981,2018,0,0,0,1
29219897,2018,1,0,0,0
29215394,2018,0,1,0,0
29210827,2018,1,1,0,0
29140825,2018,0,1,0,0
29111994,2018,1,1,0,0
29085999,2018,1,1,0,0
29053560,2018,0,0,1,0
29053556,2018,0,1,0,0
28945650,2018,1,1,0,0
28945645,2018,1,0,0,0
28741163,2018,1,1,0,0
28741162,2018,1,0,0,0
28346277,2018,1,0,0,0
28244933,2018,1,0,0,0
28099283,2018,1,0,0,0
28002091,2018,0,1,0,0
27930395,2018,0,0,0,1
27755289,2018,1,0,0,0
27585399,2018,0,1,0,0
