pmid,year,country,country_source,countries_all,citation_count,citation_source,oa_matched
9642321,1997,China,openalex_ror,China,0,openalex,True
9603299,1997,Italy,openalex_ror,Italy,8,openalex,True
9603293,1997,Japan,openalex_ror,Japan,24,openalex,True
9603291,1997,Germany,openalex_ror,Germany,34,openalex,True
9603289,1997,France,openalex_ror,France,17,openalex,True
9527320,1997,Denmark,openalex_ror,Denmark,7,openalex,True
9510650,1997,South Korea,openalex_ror,South Korea,28,openalex,True
9505812,1997,Unknown,no_affiliation,,1,openalex,True
9480341,1997,Unknown,no_affiliation,,4,openalex,True
9469543,1997,Unknown,no_affiliation,,2,openalex,True
9465708,1997,Germany,openalex_ror,Germany,11,openalex,True
9432237,1997,Germany,openalex_ror,Germany,19,openalex,True
9432235,1997,United States,openalex_ror,United States,8,openalex,True
9457454,1997,United Kingdom,openalex_ror,United Kingdom,49,openalex,True
9456407,1997,United Kingdom,openalex_ror,United Kingdom,41,openalex,True
9456405,1997,Argentina,openalex_ror,Argentina,37,openalex,True
9456404,1997,Australia,affil_country_name,Australia,11,openalex,True
9456403,1997,Switzerland,openalex_ror,Switzerland,8,openalex,True
9456402,1997,Australia,openalex_ror,Australia,18,openalex,True
9445896,1997,Switzerland,openalex_ror,Switzerland,12,openalex,True
9439357,1997,United States,openalex_ror,United States,50,openalex,True
9427202,1997,South Korea,openalex_ror,South Korea,106,openalex,True
9427201,1997,Colombia,affil_country_name,Colombia,10,openalex,True
9427200,1997,United States,openalex_ror,United States,26,openalex,True
9427199,1997,Turkey,openalex_ror,Turkey,17,openalex,True
9427198,1997,Argentina,openalex_ror,Argentina,20,openalex,True
9427197,1997,Unknown,no_affiliation,,15,openalex,True
9427195,1997,Unknown,no_affiliation,,2,openalex,True
9423903,1997,United States,openalex_ror,United States,43,openalex,True
9423902,1997,South Korea,openalex_ror,South Korea,13,openalex,True
9423901,1997,Germany,openalex_ror,Germany,5,openalex,True
9423900,1997,Germany,openalex_ror,Germany,36,openalex,True
9423895,1997,Unknown,no_authors,,,,False
9422933,1997,United States,openalex_ror,United States,38,openalex,True
9422932,1997,Netherlands,openalex_ror,Netherlands,20,openalex,True
9422928,1997,United Kingdom,openalex_ror,United Kingdom,39,openalex,True
9407363,1997,Hungary,openalex_ror,Hungary,24,openalex,True
9373133,1997,United Kingdom,openalex_ror,United Kingdom,37,openalex,True
9373132,1997,United Kingdom,openalex_ror,United Kingdom,45,openalex,True
9373131,1997,Israel,openalex_ror,Israel,18,openalex,True
9373094,1997,Unknown,no_affiliation,,4,openalex,True
9406374,1997,United States,affil_country_name,United States,6,openalex,True
9403893,1997,United States,openalex_ror,United States,9,openalex,True
9403890,1997,United States,openalex_ror,United States,68,openalex,True
9403887,1997,United States,openalex_ror,United States,88,openalex,True
9400799,1997,Unknown,no_affiliation,,64,openalex,True
9395880,1997,Japan,openalex_ror,Japan,43,openalex,True
9395879,1997,United States,openalex_ror,United States,18,openalex,True
9369062,1997,Japan,openalex_ror,Japan,0,openalex,True
9369059,1997,Japan,openalex_ror,Japan,5,openalex,True
9369058,1997,Unknown,no_affiliation,,0,openalex,True
9368160,1997,Israel,openalex_ror,Israel,52,openalex,True
9368158,1997,Canada,affil_country_name,Canada,37,openalex,True
9368157,1997,United States,openalex_ror,United States,27,openalex,True
9366692,1997,Unknown,no_affiliation,,0,openalex,True
9379396,1997,Unknown,no_affiliation,,2,openalex,True
9379395,1997,Unknown,no_affiliation,,0,openalex,True
9379391,1997,Unknown,no_affiliation,,3,openalex,True
9379388,1997,Israel,affil_country_name,Israel,9,openalex,True
9379387,1997,Unknown,no_affiliation,,58,openalex,True
9379375,1997,United States,affil_country_name_over_openalex,United States,79,openalex,True
9379374,1997,United Kingdom,affil_country_name,United Kingdom,30,openalex,True
9379373,1997,United States,openalex_ror,United States,17,openalex,True
9352487,1997,Unknown,unresolved,,16,openalex,True
9352486,1997,United States,openalex_ror,United States,30,openalex,True
9352482,1997,Australia,affil_country_name,Australia,15,openalex,True
9352481,1997,China,openalex_ror,China,111,openalex,True
9352480,1997,Italy,affil_country_name,Italy,15,openalex,True
9352479,1997,United Arab Emirates,affil_country_name,United Arab Emirates,65,openalex,True
9352478,1997,Finland,openalex_ror,Finland,51,openalex,True
9352476,1997,Unknown,no_affiliation,,31,openalex,True
9339056,1997,Unknown,no_affiliation,,1,openalex,True
9338681,1997,Italy,openalex_ror,Italy,42,openalex,True
9333523,1997,Unknown,no_affiliation,,0,openalex,True
9331192,1997,United States,openalex_ror,United States,79,openalex,True
9331191,1997,Italy,openalex_ror,Italy,27,openalex,True
9331190,1997,United States,openalex_ror,United States,158,openalex,True
9331182,1997,Unknown,no_affiliation,,2,openalex,True
9331181,1997,Unknown,no_affiliation,,5,openalex,True
27475086,1997,Germany,openalex_ror,Germany,28,openalex,True
9294698,1997,Unknown,no_affiliation,,1,openalex,True
9294693,1997,France,openalex_ror,France,43,openalex,True
9294692,1997,United States,openalex_ror,United States,43,openalex,True
9294690,1997,Sweden,openalex_ror,Sweden,19,openalex,True
9294681,1997,United States,openalex_ror,United States,80,openalex,True
9288460,1997,United States,openalex_ror,United States,37,openalex,True
9377320,1997,Czechia,affil_city_hint,Czechia,0,openalex,True
9376697,1997,Germany,openalex_ror,Germany,7,openalex,True
9374255,1997,Sweden,openalex_ror,Sweden,3,openalex,True
9349167,1997,Israel,openalex_ror,Israel,11,openalex,True
9349159,1997,United Kingdom,openalex_ror,United Kingdom,23,openalex,True
9349150,1997,United States,openalex_ror,United States,6,openalex,True
9349148,1997,Israel,openalex_ror,Israel,19,openalex,True
9303780,1997,United Kingdom,affil_country_name,United Kingdom,4,openalex,True
9303779,1997,Unknown,unresolved,,0,openalex,True
9286799,1997,France,affil_country_name,France,0,openalex,True
9286798,1997,Saudi Arabia,affil_country_name,Saudi Arabia,5,openalex,True
9286797,1997,Japan,openalex_ror,Japan,24,openalex,True
9286796,1997,South Africa,affil_country_name,South Africa,14,openalex,True
9286795,1997,United Kingdom,affil_country_name,United Kingdom,5,openalex,True
9286794,1997,Japan,affil_country_name,Japan,2,openalex,True
9286793,1997,Israel,openalex_ror,Israel,1,openalex,True
9286792,1997,Italy,openalex_ror,Italy,1,openalex,True
9286791,1997,United Kingdom,affil_country_name,United Kingdom,6,openalex,True
9286790,1997,Jordan,affil_country_name,Jordan,30,openalex,True
9286789,1997,Kuwait,affil_country_name,Kuwait,9,openalex,True
9286788,1997,Saudi Arabia,affil_country_name,Saudi Arabia,15,openalex,True
9286787,1997,South Africa,affil_country_name,South Africa,0,openalex,True
9286786,1997,Mexico,openalex_ror,Mexico,9,openalex,True
9286785,1997,Lebanon,affil_country_name,Lebanon,27,openalex,True
9286784,1997,Mexico,openalex_ror,Mexico,14,openalex,True
9286783,1997,Taiwan,openalex_ror,Taiwan,38,openalex,True
9286782,1997,Saudi Arabia,affil_country_name,Saudi Arabia,12,openalex,True
9286272,1997,Israel,openalex_ror,Israel,20,openalex,True
9262544,1997,United States,openalex_ror,United States,27,openalex,True
9261324,1997,United States,openalex_ror,United States,9,openalex,True
9261323,1997,United States,openalex_ror,United States,31,openalex,True
9261322,1997,United States,openalex_ror,United States,55,openalex,True
9261321,1997,United Kingdom,affil_country_name,United Kingdom,16,openalex,True
9261320,1997,United Kingdom,affil_country_name,United Kingdom,21,openalex,True
9258225,1997,United States,openalex_ror,United States,23,openalex,True
9255512,1997,Finland,openalex_ror,Finland,75,openalex,True
10173139,1997,Unknown,no_affiliation,,0,openalex,True
10170448,1997,Germany,openalex_ror,Germany,53,openalex,True
10170446,1997,Italy,affil_country_name,Italy,48,openalex,True
9395798,1997,Singapore,openalex_ror,Singapore,0,openalex,True
9352271,1997,Italy,openalex_ror,Italy,11,openalex,True
9333393,1997,Germany,openalex_ror,Germany,7,openalex,True
9333392,1997,Germany,openalex_ror,Germany,37,openalex,True
9333391,1997,Germany,openalex_ror,Germany,0,openalex,True
9333390,1997,Germany,openalex_ror,Germany,2,openalex,True
9303778,1997,Unknown,no_affiliation,,11,openalex,True
9292685,1997,South Korea,openalex_ror,South Korea,25,openalex,True
9292683,1997,Ireland,openalex_ror,Ireland,78,openalex,True
9292666,1997,United States,openalex_ror,United States,27,openalex,True
9292665,1997,Germany,openalex_ror,Germany,41,openalex,True
9292664,1997,Canada,openalex_ror,Canada,95,openalex,True
9292657,1997,Unknown,no_affiliation,,0,openalex,True
9290367,1997,Israel,affil_country_name,Israel,32,openalex,True
9290364,1997,Ireland,affil_country_name,Ireland,20,openalex,True
9268943,1997,Germany,openalex_ror,Germany,24,openalex,True
9268936,1997,Australia,affil_country_name,Australia,75,openalex,True
9268935,1997,United States,openalex_ror,United States,29,openalex,True
9268934,1997,Australia,affil_country_name,Australia,14,openalex,True
9268932,1997,Unknown,no_affiliation,,0,openalex,True
9268931,1997,Unknown,no_affiliation,,3,openalex,True
9268930,1997,Unknown,no_affiliation,,0,openalex,True
9248252,1997,United States,affil_country_name,United States,6,openalex,True
9230822,1997,Spain,openalex_ror,Spain,60,openalex,True
9224456,1997,United States,openalex_ror,United States,57,openalex,True
9222080,1997,Finland,openalex_ror,Finland,119,openalex,True
11189338,1997,China,affil_country_name,China,0,openalex,True
9312321,1997,Germany,openalex_ror,Germany,62,openalex,True
9278809,1997,Israel,openalex_ror,Israel,29,openalex,True
9278807,1997,France,openalex_ror,France,6,openalex,True
9278795,1997,Argentina,affil_country_name,Argentina,73,openalex,True
9278794,1997,South Korea,openalex_ror,South Korea,61,openalex,True
9278793,1997,Germany,openalex_ror,Germany,2,openalex,True
9278792,1997,Germany,openalex_ror,Germany,42,openalex,True
9278791,1997,Canada,affil_country_name,Canada,10,openalex,True
9278788,1997,Unknown,unresolved,,0,openalex,True
9278784,1997,Unknown,no_affiliation,,38,openalex,True
9278780,1997,Unknown,no_affiliation,,4,openalex,True
9223813,1997,Israel,openalex_ror,Israel,0,openalex,True
9186434,1997,United States,openalex_ror,United States,120,openalex,True
10437037,1997,China,openalex_ror,China,8,openalex,True
9267596,1997,Australia,openalex_ror,Australia,4,openalex,True
9209999,1997,Israel,openalex_ror,Israel,15,openalex,True
9209986,1997,Germany,openalex_ror,Germany,44,openalex,True
9209982,1997,Ireland,openalex_ror,Ireland,75,openalex,True
9209981,1997,Canada,openalex_ror,Canada,38,openalex,True
9183766,1997,Spain,openalex_ror,Spain,95,openalex,True
9183761,1997,United States,openalex_ror,United States,129,openalex,True
9183760,1997,United States,affil_country_name,United States,8,openalex,True
9183758,1997,Sweden,openalex_ror,Sweden,0,openalex,True
9183756,1997,United Kingdom,openalex_ror,United Kingdom,155,openalex,True
9183755,1997,United States,affil_country_name,United States,23,openalex,True
9183754,1997,Australia,openalex_ror,Australia,81,openalex,True
9183751,1997,Unknown,no_affiliation,,10,openalex,True
9183750,1997,Unknown,no_affiliation,,16,openalex,True
9176678,1997,Germany,openalex_ror,Germany,55,openalex,True
9160029,1997,Germany,openalex_ror,Germany,53,openalex,True
9152137,1997,Unknown,no_affiliation,,3,openalex,True
9143802,1997,United States,openalex_ror,United States,86,openalex,True
9594229,1997,China,openalex_ror,China,0,openalex,True
9243215,1997,Germany,openalex_ror,Germany,29,openalex,True
9227267,1997,Finland,openalex_ror,Finland,79,openalex,True
9197555,1997,Italy,openalex_ror,Italy,19,openalex,True
9197554,1997,Germany,openalex_ror,Germany,2,openalex,True
9197552,1997,Norway,affil_country_name,Norway,10,openalex,True
9159692,1997,South Korea,openalex_ror,South Korea,47,openalex,True
9159683,1997,United States,openalex_ror,United States,38,openalex,True
9159682,1997,Spain,openalex_ror,Spain,321,openalex,True
9159672,1997,Unknown,unresolved,,0,openalex,True
9159670,1997,Unknown,no_affiliation,,1,openalex,True
9111243,1997,Unknown,no_affiliation,,14,openalex,True
9101565,1997,Israel,openalex_ror,Israel,4,openalex,True
10684076,1997,China,openalex_ror,China,0,openalex,True
10437020,1997,China,affil_city_hint,China,2,openalex,True
10437019,1997,China,openalex_ror,China,2,openalex,True
9196380,1997,France,openalex_ror,France,16,openalex,True
9135383,1997,Ireland,openalex_ror,Ireland,81,openalex,True
9113585,1997,United States,openalex_ror,United States,20,openalex,True
9113575,1997,Canada,affil_country_name,Canada,13,openalex,True
9113572,1997,Unknown,no_affiliation,,113,openalex,True
9113569,1997,United States,openalex_ror,United States,14,openalex,True
9113567,1997,Spain,openalex_ror,Spain,48,openalex,True
9113566,1997,Germany,openalex_ror,Germany,70,openalex,True
9113558,1997,Unknown,no_affiliation,,5,openalex,True
9109075,1997,United States,openalex_ror,United States,99,openalex,True
9109073,1997,Ireland,affil_country_name,Ireland,27,openalex,True
9109071,1997,Sweden,openalex_ror,Sweden,8,openalex,True
9109070,1997,United States,affil_country_name,United States,35,openalex,True
9109068,1997,Israel,openalex_ror,Israel,22,openalex,True
9109066,1997,Unknown,no_affiliation,,3,openalex,True
9109065,1997,Unknown,no_affiliation,,0,openalex,True
9082259,1997,Germany,openalex_ror,Germany,42,openalex,True
9082258,1997,Israel,openalex_ror,Israel,109,openalex,True
9082257,1997,Denmark,openalex_ror,Denmark,209,openalex,True
9082256,1997,United Kingdom,affil_country_name,United Kingdom,170,openalex,True
9076219,1997,Unknown,no_affiliation,,4,openalex,True
9071534,1997,United States,openalex_ror,United States,54,openalex,True
9071528,1997,United Kingdom,openalex_ror,United Kingdom,77,openalex,True
9063257,1997,United States,openalex_ror,United States,2,openalex,True
9063238,1997,United States,openalex_ror,United States,12,openalex,True
9156635,1997,Germany,openalex_ror,Germany,4,openalex,True
9156634,1997,Germany,openalex_ror,Germany,5,openalex,True
9124096,1997,Japan,affil_country_name,Japan,11,openalex,True
9109332,1997,Unknown,no_affiliation,,,,False
9059250,1997,Finland,openalex_ror,Finland,48,openalex,True
9059249,1997,United States,openalex_ror,United States,62,openalex,True
9059248,1997,Switzerland,openalex_ror,Switzerland,52,openalex,True
9047030,1997,Canada,openalex_ror,Canada,12,openalex,True
9046248,1997,Switzerland,openalex_ror,Switzerland,28,openalex,True
10168269,1997,United States,affil_country_name,United States,,,False
10436993,1997,China,openalex_ror,China,1,openalex,True
10436992,1997,China,openalex_ror,China,2,openalex,True
10436991,1997,China,openalex_ror,China,0,openalex,True
10436990,1997,China,openalex_ror,China,1,openalex,True
10436989,1997,China,openalex_ror,China,0,openalex,True
10436988,1997,Unknown,no_affiliation,,0,openalex,True
10073040,1997,China,affil_city_hint,China,0,openalex,True
10073032,1997,China,affil_city_hint,China,1,openalex,True
9868038,1997,China,affil_city_hint,China,0,openalex,True
9745809,1997,Unknown,no_affiliation,,12,openalex,True
9587590,1997,France,openalex_ror,France,5,openalex,True
9554141,1997,Belgium,openalex_ror,Belgium,0,openalex,True
9554140,1997,Belgium,openalex_ror,Belgium,0,openalex,True
9554138,1997,France,openalex_ror,France,5,openalex,True
9554136,1997,Italy,openalex_ror,Italy,0,openalex,True
9554135,1997,France,openalex_ror,France,0,openalex,True
9554134,1997,Belgium,openalex_ror,Belgium,0,openalex,True
9554131,1997,Switzerland,openalex_ror,Switzerland,1,openalex,True
9515115,1997,France,openalex_ror,France,2,openalex,True
9479821,1997,Belgium,affil_country_name,Belgium,0,openalex,True
9474312,1997,Switzerland,openalex_ror,Switzerland,92,openalex,True
9440190,1997,United States,openalex_ror,United States,12,openalex,True
9440176,1997,United States,affil_country_name,United States,48,openalex,True
9440175,1997,United States,openalex_ror,United States,20,openalex,True
9408362,1997,Hungary,affil_country_name,Hungary,2,openalex,True
9408312,1997,Hungary,openalex_ror,Hungary,3,openalex,True
9389211,1997,Czechia,openalex_ror,Czechia,2,openalex,True
9380362,1997,Turkey,openalex_ror,Turkey,15,openalex,True
9380358,1997,Turkey,openalex_ror,Turkey,8,openalex,True
9380350,1997,Italy,openalex_ror,Italy,48,openalex,True
9373487,1997,Turkey,openalex_ror,Turkey,21,openalex,True
9340929,1997,Austria,affil_city_hint,Austria,3,openalex,True
9261795,1997,United States,openalex_ror,United States,17,openalex,True
9228645,1997,United States,openalex_ror,United States,12,openalex,True
9186108,1997,United States,openalex_ror,United States,12,openalex,True
9186095,1997,United States,openalex_ror,United States,18,openalex,True
9186094,1997,Spain,openalex_ror,Spain,34,openalex,True
9142681,1997,Italy,openalex_ror,Italy,11,openalex,True
9101351,1997,Unknown,no_affiliation,,0,openalex,True
9101350,1997,United States,openalex_ror,United States,21,openalex,True
9101349,1997,United States,openalex_ror,United States,2,openalex,True
9101348,1997,Canada,openalex_ror,Canada,2,openalex,True
9101347,1997,Canada,affil_country_name,Canada,3,openalex,True
9101346,1997,Unknown,no_affiliation,,0,openalex,True
9101345,1997,United States,openalex_ror,United States,52,openalex,True
9100110,1997,Unknown,no_affiliation,,255,openalex,True
9100107,1997,Australia,openalex_ror,Australia,11,openalex,True
9100106,1997,Greece,openalex_ror,Greece,117,openalex,True
9100105,1997,United States,openalex_ror,United States,106,openalex,True
9100102,1997,Unknown,unresolved,,0,openalex,True
9099295,1997,France,openalex_ror,France,10,openalex,True
9049941,1997,Canada,openalex_ror,Canada,22,openalex,True
9049940,1997,United States,openalex_ror,United States,10,openalex,True
9049938,1997,United States,openalex_ror,United States,8,openalex,True
9049937,1997,Germany,openalex_ror,Germany,5,openalex,True
9049936,1997,Australia,openalex_ror,Australia,5,openalex,True
9049934,1997,United Kingdom,openalex_ror,United Kingdom,15,openalex,True
9049933,1997,United States,openalex_ror,United States,0,openalex,True
9049932,1997,Colombia,openalex_ror,Colombia,92,openalex,True
9049931,1997,Israel,openalex_ror,Israel,24,openalex,True
9049929,1997,Spain,affil_country_name,Spain,25,openalex,True
9049927,1997,Unknown,no_affiliation,,0,openalex,True
9049926,1997,Unknown,no_affiliation,,1,openalex,True
9043819,1997,Finland,openalex_ror,Finland,117,openalex,True
9031299,1997,Israel,openalex_ror,Israel,7,openalex,True
8985635,1997,Australia,openalex_ror,Australia,5,openalex,True
8985634,1997,Finland,openalex_ror,Finland,75,openalex,True
8958529,1997,Italy,openalex_ror,Italy,13,openalex,True
9286317,1996,Singapore,openalex_ror,Singapore,0,openalex,True
9286313,1996,United States,openalex_ror,United States,3,openalex,True
9286311,1996,Unknown,no_affiliation,,0,openalex,True
9082152,1996,Unknown,no_affiliation,,0,openalex,True
9051500,1996,United States,openalex_ror,United States,18,openalex,True
9051498,1996,South Korea,openalex_ror,South Korea,28,openalex,True
9051497,1996,United States,openalex_ror,United States,58,openalex,True
9051496,1996,France,openalex_ror,France,24,openalex,True
9051486,1996,Unknown,no_affiliation,,5,openalex,True
9003330,1996,Unknown,no_affiliation,,2,openalex,True
8956634,1996,Australia,openalex_ror,Australia,17,openalex,True
8953983,1996,United States,affil_country_name,United States,12,openalex,True
8953982,1996,United States,openalex_ror,United States,27,openalex,True
8953977,1996,United States,openalex_ror,United States,151,openalex,True
9479550,1996,Germany,openalex_ror,Germany,38,openalex,True
9479547,1996,Germany,openalex_ror,Germany,93,openalex,True
9479521,1996,Germany,openalex_ror,Germany,17,openalex,True
9479520,1996,Germany,openalex_ror,Germany,24,openalex,True
9479518,1996,Germany,openalex_ror,Germany,2,openalex,True
9479515,1996,Switzerland,openalex_ror,Switzerland,16,openalex,True
9044986,1996,Unknown,no_affiliation,,0,openalex,True
9044975,1996,Hungary,openalex_ror,Hungary,6,openalex,True
8994361,1996,Finland,openalex_ror,Finland,23,openalex,True
8972369,1996,United States,openalex_ror,United States,4,openalex,True
8972366,1996,Netherlands,openalex_ror,Netherlands,20,openalex,True
8972365,1996,United Kingdom,openalex_ror,United Kingdom,41,openalex,True
8972357,1996,Unknown,no_affiliation,,4,openalex,True
8970028,1996,Saudi Arabia,openalex_ror,Saudi Arabia,3,openalex,True
8970027,1996,United States,openalex_ror,United States,50,openalex,True
8970026,1996,Canada,openalex_ror,Canada,46,openalex,True
8970025,1996,United States,openalex_ror,United States,12,openalex,True
8970024,1996,Belgium,affil_country_name,Belgium,3,openalex,True
8970023,1996,Belgium,affil_country_name,Belgium,15,openalex,True
8970022,1996,Germany,openalex_ror,Germany,102,openalex,True
8970021,1996,Unknown,no_affiliation,,4,openalex,True
8970020,1996,Unknown,no_affiliation,,0,openalex,True
8970019,1996,Unknown,no_affiliation,,1,openalex,True
8970018,1996,Unknown,no_affiliation,,0,openalex,True
8950650,1996,United States,openalex_ror,United States,213,openalex,True
8942898,1996,Canada,openalex_ror,Canada,44,openalex,True
8942897,1996,Spain,openalex_ror,Spain,41,openalex,True
8942896,1996,United States,openalex_ror,United States,44,openalex,True
8942895,1996,France,affil_country_name,France,5,openalex,True
8899266,1996,United States,openalex_ror,United States,82,openalex,True
8843803,1996,United Kingdom,affil_country_name,United Kingdom,0,openalex,True
9044957,1996,Germany,openalex_ror,Germany,7,openalex,True
8976697,1996,United Kingdom,openalex_ror,United Kingdom,57,openalex,True
8915802,1996,United States,openalex_ror,United States,5,openalex,True
8915800,1996,Canada,affil_country_name,Canada,52,openalex,True
8859096,1996,Unknown,no_affiliation,,5,openalex,True
9639844,1996,China,openalex_ror,China,1,openalex,True
9041084,1996,Australia,openalex_ror,Australia,34,openalex,True
9041082,1996,Unknown,no_affiliation,,16,openalex,True
9041081,1996,Italy,openalex_ror,Italy,9,openalex,True
9041080,1996,United States,openalex_ror,United States,9,openalex,True
9041079,1996,Australia,affil_country_name,Australia,17,openalex,True
9041073,1996,Unknown,no_affiliation,,0,openalex,True
9041072,1996,Unknown,no_affiliation,,1,openalex,True
8895129,1996,United States,openalex_ror,United States,50,openalex,True
8895128,1996,Spain,affil_country_name,Spain,22,openalex,True
8895123,1996,Italy,openalex_ror,Italy,8,openalex,True
8895122,1996,Germany,openalex_ror,Germany,27,openalex,True
8895121,1996,Finland,openalex_ror,Finland,73,openalex,True
8895120,1996,Unknown,no_affiliation,,0,openalex,True
8895119,1996,Unknown,no_affiliation,,2,openalex,True
8895118,1996,Unknown,no_affiliation,,30,openalex,True
8890449,1996,Unknown,no_affiliation,,6,openalex,True
8890447,1996,Unknown,no_affiliation,,0,openalex,True
8862933,1996,United States,openalex_ror,United States,20,openalex,True
8862929,1996,South Korea,openalex_ror,South Korea,36,openalex,True
8854687,1996,Unknown,no_affiliation,,1,openalex,True
8841296,1996,United States,openalex_ror,United States,5,openalex,True
8841295,1996,United Kingdom,openalex_ror,United Kingdom,69,openalex,True
8841294,1996,United Kingdom,openalex_ror,United Kingdom,130,openalex,True
8841293,1996,United States,openalex_ror,United States,47,openalex,True
8790097,1996,Japan,openalex_ror,Japan,5,openalex,True
8752060,1996,Canada,imputed_affil_country_over_openalex,United States,5,openalex,True
8913123,1996,Australia,openalex_ror,Australia,26,openalex,True
8871166,1996,Germany,openalex_ror,Germany,24,openalex,True
8871165,1996,Israel,openalex_ror,Israel,6,openalex,True
8854484,1996,Israel,openalex_ror,Israel,0,openalex,True
8853835,1996,United States,affil_country_name,United States,7,openalex,True
8764789,1996,United States,openalex_ror,United States,55,openalex,True
8764786,1996,United States,openalex_ror,United States,78,openalex,True
8759348,1996,Finland,affil_country_name,Finland,19,openalex,True
8701994,1996,United States,openalex_ror,United States,34,openalex,True
8694725,1996,United States,openalex_ror,United States,28,openalex,True
8694110,1996,Unknown,no_affiliation,,6,openalex,True
8694083,1996,United States,openalex_ror,United States,74,openalex,True
10163639,1996,Germany,affil_country_name,Germany,5,openalex,True
10163638,1996,Australia,openalex_ror,Australia,4,openalex,True
10163633,1996,Sweden,openalex_ror,Sweden,1,openalex,True
21102720,1996,United States,openalex_ror,Switzerland|United States,5,openalex,True
9590836,1996,China,openalex_ror,China,1,openalex,True
9590835,1996,Unknown,no_affiliation,,0,openalex,True
8954411,1996,Unknown,no_affiliation,,3,openalex,True
8908425,1996,Italy,openalex_ror,Italy,15,openalex,True
8871867,1996,Saudi Arabia,affil_country_name,Saudi Arabia,40,openalex,True
8871866,1996,United States,openalex_ror,United States,1,openalex,True
8871861,1996,Australia,openalex_ror,Australia,5,openalex,True
8871858,1996,Germany,openalex_ror,Germany,160,openalex,True
8871857,1996,United States,affil_country_name,United States,1,openalex,True
8871856,1996,Unknown,no_affiliation,,0,openalex,True
8871855,1996,Unknown,no_affiliation,,1,openalex,True
8871854,1996,Unknown,no_affiliation,,0,openalex,True
8844391,1996,Australia,affil_country_name,Australia,7,openalex,True
8844382,1996,United States,affil_country_name,United States,6,openalex,True
8844381,1996,Finland,openalex_ror,Finland,10,openalex,True
8844380,1996,United States,openalex_ror,United States,24,openalex,True
8844377,1996,Unknown,no_affiliation,,22,openalex,True
8844369,1996,Unknown,no_affiliation,,1,openalex,True
8828931,1996,United States,openalex_ror,United States,35,openalex,True
8795383,1996,Taiwan,openalex_ror,Taiwan,15,openalex,True
8795371,1996,Japan,openalex_ror,Japan,27,openalex,True
8795370,1996,United Kingdom,openalex_ror,United Kingdom,18,openalex,True
8684805,1996,Italy,openalex_ror,Italy,33,openalex,True
8673912,1996,United States,openalex_ror,United States,3,openalex,True
8659595,1996,United States,openalex_ror,United States,10,openalex,True
8965463,1996,Germany,openalex_ror,Germany,36,openalex,True
8965461,1996,Germany,openalex_ror,Germany,13,openalex,True
8965458,1996,Germany,openalex_ror,Germany,5,openalex,True
8828717,1996,Denmark,openalex_ror,Denmark,9,openalex,True
8828716,1996,Sweden,openalex_ror,Sweden,15,openalex,True
8828715,1996,Denmark,openalex_ror,Denmark,10,openalex,True
8826785,1996,South Korea,openalex_ror,South Korea,1,openalex,True
8784638,1996,Spain,openalex_ror,Spain,18,openalex,True
8784625,1996,France,affil_country_name,France,29,openalex,True
8784623,1996,Canada,openalex_ror,Canada,113,openalex,True
8784622,1996,United Kingdom,openalex_ror,United Kingdom,57,openalex,True
8784618,1996,Unknown,no_affiliation,,0,openalex,True
8759267,1996,Australia,openalex_ror,Australia,114,openalex,True
8753986,1996,Germany,openalex_ror,Germany,2,openalex,True
8753985,1996,Unknown,affil_unresolved,,16,openalex,True
8753984,1996,Germany,affil_city_hint,Germany,0,openalex,True
8753983,1996,Germany,openalex_ror,Germany,0,openalex,True
8846261,1996,Unknown,unresolved,,0,openalex,True
8771547,1996,Israel,openalex_ror,Israel,18,openalex,True
8771546,1996,Italy,openalex_ror,Italy,8,openalex,True
8771544,1996,United States,openalex_ror,United States,2,openalex,True
8771541,1996,Denmark,openalex_ror,Denmark,31,openalex,True
8771537,1996,Unknown,no_affiliation,,6,openalex,True
8771536,1996,Unknown,no_affiliation,,1,openalex,True
8733859,1996,United States,openalex_ror,United States,24,openalex,True
8733846,1996,Canada,affil_country_name,Canada,18,openalex,True
8724164,1996,United Kingdom,openalex_ror,United Kingdom,12,openalex,True
8724163,1996,Portugal,openalex_ror,Portugal,64,openalex,True
8724162,1996,Brazil,affil_country_name,Brazil,22,openalex,True
8724161,1996,South Korea,openalex_ror,South Korea,45,openalex,True
8724160,1996,United States,openalex_ror,United States,16,openalex,True
8724159,1996,Sweden,openalex_ror,Sweden,11,openalex,True
8724158,1996,United Kingdom,openalex_ror,United Kingdom,5,openalex,True
8724157,1996,United Kingdom,openalex_ror,United Kingdom,3,openalex,True
8724156,1996,South Korea,openalex_ror,South Korea,12,openalex,True
8724155,1996,United Kingdom,openalex_ror,United Kingdom,57,openalex,True
8724154,1996,Spain,affil_country_name,Spain,8,openalex,True
8724153,1996,Spain,affil_country_name,Spain,6,openalex,True
8724152,1996,Italy,openalex_ror,Italy,21,openalex,True
8724151,1996,Canada,openalex_ror,Canada,6,openalex,True
8724150,1996,India,openalex_ror,India,4,openalex,True
8724149,1996,Australia,affil_country_name,Australia,1,openalex,True
8724148,1996,South Korea,affil_country_name,South Korea,30,openalex,True
8724147,1996,Singapore,openalex_ror,Singapore,4,openalex,True
8724146,1996,United States,openalex_ror,United States,41,openalex,True
8724145,1996,Sweden,openalex_ror,Sweden,17,openalex,True
8717710,1996,Unknown,no_affiliation,,0,openalex,True
8651052,1996,Japan,openalex_ror,Japan,8,openalex,True
8637682,1996,Israel,openalex_ror,Israel,54,openalex,True
8616734,1996,Unknown,no_affiliation,,0,openalex,True
8610802,1996,United States,openalex_ror,United States,43,openalex,True
8610796,1996,United States,openalex_ror,United States,53,openalex,True
8964536,1996,Germany,openalex_ror,Germany,1,openalex,True
8826209,1996,Unknown,no_affiliation,,0,openalex,True
8823582,1996,Turkey,openalex_ror,Turkey,5,openalex,True
8823581,1996,United Kingdom,openalex_ror,United Kingdom,2,openalex,True
8778497,1996,Germany,openalex_ror,Germany,4,openalex,True
8778363,1996,Germany,openalex_ror,Germany,60,openalex,True
8778360,1996,United Kingdom,openalex_ror,United Kingdom,16,openalex,True
8778354,1996,Unknown,no_affiliation,,35,openalex,True
8705747,1996,United States,openalex_ror,United States,25,openalex,True
8703896,1996,Unknown,no_affiliation,,1,openalex,True
8689548,1996,Czechia,openalex_ror,Czechia,2,openalex,True
8689547,1996,Slovakia,openalex_ror,Slovakia,2,openalex,True
8670734,1996,Italy,openalex_ror,Italy,13,openalex,True
8604730,1996,Australia,openalex_ror,Australia,63,openalex,True
8602772,1996,United States,openalex_ror,United States,78,openalex,True
10156320,1996,Unknown,no_affiliation,,0,openalex,True
8925667,1996,United States,openalex_ror,United States,30,openalex,True
8857255,1996,Taiwan,openalex_ror,Taiwan,98,openalex,True
8715319,1996,Unknown,no_affiliation,,0,openalex,True
8705718,1996,Egypt,affil_country_name,Egypt,97,openalex,True
8705717,1996,United States,openalex_ror,United States,15,openalex,True
8705716,1996,United States,openalex_ror,United States,24,openalex,True
8705713,1996,Colombia,affil_country_name,Colombia,31,openalex,True
8705712,1996,Australia,openalex_ror,Australia,57,openalex,True
8705711,1996,United Kingdom,openalex_ror,United Kingdom,32,openalex,True
8705710,1996,United States,openalex_ror,United States,13,openalex,True
8705709,1996,United Kingdom,openalex_ror,United Kingdom,13,openalex,True
8705708,1996,United States,openalex_ror,United States,40,openalex,True
8703860,1996,United Kingdom,openalex_ror,United Kingdom,48,openalex,True
8656386,1996,United States,openalex_ror,United States,26,openalex,True
8656385,1996,United States,openalex_ror,United States,58,openalex,True
8656384,1996,Ireland,affil_country_name,Ireland,20,openalex,True
8656383,1996,Italy,openalex_ror,Italy,18,openalex,True
8600896,1996,Unknown,no_affiliation,,2,openalex,True
8600882,1996,Australia,openalex_ror,Australia,12,openalex,True
8600881,1996,Australia,openalex_ror,Australia,50,openalex,True
8600423,1996,United States,openalex_ror,United States,89,openalex,True
8600421,1996,United States,openalex_ror,United States,18,openalex,True
8600420,1996,United States,openalex_ror,United States,95,openalex,True
8597267,1996,Australia,openalex_ror,Australia,29,openalex,True
8653527,1996,Germany,openalex_ror,Germany,10,openalex,True
8653526,1996,Greece,openalex_ror,Greece,30,openalex,True
8653524,1996,Spain,openalex_ror,Spain,201,openalex,True
8653512,1996,Greece,affil_country_name,Greece,15,openalex,True
8653511,1996,Italy,affil_country_name,Italy,7,openalex,True
8653510,1996,United Kingdom,openalex_ror,United Kingdom,24,openalex,True
8653509,1996,Greece,openalex_ror,Greece,28,openalex,True
8653508,1996,Unknown,no_affiliation,,10,openalex,True
8653507,1996,Turkey,openalex_ror,Turkey,0,openalex,True
8653506,1996,Turkey,openalex_ror,Turkey,8,openalex,True
8653505,1996,Switzerland,openalex_ror,Switzerland,17,openalex,True
8653504,1996,Greece,affil_country_name,Greece,1,openalex,True
8653503,1996,Greece,affil_country_name,Greece,13,openalex,True
8653502,1996,Turkey,openalex_ror,Turkey,7,openalex,True
8653501,1996,Turkey,openalex_ror,Turkey,3,openalex,True
8653500,1996,Unknown,unresolved,,0,openalex,True
8623883,1996,Saudi Arabia,affil_country_name,Saudi Arabia,218,openalex,True
8573013,1996,United States,openalex_ror,United States,60,openalex,True
8631236,1996,Unknown,no_affiliation,,0,openalex,True
9213595,1996,Unknown,affil_unresolved,,2,openalex,True
9091633,1996,Lebanon,openalex_ror,Lebanon,0,openalex,True
9072516,1996,United States,affil_country_name,United States,41,openalex,True
9021468,1996,United States,openalex_ror,United States,2,openalex,True
9021465,1996,Canada,openalex_ror,Canada,6,openalex,True
9021460,1996,United States,openalex_ror,United States,7,openalex,True
9021459,1996,United States,openalex_ror,United States,4,openalex,True
9021458,1996,United States,openalex_ror,United States,1,openalex,True
9021456,1996,Finland,openalex_ror,Finland,31,openalex,True
9021455,1996,United States,openalex_ror,United States,9,openalex,True
9021454,1996,Colombia,openalex_ror,Colombia,76,openalex,True
8977782,1996,United Kingdom,openalex_ror,United Kingdom,36,openalex,True
8963826,1996,United States,openalex_ror,United States,4,openalex,True
8963825,1996,Belgium,affil_country_name,Belgium,14,openalex,True
8963821,1996,Unknown,no_affiliation,,0,openalex,True
8963819,1996,Australia,affil_country_name,Australia,27,openalex,True
8963818,1996,United Kingdom,openalex_ror,United Kingdom,91,openalex,True
8963815,1996,United States,affil_country_name,United States,13,openalex,True
8963809,1996,South Korea,openalex_ror,South Korea,18,openalex,True
8963808,1996,United States,affil_country_name,United States,13,openalex,True
8963807,1996,United States,openalex_ror,United States,18,openalex,True
8963804,1996,United States,openalex_ror,United States,32,openalex,True
8963802,1996,United States,openalex_ror,United States,15,openalex,True
8963800,1996,Unknown,no_affiliation,,0,openalex,True
8963797,1996,Sweden,openalex_ror,Sweden,8,openalex,True
8907376,1996,United States,openalex_ror,United States,86,openalex,True
8876381,1996,Turkey,openalex_ror,Turkey,37,openalex,True
8871273,1996,Switzerland,affil_city_hint,Switzerland,0,openalex,True
8850895,1996,Unknown,unresolved,,0,openalex,True
8840673,1996,Unknown,unresolved,,0,openalex,True
8758380,1996,China,openalex_ror,China,1,openalex,True
8734223,1996,France,openalex_ror,France,0,openalex,True
8732575,1996,United States,openalex_ror,United States,17,openalex,True
8731780,1996,France,openalex_ror,France,0,openalex,True
8664226,1996,United Kingdom,affil_city_hint,United Kingdom,45,openalex,True
8656364,1996,Canada,openalex_ror,Canada,16,openalex,True
8656363,1996,Saudi Arabia,affil_country_name,Saudi Arabia,13,openalex,True
8656361,1996,South Korea,openalex_ror,South Korea,10,openalex,True
8656353,1996,Saudi Arabia,openalex_ror,Saudi Arabia,24,openalex,True
8630753,1996,United States,openalex_ror,United States,25,openalex,True
8628560,1996,United States,openalex_ror,United States,79,openalex,True
8550334,1996,Germany,openalex_ror,Germany,34,openalex,True
8540851,1996,United States,affil_country_name,United States,45,openalex,True
9275739,1995,China,openalex_ror,China,0,openalex,True
9098296,1995,United Kingdom,openalex_ror,United Kingdom,82,openalex,True
9098269,1995,Unknown,no_affiliation,,2,openalex,True
8818325,1995,South Korea,openalex_ror,South Korea,3,openalex,True
8808510,1995,United States,openalex_ror,United States,0,openalex,True
7501077,1995,Netherlands,openalex_ror,Netherlands,2,openalex,True
11980071,1995,Australia,openalex_ror,Australia,0,openalex,True
9098244,1995,Unknown,no_affiliation,,4,openalex,True
8751103,1995,Switzerland,openalex_ror,Switzerland,14,openalex,True
8746579,1995,United States,openalex_ror,United States,6,openalex,True
8624833,1995,United States,affil_country_name,United States,5,openalex,True
8624830,1995,United States,openalex_ror,United States,17,openalex,True
8624828,1995,United States,openalex_ror,United States,2,openalex,True
8624827,1995,United States,openalex_ror,United States,12,openalex,True
8624826,1995,Saudi Arabia,affil_country_name,Saudi Arabia,34,openalex,True
8551441,1995,France,openalex_ror,France,36,openalex,True
8551440,1995,Unknown,no_affiliation,,53,openalex,True
8551439,1995,Unknown,no_affiliation,,86,openalex,True
8533653,1995,Japan,affil_country_name,Japan,0,openalex,True
7501518,1995,Unknown,no_affiliation,,0,openalex,True
7487586,1995,Unknown,no_affiliation,,2,openalex,True
7485370,1995,Germany,openalex_ror,Germany,21,openalex,True
10172490,1995,Unknown,no_affiliation,,0,openalex,True
9005038,1995,Czechia,affil_city_hint,Czechia,0,openalex,True
8963167,1995,Italy,openalex_ror,Italy,9,openalex,True
8963155,1995,Italy,openalex_ror,Italy,11,openalex,True
8574974,1995,Unknown,no_affiliation,,1,openalex,True
8570159,1995,United States,openalex_ror,United States,8,openalex,True
8565201,1995,Switzerland,openalex_ror,Switzerland,15,openalex,True
8565200,1995,United States,openalex_ror,United States,25,openalex,True
8549153,1995,United States,openalex_ror,United States,37,openalex,True
7573326,1995,Unknown,no_affiliation,,0,openalex,True
7573316,1995,United States,openalex_ror,United States,42,openalex,True
7488574,1995,United Kingdom,openalex_ror,United Kingdom,49,openalex,True
10151963,1995,Netherlands,openalex_ror,Netherlands,5,openalex,True
9097759,1995,Unknown,no_affiliation,,0,openalex,True
8963863,1995,United States,openalex_ror,United States,9,openalex,True
8668824,1995,Unknown,no_affiliation,,12,openalex,True
8533107,1995,Germany,affil_country_name,Germany,255,openalex,True
8528919,1995,Germany,openalex_ror,Germany,10,openalex,True
8528917,1995,United Kingdom,openalex_ror,United Kingdom,63,openalex,True
8528915,1995,Switzerland,openalex_ror,Switzerland,77,openalex,True
8528913,1995,Saudi Arabia,affil_country_name,Saudi Arabia,24,openalex,True
8528912,1995,United States,affil_country_name,United States,45,openalex,True
8528911,1995,Unknown,unresolved,,2,openalex,True
8528909,1995,Unknown,no_affiliation,,0,openalex,True
8528908,1995,Unknown,no_affiliation,,0,openalex,True
8528907,1995,Unknown,no_affiliation,,0,openalex,True
8524557,1995,United Kingdom,openalex_ror,United Kingdom,11,openalex,True
8524556,1995,United Kingdom,openalex_ror,United Kingdom,0,openalex,True
7661734,1995,Unknown,no_affiliation,,7,openalex,True
7474791,1995,Germany,openalex_ror,Germany,0,openalex,True
7473111,1995,Canada,affil_country_name,Canada,69,openalex,True
7473110,1995,Spain,openalex_ror,Spain,14,openalex,True
7473109,1995,Israel,affil_country_name,Israel,24,openalex,True
11990102,1995,Unknown,no_affiliation,,2,openalex,True
8646590,1995,Sweden,openalex_ror,Sweden,0,openalex,True
8537030,1995,Israel,openalex_ror,Israel,12,openalex,True
8537022,1995,Finland,openalex_ror,Finland,18,openalex,True
8534450,1995,United Kingdom,openalex_ror,United Kingdom,29,openalex,True
8534442,1995,Australia,openalex_ror,Australia,10,openalex,True
8534441,1995,New Zealand,affil_country_name,New Zealand,6,openalex,True
7639676,1995,Australia,openalex_ror,Australia,70,openalex,True
7639658,1995,United States,openalex_ror,United States,32,openalex,True
7587492,1995,China,openalex_ror,China,3,openalex,True
7549336,1995,Germany,affil_city_hint,Germany,3,openalex,True
7549334,1995,Germany,openalex_ror,Germany,1,openalex,True
7549322,1995,Germany,openalex_ror,Germany,3,openalex,True
7549319,1995,Germany,openalex_ror,Germany,11,openalex,True
7549318,1995,Germany,openalex_ror,Germany,14,openalex,True
7549317,1995,Switzerland,openalex_ror,Switzerland,5,openalex,True
7549316,1995,Sweden,openalex_ror,Sweden,1,openalex,True
7549315,1995,Germany,affil_city_hint,Germany,22,openalex,True
7547788,1995,Australia,affil_country_name,Australia,37,openalex,True
10150886,1995,Sweden,openalex_ror,Sweden,4,openalex,True
10150885,1995,Germany,openalex_ror,Germany,2,openalex,True
10150883,1995,United States,openalex_ror,United States,9,openalex,True
9121752,1995,United States,openalex_ror,United States,13,openalex,True
9121751,1995,United States,openalex_ror,United States,64,openalex,True
8545808,1995,Unknown,no_affiliation,,2,openalex,True
8523280,1995,Spain,openalex_ror,Spain,95,openalex,True
7613344,1995,Unknown,no_affiliation,,2,openalex,True
7605277,1995,United States,openalex_ror,United States,234,openalex,True
7605273,1995,Unknown,no_affiliation,,14,openalex,True
7575321,1995,Unknown,no_affiliation,,10,openalex,True
7496986,1995,Unknown,no_affiliation,,0,openalex,True
7496985,1995,United States,openalex_ror,United States,1,openalex,True
7496983,1995,United States,openalex_ror,United States,21,openalex,True
7496979,1995,United States,openalex_ror,United States,11,openalex,True
7786205,1995,Unknown,no_affiliation,,18,openalex,True
7786197,1995,Unknown,no_affiliation,,4,openalex,True
7777306,1995,United States,openalex_ror,United States,115,openalex,True
7777305,1995,United States,openalex_ror,United States,75,openalex,True
7641848,1995,Finland,affil_country_name,Finland,46,openalex,True
7585309,1995,Unknown,no_affiliation,,0,openalex,True
7761066,1995,Hungary,openalex_ror,Hungary,3,openalex,True
7748117,1995,Unknown,no_affiliation,,7,openalex,True
7733186,1995,United States,openalex_ror,United States,39,openalex,True
7674162,1995,Germany,openalex_ror,Germany,5,openalex,True
7674160,1995,United States,openalex_ror,United States,51,openalex,True
7674151,1995,Unknown,no_affiliation,,0,openalex,True
7663328,1995,Switzerland,openalex_ror,Switzerland,1,openalex,True
7659417,1995,Denmark,openalex_ror,Denmark,85,openalex,True
7609376,1995,Switzerland,openalex_ror,Switzerland,14,openalex,True
7600805,1995,Germany,openalex_ror,Germany,6,openalex,True
7600804,1995,France,openalex_ror,France,18,openalex,True
7555409,1995,Unknown,no_affiliation,,0,openalex,True
7555398,1995,China,openalex_ror,China,0,openalex,True
7553122,1995,Belgium,openalex_ror,Belgium,6,openalex,True
7553121,1995,United Kingdom,openalex_ror,United Kingdom,4,openalex,True
7553120,1995,Spain,affil_country_name,Spain,1,openalex,True
7553119,1995,Italy,openalex_ror,Italy,27,openalex,True
7553118,1995,Sweden,openalex_ror,Sweden,26,openalex,True
7553117,1995,Portugal,openalex_ror,Portugal,28,openalex,True
7553116,1995,Hong Kong,affil_country_name,Hong Kong,0,openalex,True
7553115,1995,India,openalex_ror,India,0,openalex,True
7553114,1995,China,openalex_ror,China,5,openalex,True
7553113,1995,United States,openalex_ror,United States,40,openalex,True
7553112,1995,Portugal,openalex_ror,Portugal,14,openalex,True
7553111,1995,India,openalex_ror,India,8,openalex,True
7553110,1995,South Korea,openalex_ror,South Korea,7,openalex,True
7553109,1995,Singapore,openalex_ror,Singapore,11,openalex,True
7553108,1995,Canada,openalex_ror,Canada,9,openalex,True
7553107,1995,South Korea,affil_country_name,South Korea,10,openalex,True
7553106,1995,Lebanon,affil_country_name,Lebanon,7,openalex,True
7553105,1995,Israel,openalex_ror,Israel,10,openalex,True
7553104,1995,Sweden,openalex_ror,Sweden,5,openalex,True
7553103,1995,Israel,openalex_ror,Israel,7,openalex,True
7553102,1995,Turkey,openalex_ror,Turkey,2,openalex,True
7553101,1995,Japan,openalex_ror,Japan,25,openalex,True
7553100,1995,South Korea,affil_country_name,South Korea,23,openalex,True
7553099,1995,United States,affil_country_name_over_openalex,United States,32,openalex,True
7553098,1995,Brazil,affil_country_name,Brazil,11,openalex,True
7553097,1995,United States,affil_country_name,United States,95,openalex,True
7553096,1995,Argentina,openalex_ror,Argentina,80,openalex,True
7553095,1995,Unknown,no_affiliation,,4,openalex,True
7553094,1995,Unknown,unresolved,,0,openalex,True
7553093,1995,Brazil,openalex_ror,Brazil,32,openalex,True
7553090,1995,United States,openalex_ror,United States,85,openalex,True
7553088,1995,Italy,openalex_ror,Italy,40,openalex,True
7553087,1995,United States,openalex_ror,United States,18,openalex,True
7553086,1995,United States,openalex_ror,United States,17,openalex,True
7553083,1995,Unknown,no_affiliation,,0,openalex,True
7728036,1995,United Kingdom,openalex_ror,United Kingdom,32,openalex,True
7791285,1995,Germany,openalex_ror,Germany,10,openalex,True
7746995,1995,Unknown,no_affiliation,,0,openalex,True
7724171,1995,United States,openalex_ror,United States,55,openalex,True
7710402,1995,United States,openalex_ror,United States,30,openalex,True
7710392,1995,United Kingdom,openalex_ror,United Kingdom,146,openalex,True
7710391,1995,Australia,openalex_ror,Australia,86,openalex,True
7656390,1995,China,openalex_ror,China,1,openalex,True
7656147,1995,Denmark,openalex_ror,Denmark,10,openalex,True
7540961,1995,Finland,openalex_ror,Finland,16,openalex,True
7891987,1995,United States,openalex_ror,United States,42,openalex,True
7872385,1995,United States,openalex_ror,United States,55,openalex,True
7791054,1995,Hong Kong,affil_country_name,China|Hong Kong,11,openalex,True
7634146,1995,United States,openalex_ror,United States,27,openalex,True
7634145,1995,Unknown,no_affiliation,,4,openalex,True
7634142,1995,Finland,openalex_ror,Finland,10,openalex,True
7634140,1995,Australia,openalex_ror,Australia,62,openalex,True
7634139,1995,Finland,openalex_ror,Finland,25,openalex,True
7478626,1995,United Kingdom,openalex_ror,United Kingdom,0,openalex,True
7731292,1995,Spain,affil_city_hint,Spain,1,openalex,True
7781123,1995,China,openalex_ror,China,1,openalex,True
7780900,1995,Unknown,no_affiliation,,3,openalex,True
7739199,1995,Austria,openalex_ror,Austria,34,openalex,True
7739188,1995,Germany,openalex_ror,Colombia|Germany,4,openalex,True
7701983,1995,Japan,openalex_ror,Japan,2,openalex,True
7696238,1995,United Kingdom,openalex_ror,United Kingdom,2,openalex,True
7627753,1995,Denmark,openalex_ror,Denmark,27,openalex,True
9262732,1995,Hungary,openalex_ror,Hungary,2,openalex,True
9262731,1995,Hungary,openalex_ror,Hungary,12,openalex,True
9262730,1995,Hungary,openalex_ror,Hungary,4,openalex,True
9262729,1995,Hungary,openalex_ror,Hungary,1,openalex,True
9262717,1995,Hungary,openalex_ror,Hungary,6,openalex,True
9221227,1995,Finland,openalex_ror,Finland,0,openalex,True
8745706,1995,France,openalex_ror,France,0,openalex,True
8719677,1995,Saudi Arabia,affil_country_name,Saudi Arabia,,,False
8659231,1995,Hungary,openalex_ror,Hungary,2,openalex,True
8569411,1995,United States,openalex_ror,United States,32,openalex,True
8549241,1995,Belgium,affil_country_name,Belgium,,,False
7831040,1995,United States,openalex_ror,United States,31,openalex,True
7825688,1995,Australia,openalex_ror,Australia,10,openalex,True
7822157,1995,United States,openalex_ror,United States,33,openalex,True
7722900,1995,Unknown,no_affiliation,,6,openalex,True
7722893,1995,Australia,openalex_ror,Australia,44,openalex,True
7715922,1995,Italy,openalex_ror,Italy,22,openalex,True
7712612,1995,Finland,openalex_ror,Finland,15,openalex,True
7651060,1995,United States,openalex_ror,United States,33,openalex,True
7641050,1995,United States,affil_country_name,United States,13,openalex,True
7641048,1995,Ireland,affil_country_name,Ireland,11,openalex,True
7641047,1995,Canada,openalex_ror,Canada,62,openalex,True
7641046,1995,Saudi Arabia,openalex_ror,Saudi Arabia,42,openalex,True
7560787,1995,France,openalex_ror,France,0,openalex,True
7560780,1995,Unknown,no_affiliation,,0,openalex,True
7533534,1995,Finland,openalex_ror,Finland,62,openalex,True
7488798,1995,United States,affil_country_name,United States,2,openalex,True
7993206,1994,United States,openalex_ror,United States,114,openalex,True
7993199,1994,Unknown,no_affiliation,,2,openalex,True
7856160,1994,Unknown,no_affiliation,,4,openalex,True
7980132,1994,United States,openalex_ror,United States,118,openalex,True
7885676,1994,United States,openalex_ror,United States,0,openalex,True
7844938,1994,United States,openalex_ror,United States,3,openalex,True
7837071,1994,Japan,openalex_ror,Japan,37,openalex,True
7837070,1994,Unknown,affil_unresolved,United States,61,openalex,True
7719540,1994,Unknown,no_affiliation,,1,openalex,True
7719539,1994,Unknown,no_affiliation,,1,openalex,True
7719532,1994,Canada,openalex_ror,Canada,46,openalex,True
7943146,1994,Unknown,no_affiliation,,3,openalex,True
7887157,1994,United Kingdom,openalex_ror,United Kingdom,16,openalex,True
7812099,1994,Germany,openalex_ror,Germany,4,openalex,True
7812098,1994,Germany,openalex_ror,Germany,0,openalex,True
7812096,1994,Germany,affil_city_hint,Germany,6,openalex,True
7803365,1994,Unknown,no_affiliation,,19,openalex,True
8085586,1994,United States,openalex_ror,United States,66,openalex,True
8090459,1994,United States,openalex_ror,United States,122,openalex,True
8090458,1994,Sweden,openalex_ror,Sweden,171,openalex,True
8090457,1994,United States,openalex_ror,United States,141,openalex,True
7996402,1994,Canada,openalex_ror,Canada,13,openalex,True
7996400,1994,Spain,openalex_ror,Spain,22,openalex,True
7994491,1994,United States,openalex_ror,United States,27,openalex,True
7805537,1994,China,openalex_ror,China,0,openalex,True
7530111,1994,Unknown,no_affiliation,,51,openalex,True
7530109,1994,France,affil_country_name,France,3,openalex,True
7530108,1994,United States,openalex_ror,United States,31,openalex,True
7530103,1994,Ireland,affil_country_name,Ireland,18,openalex,True
7530099,1994,Greece,openalex_ror,Greece,430,openalex,True
7522315,1994,United Kingdom,openalex_ror,United Kingdom,119,openalex,True
8053462,1994,United States,openalex_ror,United States,202,openalex,True
8087899,1994,Czechia,affil_city_hint,Czechia,0,openalex,True
8058288,1994,Canada,openalex_ror,Canada,100,openalex,True
8053825,1994,United States,openalex_ror,United States,43,openalex,True
7825413,1994,Sweden,openalex_ror,Sweden,39,openalex,True
7825412,1994,Sweden,openalex_ror,Sweden,37,openalex,True
7825411,1994,Sweden,openalex_ror,Sweden,13,openalex,True
8023858,1994,United States,openalex_ror,United States,6,openalex,True
10172082,1994,United States,openalex_ror,United States,7,openalex,True
10147334,1994,Italy,openalex_ror,Italy,13,openalex,True
8035996,1994,United States,openalex_ror,United States,56,openalex,True
8031278,1994,United States,openalex_ror,United States,62,openalex,True
8031271,1994,Italy,openalex_ror,Italy,49,openalex,True
7932126,1994,South Korea,openalex_ror,South Korea,29,openalex,True
7528619,1994,Unknown,no_affiliation,,,,False
7528617,1994,United States,affil_city_hint,United States,23,openalex,True
7528616,1994,Greece,openalex_ror,Greece,46,openalex,True
7528613,1994,United States,openalex_ror,United States,21,openalex,True
7528612,1994,United States,openalex_ror,United States,47,openalex,True
7528611,1994,United States,openalex_ror,United States,18,openalex,True
7528610,1994,France,openalex_ror,France,18,openalex,True
8198170,1994,United States,openalex_ror,United States,21,openalex,True
10147298,1994,United States,openalex_ror,United States,2,openalex,True
10147297,1994,Unknown,affil_unresolved,,4,openalex,True
10147296,1994,United States,openalex_ror,United States,1,openalex,True
8206721,1994,Finland,openalex_ror,Finland,30,openalex,True
8206720,1994,Germany,openalex_ror,Germany,131,openalex,True
8060928,1994,United Kingdom,openalex_ror,United Kingdom,32,openalex,True
8008363,1994,United States,affil_city_hint,United States,46,openalex,True
8172276,1994,United States,openalex_ror,United States,6,openalex,True
8190476,1994,United States,openalex_ror,United States,88,openalex,True
8190475,1994,United States,openalex_ror,France|United States,28,openalex,True
8051887,1994,Unknown,no_affiliation,,1,openalex,True
8051886,1994,Switzerland,openalex_ror,Switzerland,3,openalex,True
8033572,1994,United States,openalex_ror,United States,19,openalex,True
7522098,1994,Unknown,no_affiliation,,4,openalex,True
7522096,1994,Sweden,openalex_ror,Sweden,41,openalex,True
7522093,1994,Germany,openalex_ror,Germany,5,openalex,True
7522088,1994,United States,openalex_ror,United States,13,openalex,True
8154526,1994,Sweden,openalex_ror,Sweden,46,openalex,True
8079631,1994,Sweden,openalex_ror,Sweden,52,openalex,True
8079630,1994,Sweden,openalex_ror,Sweden,57,openalex,True
7925681,1994,Italy,openalex_ror,Italy,32,openalex,True
8129020,1994,Canada,openalex_ror,Canada,43,openalex,True
8129016,1994,United States,openalex_ror,United States,34,openalex,True
8129014,1994,Japan,openalex_ror,Japan,10,openalex,True
8129013,1994,France,affil_country_name,France,12,openalex,True
8201569,1994,United States,openalex_ror,United States,21,openalex,True
8196922,1994,Unknown,affil_unresolved,,14,openalex,True
8193570,1994,France,openalex_ror,France,16,openalex,True
8148335,1994,Australia,openalex_ror,Australia,5,openalex,True
8127563,1994,United States,openalex_ror,United States,146,openalex,True
8006800,1994,United States,affil_city_hint,United States,15,openalex,True
8006799,1994,Unknown,affil_unresolved,United States,41,openalex,True
8006798,1994,United States,openalex_ror,United States,18,openalex,True
8006797,1994,United States,openalex_ror,United States,28,openalex,True
8006796,1994,Germany,openalex_ror,Germany,51,openalex,True
8006795,1994,Australia,openalex_ror,Australia,75,openalex,True
8006794,1994,United States,affil_city_hint,United States,13,openalex,True
8006793,1994,Unknown,no_affiliation,,51,openalex,True
8006792,1994,South Korea,openalex_ror,South Korea,29,openalex,True
8006791,1994,France,openalex_ror,France,16,openalex,True
8006790,1994,Unknown,no_affiliation,,82,openalex,True
8006789,1994,Sweden,openalex_ror,Sweden,44,openalex,True
8006788,1994,Canada,openalex_ror,Canada,22,openalex,True
8006787,1994,Unknown,no_affiliation,,0,openalex,True
7966373,1994,Unknown,no_affiliation,,4,openalex,True
7517321,1994,Italy,affil_country_name,Italy,16,openalex,True
7517320,1994,Israel,openalex_ror,Israel,0,openalex,True
7517319,1994,Israel,openalex_ror,Israel,9,openalex,True
7517318,1994,United Kingdom,openalex_ror,United Kingdom,22,openalex,True
7517316,1994,Israel,openalex_ror,Israel,17,openalex,True
7517315,1994,United States,openalex_ror,United States,2,openalex,True
7517314,1994,Japan,openalex_ror,Japan,53,openalex,True
7517313,1994,France,affil_country_name,France,3,openalex,True
7517312,1994,Brazil,affil_country_name,Brazil,5,openalex,True
7517311,1994,United States,openalex_ror,United States,14,openalex,True
7517310,1994,Italy,openalex_ror,Italy,4,openalex,True
7517309,1994,United Kingdom,openalex_ror,United Kingdom,10,openalex,True
7517308,1994,Unknown,affil_unresolved,,14,openalex,True
7517307,1994,Portugal,affil_country_name,Portugal,1,openalex,True
7517306,1994,South Korea,affil_country_name,South Korea,32,openalex,True
7517305,1994,United Kingdom,openalex_ror,United Kingdom,62,openalex,True
7517304,1994,New Zealand,affil_country_name,New Zealand,8,openalex,True
7517303,1994,Italy,affil_country_name,Italy,20,openalex,True
7517302,1994,United States,openalex_ror,United States,34,openalex,True
7517301,1994,France,openalex_ror,France,16,openalex,True
7517300,1994,Spain,openalex_ror,Spain,24,openalex,True
7517299,1994,Italy,openalex_ror,Italy,16,openalex,True
7517298,1994,Japan,openalex_ror,Japan,32,openalex,True
7517297,1994,Australia,affil_country_name,Australia,26,openalex,True
7517296,1994,Australia,affil_country_name,Australia,30,openalex,True
7517293,1994,United Kingdom,openalex_ror,United Kingdom,109,openalex,True
7517292,1994,Unknown,no_affiliation,,1,openalex,True
7517287,1994,Italy,openalex_ror,Italy,30,openalex,True
7517286,1994,Italy,openalex_ror,Italy,35,openalex,True
7517285,1994,United States,openalex_ror,United States,105,openalex,True
8152742,1994,United States,affil_city_hint,United States,15,openalex,True
8152741,1994,United States,affil_city_hint,United States,21,openalex,True
8115139,1994,Unknown,no_affiliation,,5,openalex,True
8115138,1994,Unknown,no_affiliation,,5,openalex,True
8017194,1994,Switzerland,openalex_ror,Switzerland,3,openalex,True
8302549,1994,Germany,openalex_ror,Germany,292,openalex,True
8302548,1994,United States,openalex_ror,United States,213,openalex,True
8300350,1994,Italy,openalex_ror,Italy,55,openalex,True
8183051,1994,Germany,openalex_ror,Germany,19,openalex,True
8114123,1994,Unknown,no_affiliation,,0,openalex,True
8089410,1994,France,openalex_ror,France,0,openalex,True
8089408,1994,France,openalex_ror,France,3,openalex,True
8089402,1994,Unknown,no_affiliation,,0,openalex,True
8019121,1994,United Kingdom,openalex_ror,United Kingdom,80,openalex,True
8013719,1994,United Kingdom,openalex_ror,United Kingdom,77,openalex,True
7997043,1994,United States,openalex_ror,United States,15,openalex,True
7896534,1994,United Kingdom,affil_city_hint,United Kingdom,3,openalex,True
7896528,1994,Unknown,no_affiliation,,6,openalex,True
7886866,1994,Australia,affil_country_name,Australia,,,False
7886865,1994,United States,openalex_ror,United States,4,openalex,True
7852022,1994,Italy,openalex_ror,Italy,2,openalex,True
7849412,1994,Unknown,no_affiliation,,0,openalex,True
7821482,1994,United Kingdom,openalex_ror,United Kingdom,31,openalex,True
7722235,1994,France,openalex_ror,France,1,openalex,True
7604613,1994,Hungary,openalex_ror,Hungary,1,openalex,True
7517785,1994,Unknown,no_affiliation,,0,openalex,True
7517779,1994,United States,openalex_ror,United States,1,openalex,True
7517775,1994,United States,openalex_ror,United States,5,openalex,True
8250070,1993,Japan,openalex_ror,Japan,35,openalex,True
8259282,1993,United States,openalex_ror,United States,41,openalex,True
8155032,1993,United States,openalex_ror,United States,172,openalex,True
8155031,1993,Australia,openalex_ror,Australia,75,openalex,True
8154261,1993,Sweden,openalex_ror,Sweden,6,openalex,True
8115096,1993,United States,openalex_ror,United States,13,openalex,True
8312823,1993,Germany,openalex_ror,Germany,7,openalex,True
8310397,1993,United States,openalex_ror,United States,42,openalex,True
8280683,1993,United Kingdom,openalex_ror,United Kingdom,96,openalex,True
8261781,1993,United States,openalex_ror,United States,6,openalex,True
8233381,1993,Unknown,no_affiliation,,7,openalex,True
8117646,1993,Germany,openalex_ror,Germany,4,openalex,True
8117643,1993,Australia,openalex_ror,Australia,27,openalex,True
8117642,1993,United States,openalex_ror,United States,14,openalex,True
8117641,1993,United States,affil_city_hint,United States,154,openalex,True
8117638,1993,Unknown,no_affiliation,,0,openalex,True
8412953,1993,Australia,openalex_ror,Australia,17,openalex,True
8304687,1993,United States,affil_city_hint,United States,3,openalex,True
8261607,1993,United States,openalex_ror,United States,15,openalex,True
8261604,1993,Canada,openalex_ror,Canada,5,openalex,True
8259241,1993,United States,openalex_ror,United States,20,openalex,True
8218043,1993,Unknown,no_affiliation,,14,openalex,True
8114466,1993,Germany,openalex_ror,Germany,76,openalex,True
8310220,1993,France,openalex_ror,France,0,openalex,True
8395794,1993,United States,openalex_ror,United States,74,openalex,True
8371921,1993,United States,openalex_ror,United States,110,openalex,True
8241049,1993,Unknown,no_affiliation,,20,openalex,True
8241048,1993,Unknown,no_affiliation,,47,openalex,True
8241042,1993,Italy,openalex_ror,Italy,15,openalex,True
8241036,1993,Unknown,no_affiliation,,0,openalex,True
8229712,1993,Unknown,no_affiliation,,45,openalex,True
8352695,1993,United States,openalex_ror,United States,24,openalex,True
8352677,1993,Unknown,no_affiliation,,57,openalex,True
8341507,1993,United Kingdom,openalex_ror,United Kingdom,147,openalex,True
8266200,1993,Singapore,openalex_ror,Singapore,5,openalex,True
8112963,1993,Singapore,openalex_ror,Singapore,5,openalex,True
8328526,1993,United States,openalex_ror,United States,7,openalex,True
10148871,1993,United Kingdom,openalex_ror,United Kingdom,3,openalex,True
10148870,1993,Germany,openalex_ror,Germany,5,openalex,True
10148868,1993,United States,openalex_ror,United States,9,openalex,True
8398977,1993,Unknown,no_affiliation,,13,openalex,True
8398976,1993,United Kingdom,openalex_ror,United Kingdom,31,openalex,True
8398975,1993,Germany,openalex_ror,Germany,15,openalex,True
8398972,1993,United States,openalex_ror,United States,12,openalex,True
8398971,1993,Saudi Arabia,affil_country_name,Saudi Arabia,4,openalex,True
8375040,1993,Canada,openalex_ror,Canada,5,openalex,True
8375039,1993,Singapore,openalex_ror,Singapore,8,openalex,True
8355173,1993,Unknown,no_affiliation,,3,openalex,True
8339566,1993,Sweden,openalex_ror,Sweden,52,openalex,True
8339562,1993,United States,openalex_ror,United States,47,openalex,True
8338819,1993,Unknown,no_affiliation,,0,openalex,True
8328940,1993,United States,openalex_ror,United States,55,openalex,True
8325755,1993,United States,openalex_ror,United States,44,openalex,True
8321536,1993,Unknown,no_affiliation,,3,openalex,True
8321534,1993,Unknown,no_affiliation,,61,openalex,True
8225071,1993,Unknown,no_affiliation,,0,openalex,True
8225068,1993,Israel,openalex_ror,Israel,1,openalex,True
8225056,1993,Israel,openalex_ror,Israel,2,openalex,True
8506924,1993,Japan,openalex_ror,Japan,18,openalex,True
8510900,1993,United States,openalex_ror,United States,190,openalex,True
8230777,1993,South Korea,openalex_ror,South Korea,15,openalex,True
8488917,1993,United States,openalex_ror,United States,7,openalex,True
8503817,1993,United States,openalex_ror,United States,4,openalex,True
8501631,1993,France,affil_country_name,France,18,openalex,True
8493018,1993,Sweden,openalex_ror,Sweden,192,openalex,True
8489425,1993,Unknown,no_affiliation,,0,openalex,True
8343437,1993,Germany,openalex_ror,Germany,61,openalex,True
8334387,1993,Germany,affil_country_name,Germany,18,openalex,True
8334386,1993,Germany,affil_country_name,Germany,47,openalex,True
8319921,1993,Germany,openalex_ror,Germany,11,openalex,True
8470715,1993,United Kingdom,openalex_ror,United Kingdom,110,openalex,True
8470714,1993,Japan,openalex_ror,Japan,62,openalex,True
8497716,1993,Unknown,no_affiliation,,0,openalex,True
8495564,1993,Canada,openalex_ror,Canada,12,openalex,True
8494862,1993,United Kingdom,openalex_ror,United Kingdom,97,openalex,True
8490304,1993,Germany,openalex_ror,Germany,11,openalex,True
8479713,1993,United States,openalex_ror,United States,49,openalex,True
8407121,1993,United States,openalex_ror,United States,1,openalex,True
8510419,1993,Sweden,openalex_ror,Sweden,5,openalex,True
8510418,1993,United States,openalex_ror,United States,12,openalex,True
8499390,1993,Unknown,no_affiliation,,16,openalex,True
8499386,1993,Unknown,affil_unresolved,,31,openalex,True
8499384,1993,Germany,affil_country_name,Germany,34,openalex,True
8499383,1993,Italy,affil_country_name,Italy,12,openalex,True
8499382,1993,Unknown,no_affiliation,,12,openalex,True
8499381,1993,Sweden,openalex_ror,Sweden,34,openalex,True
8499380,1993,Italy,openalex_ror,Italy,50,openalex,True
8499379,1993,Canada,openalex_ror,Canada,38,openalex,True
8499378,1993,Italy,openalex_ror,Italy,14,openalex,True
8499377,1993,South Korea,affil_country_name,South Korea,19,openalex,True
8499376,1993,Italy,affil_country_name,Italy,10,openalex,True
8499375,1993,South Korea,affil_country_name,South Korea,24,openalex,True
8499374,1993,Italy,affil_country_name,Italy,37,openalex,True
8499373,1993,Greece,openalex_ror,Greece,20,openalex,True
8499372,1993,South Korea,openalex_ror,South Korea,14,openalex,True
8499371,1993,Italy,affil_country_name,Italy,19,openalex,True
8499370,1993,Italy,openalex_ror,Italy,37,openalex,True
8499369,1993,Canada,affil_country_name,Canada,28,openalex,True
8499367,1993,Unknown,no_affiliation,,0,openalex,True
8499366,1993,United States,openalex_ror,United States,11,openalex,True
8499364,1993,Italy,affil_country_name,Italy,18,openalex,True
8499363,1993,Italy,affil_country_name,Italy,23,openalex,True
8499362,1993,Russia,openalex_ror,Russia,2,openalex,True
8499361,1993,Australia,openalex_ror,Australia,0,openalex,True
8499360,1993,Unknown,no_affiliation,,4,openalex,True
8499358,1993,Hungary,openalex_ror,Hungary,31,openalex,True
8499357,1993,South Korea,affil_country_name,South Korea,60,openalex,True
8499356,1993,Spain,openalex_ror,Spain,7,openalex,True
8499355,1993,Canada,affil_country_name,Canada,8,openalex,True
8499354,1993,United Kingdom,openalex_ror,United Kingdom,5,openalex,True
8499353,1993,Greece,affil_country_name,Greece,2,openalex,True
8494818,1993,Italy,openalex_ror,Italy,25,openalex,True
8487181,1993,South Korea,openalex_ror,South Korea,2,openalex,True
20802716,1993,United States,openalex_ror,United States,24,openalex,True
8487465,1993,Germany,openalex_ror,Germany,13,openalex,True
8515675,1993,United States,openalex_ror,United States,20,openalex,True
8482799,1993,United States,openalex_ror,United States,7,openalex,True
8481372,1993,United States,openalex_ror,United States,91,openalex,True
8481371,1993,United States,openalex_ror,United States,3,openalex,True
8481369,1993,Germany,openalex_ror,Germany,128,openalex,True
8481368,1993,Italy,affil_country_name,Italy,92,openalex,True
8464306,1993,United States,openalex_ror,United States,28,openalex,True
8464304,1993,Australia,openalex_ror,Australia,7,openalex,True
8450438,1993,Germany,openalex_ror,Germany,113,openalex,True
8450437,1993,Unknown,no_affiliation,,105,openalex,True
8450436,1993,Unknown,no_affiliation,,54,openalex,True
8450435,1993,Unknown,no_affiliation,,72,openalex,True
8450433,1993,United States,openalex_ror,United States,60,openalex,True
8326102,1993,France,openalex_ror,France,1,openalex,True
8288437,1993,Unknown,unresolved,,0,openalex,True
8287981,1993,United Kingdom,openalex_ror,United Kingdom,53,openalex,True
8253244,1993,United Kingdom,openalex_ror,United Kingdom,56,openalex,True
8205334,1993,Unknown,no_affiliation,,1,openalex,True
7952350,1993,Belgium,openalex_ror,Belgium,32,openalex,True
7952349,1993,Unknown,affil_unresolved,,2,openalex,True
1486268,1992,Germany,affil_city_hint,Germany,1,openalex,True
1486267,1992,United Kingdom,openalex_ror,United Kingdom,5,openalex,True
1484663,1992,United States,openalex_ror,United States,31,openalex,True
1493120,1992,United States,openalex_ror,United States,10,openalex,True
1493119,1992,United States,openalex_ror,United States,15,openalex,True
1341304,1992,Poland,affil_country_name,Poland,1,openalex,True
1341295,1992,Poland,affil_country_name,Poland,0,openalex,True
1341294,1992,Poland,affil_country_name,Poland,0,openalex,True
1341292,1992,Poland,affil_country_name,Poland,0,openalex,True
1291686,1992,Unknown,no_affiliation,,0,openalex,True
1415453,1992,United States,openalex_ror,United States,99,openalex,True
1406388,1992,Australia,openalex_ror,Australia,2,openalex,True
1471479,1992,Denmark,openalex_ror,Denmark,35,openalex,True
1462540,1992,Unknown,no_affiliation,,0,openalex,True
1453657,1992,Germany,affil_city_hint,Germany,17,openalex,True
1399404,1992,Sweden,openalex_ror,Sweden,84,openalex,True
1524126,1992,Greece,openalex_ror,Greece,4,openalex,True
1520118,1992,United States,openalex_ror,United States,149,openalex,True
1520108,1992,Germany,affil_country_name,Germany,102,openalex,True
1520105,1992,Unknown,no_affiliation,,12,openalex,True
1480371,1992,United States,openalex_ror,United States,33,openalex,True
1480367,1992,United States,openalex_ror,United States,43,openalex,True
1450126,1992,Unknown,affil_unresolved,,5,openalex,True
1450120,1992,United States,openalex_ror,United States,10,openalex,True
1450118,1992,United States,openalex_ror,United States,4,openalex,True
1450117,1992,Germany,openalex_ror,Germany,7,openalex,True
1450116,1992,Unknown,affil_unresolved,,38,openalex,True
10147881,1992,Unknown,no_affiliation,,0,openalex,True
1513588,1992,Unknown,unresolved,,28,openalex,True
1513573,1992,United Kingdom,openalex_ror,United Kingdom,385,openalex,True
1513572,1992,United States,openalex_ror,United States,21,openalex,True
1497507,1992,Unknown,no_affiliation,,2,openalex,True
1449784,1992,Unknown,no_affiliation,,1,openalex,True
1414302,1992,Denmark,openalex_ror,Denmark,41,openalex,True
1621785,1992,United States,openalex_ror,United States,110,openalex,True
1320331,1992,Unknown,no_affiliation,,38,openalex,True
1320329,1992,United States,openalex_ror,United States,89,openalex,True
10147735,1992,Germany,affil_country_name,Germany,2,openalex,True
1637286,1992,United States,openalex_ror,United States,67,openalex,True
1637279,1992,United Kingdom,openalex_ror,United Kingdom,203,openalex,True
1637278,1992,United States,affil_city_hint,United States,,,False
1634334,1992,Israel,openalex_ror,Israel,20,openalex,True
1495783,1992,United States,openalex_ror,United States,48,openalex,True
1390414,1992,United States,openalex_ror,United States,32,openalex,True
1390411,1992,United States,openalex_ror,United States,40,openalex,True
1390408,1992,Germany,affil_country_name,Germany,38,openalex,True
1390406,1992,United States,openalex_ror,United States,23,openalex,True
1390405,1992,United States,affil_city_hint,United States,66,openalex,True
1630779,1992,United States,openalex_ror,United States,50,openalex,True
1630356,1992,Australia,openalex_ror,Australia,9,openalex,True
1607228,1992,Germany,affil_country_name,Germany,24,openalex,True
1507787,1992,Germany,openalex_ror,Germany,38,openalex,True
1633145,1992,Saudi Arabia,affil_country_name,Saudi Arabia,3,openalex,True
1633144,1992,Belgium,openalex_ror,Belgium,13,openalex,True
1633139,1992,Germany,openalex_ror,Germany,22,openalex,True
1614096,1992,Switzerland,affil_city_hint,Switzerland,4,openalex,True
1614095,1992,Switzerland,openalex_ror,Switzerland,2,openalex,True
1594227,1992,United States,openalex_ror,United States,129,openalex,True
1600320,1992,Germany,openalex_ror,Germany,7,openalex,True
1600319,1992,Germany,affil_city_hint,Germany,12,openalex,True
1562264,1992,United States,openalex_ror,United States,10,openalex,True
1543222,1992,Italy,affil_country_name,Italy,169,openalex,True
1542243,1992,Sweden,openalex_ror,Sweden,0,openalex,True
1591213,1992,Unknown,affil_unresolved,,34,openalex,True
1591208,1992,Germany,openalex_ror,Germany,97,openalex,True
1591203,1992,United Kingdom,affil_country_name,United Kingdom,99,openalex,True
1580210,1992,Japan,openalex_ror,Japan,0,openalex,True
1544782,1992,United States,openalex_ror,United States,17,openalex,True
1599677,1992,Australia,openalex_ror,Australia,3,openalex,True
1739700,1992,Unknown,no_affiliation,,12,openalex,True
1735860,1992,Italy,affil_country_name,Italy,39,openalex,True
1735856,1992,Italy,openalex_ror,Italy,10,openalex,True
1559292,1992,United States,openalex_ror,United States,0,openalex,True
1554640,1992,Belgium,openalex_ror,Belgium,23,openalex,True
1494824,1992,United States,affil_city_hint,United States,193,openalex,True
1490143,1992,Germany,affil_country_name,Germany,25,openalex,True
1477611,1992,Germany,openalex_ror,Germany,19,openalex,True
1455083,1992,Colombia,affil_country_name,Colombia,25,openalex,True
1399354,1992,Unknown,no_affiliation,,24,openalex,True
1374356,1992,Finland,openalex_ror,Finland,51,openalex,True
1344750,1992,Unknown,no_affiliation,,10,openalex,True
1303854,1992,Germany,openalex_ror,Germany,23,openalex,True
1294605,1992,Unknown,no_affiliation,,0,openalex,True
1294593,1992,France,openalex_ror,France,4,openalex,True
1289144,1992,United Kingdom,openalex_ror,United Kingdom,51,openalex,True
1841579,1991,Greece,openalex_ror,Greece,265,openalex,True
1775310,1991,United States,openalex_ror,United States,50,openalex,True
1946117,1991,United States,openalex_ror,United States,1,openalex,True
1798754,1991,Netherlands,openalex_ror,Netherlands,14,openalex,True
1782155,1991,United Kingdom,openalex_ror,United Kingdom,231,openalex,True
1774669,1991,Unknown,no_affiliation,,0,openalex,True
1774663,1991,Unknown,no_affiliation,,0,openalex,True
1755732,1991,United States,openalex_ror,United States,19,openalex,True
1755731,1991,United States,affil_city_hint,United States,144,openalex,True
10149472,1991,Unknown,no_affiliation,,2,openalex,True
1929934,1991,United States,openalex_ror,United States,163,openalex,True
1929923,1991,United States,openalex_ror,United States,141,openalex,True
1821211,1991,United Kingdom,openalex_ror,United Kingdom,106,openalex,True
1776419,1991,Sweden,openalex_ror,Sweden,15,openalex,True
1958626,1991,Austria,openalex_ror,Austria,12,openalex,True
1958625,1991,Austria,openalex_ror,Austria,17,openalex,True
1958619,1991,United States,openalex_ror,United States,44,openalex,True
1945307,1991,United States,openalex_ror,United States,159,openalex,True
1945306,1991,United States,openalex_ror,United States,235,openalex,True
1753666,1991,Germany,openalex_ror,Germany,9,openalex,True
1923351,1991,Germany,openalex_ror,Germany,475,openalex,True
1907822,1991,United States,openalex_ror,United States,216,openalex,True
1750325,1991,Germany,openalex_ror,Germany,5,openalex,True
10149299,1991,Germany,openalex_ror,Germany,0,openalex,True
1911513,1991,Unknown,affil_unresolved,,6,openalex,True
1895219,1991,Colombia,openalex_ror,Colombia,41,openalex,True
1886933,1991,United Kingdom,affil_country_name,United Kingdom,27,openalex,True
2047632,1991,Switzerland,openalex_ror,Switzerland,0,openalex,True
2069915,1991,Argentina,openalex_ror,Argentina,49,openalex,True
2069914,1991,Germany,openalex_ror,Germany,31,openalex,True
2025174,1991,United States,openalex_ror,United States,85,openalex,True
1817467,1991,United Kingdom,openalex_ror,United Kingdom,120,openalex,True
2012547,1991,United States,affil_city_hint,United States,175,openalex,True
2012538,1991,Unknown,no_affiliation,,6,openalex,True
2000917,1991,United States,openalex_ror,United States,48,openalex,True
2043561,1991,Egypt,affil_country_name,Egypt,1,openalex,True
2043559,1991,United States,openalex_ror,United States,29,openalex,True
2043557,1991,United States,affil_city_hint,United States,56,openalex,True
2008271,1991,United States,openalex_ror,United States,51,openalex,True
2045019,1991,Germany,affil_country_name,Germany,8,openalex,True
2034015,1991,United States,openalex_ror,United States,14,openalex,True
1997454,1991,Unknown,no_affiliation,,6,openalex,True
1997446,1991,Unknown,no_affiliation,,5,openalex,True
1987937,1991,Unknown,no_affiliation,,3,openalex,True
1936445,1991,United States,openalex_ror,United States,2,openalex,True
1936435,1991,Germany,affil_city_hint,Germany,1,openalex,True
1936430,1991,United States,affil_city_hint,United States,2,openalex,True
1816477,1991,United States,openalex_ror,United States,71,openalex,True
1816475,1991,United States,openalex_ror,United States,22,openalex,True
1808805,1991,United States,openalex_ror,United States,174,openalex,True
1794801,1991,Germany,affil_country_name,Germany,0,openalex,True
1794800,1991,Unknown,no_affiliation,,7,openalex,True
1794797,1991,Germany,openalex_ror,Germany,16,openalex,True
1786926,1991,Germany,affil_country_name,Germany,5,openalex,True
1786925,1991,Germany,openalex_ror,Germany,2,openalex,True
1753850,1991,United States,openalex_ror,United States,15,openalex,True
20577565,1990,Israel,openalex_ror,Israel,20,openalex,True
2244845,1990,United States,openalex_ror,United States,12,openalex,True
2244835,1990,Unknown,no_affiliation,,10,openalex,True
2244834,1990,Unknown,no_affiliation,,9,openalex,True
2244833,1990,Unknown,no_affiliation,,24,openalex,True
2081827,1990,United States,openalex_ror,United States,0,openalex,True
2076419,1990,Australia,openalex_ror,Australia,27,openalex,True
1700895,1990,United States,openalex_ror,United States,183,openalex,True
2090409,1990,Netherlands,openalex_ror,Netherlands,67,openalex,True
2257264,1990,United States,openalex_ror,United States,0,openalex,True
2257263,1990,United States,openalex_ror,United States,95,openalex,True
2257262,1990,United States,affil_city_hint,United States,5,openalex,True
2257259,1990,United States,openalex_ror,United States,29,openalex,True
2257258,1990,United States,openalex_ror,United States,104,openalex,True
2257256,1990,United States,affil_city_hint,United States,68,openalex,True
2257255,1990,United States,openalex_ror,United States,84,openalex,True
2257253,1990,Unknown,no_affiliation,,14,openalex,True
2257252,1990,Unknown,no_affiliation,,1,openalex,True
2231380,1990,France,openalex_ror,France,11,openalex,True
2205186,1990,United States,openalex_ror,United States,122,openalex,True
2082985,1990,Unknown,no_affiliation,,9,openalex,True
2387682,1990,United Kingdom,openalex_ror,United Kingdom,43,openalex,True
2373017,1990,United States,openalex_ror,United States,5,openalex,True
2369344,1990,Unknown,no_affiliation,,19,openalex,True
2369343,1990,Unknown,no_affiliation,,41,openalex,True
2268588,1990,Unknown,unresolved,,2,openalex,True
2268585,1990,France,openalex_ror,France,84,openalex,True
2115421,1990,United States,openalex_ror,United States,9,openalex,True
2350291,1990,United States,openalex_ror,United States,4,openalex,True
2350282,1990,United States,openalex_ror,United States,209,openalex,True
2334323,1990,United States,openalex_ror,United States,752,openalex,True
2248926,1990,United States,openalex_ror,United States,1,openalex,True
2248923,1990,Germany,openalex_ror,Germany,208,openalex,True
2330944,1990,United States,openalex_ror,United States,150,openalex,True
2208503,1990,France,openalex_ror,France,2,openalex,True
2310321,1990,Unknown,no_affiliation,,1,openalex,True
2248922,1990,Germany,affil_country_name,Germany,92,openalex,True
2115392,1990,France,openalex_ror,France,2,openalex,True
2358264,1990,Germany,openalex_ror,Germany,6,openalex,True
2350858,1990,France,openalex_ror,France,0,openalex,True
2323690,1990,Germany,openalex_ror,Germany,6,openalex,True
2297331,1990,United States,openalex_ror,United States,117,openalex,True
2272578,1990,Unknown,affil_unresolved,,6,openalex,True
2233101,1990,Greece,openalex_ror,Greece,624,openalex,True
2212501,1990,France,openalex_ror,France,2,openalex,True
2192970,1990,Unknown,affil_unresolved,,13,openalex,True
2086413,1990,Germany,openalex_ror,Germany,2,openalex,True
2086406,1990,Germany,openalex_ror,Germany,5,openalex,True
2078668,1990,Germany,openalex_ror,Germany,0,openalex,True
2078660,1990,Germany,openalex_ror,Germany,0,openalex,True
2597070,1989,United States,openalex_ror,United States,127,openalex,True
2818271,1989,Unknown,unresolved,,1,openalex,True
2614721,1989,Unknown,no_affiliation,,0,openalex,True
2488826,1989,Colombia,openalex_ror,Colombia,19,openalex,True
2797719,1989,United States,openalex_ror,United States,59,openalex,True
2759791,1989,United Kingdom,affil_country_name,United Kingdom,165,openalex,True
2620423,1989,Unknown,no_affiliation,,3,openalex,True
2778686,1989,United States,openalex_ror,United States,11,openalex,True
2778685,1989,France,openalex_ror,France,22,openalex,True
2778684,1989,Unknown,no_affiliation,,68,openalex,True
2674410,1989,Unknown,no_affiliation,,23,openalex,True
2477193,1989,United Kingdom,affil_country_name,United Kingdom,9,openalex,True
2730408,1989,France,openalex_ror,France,221,openalex,True
2667650,1989,Unknown,no_affiliation,,9,openalex,True
2597818,1989,Unknown,no_affiliation,,8,openalex,True
2748122,1989,United States,openalex_ror,United States,162,openalex,True
2719572,1989,Unknown,no_affiliation,,113,openalex,True
2657533,1989,Germany,openalex_ror,Germany,32,openalex,True
2590995,1989,Unknown,no_affiliation,,1,openalex,True
2488802,1989,Unknown,no_affiliation,,1,openalex,True
2488801,1989,Unknown,affil_unresolved,,9,openalex,True
2705929,1989,United States,openalex_ror,United States,213,openalex,True
2660051,1989,Germany,openalex_ror,Germany,47,openalex,True
2665617,1989,United States,openalex_ror,United States,0,openalex,True
2928718,1989,Unknown,no_affiliation,,1,openalex,True
2643332,1989,Canada,openalex_ror,Canada,31,openalex,True
2912917,1989,United States,openalex_ror,United States,27,openalex,True
2912916,1989,United States,openalex_ror,United States,95,openalex,True
2910273,1989,United States,openalex_ror,United States,71,openalex,True
2682102,1989,United States,openalex_ror,United States,106,openalex,True
2673863,1989,Unknown,no_affiliation,,1,openalex,True
2646432,1989,Unknown,no_affiliation,,68,openalex,True
2641078,1989,Unknown,no_affiliation,,0,openalex,True
2625287,1989,Unknown,no_affiliation,,0,openalex,True
2625286,1989,Unknown,no_affiliation,,3,openalex,True
2625280,1989,Unknown,no_affiliation,,1,openalex,True
2601547,1989,United States,openalex_ror,United States,53,openalex,True
2598370,1989,Unknown,no_affiliation,,1,openalex,True
2583635,1989,Unknown,no_affiliation,,11,openalex,True
2562535,1989,United States,openalex_ror,United States,43,openalex,True
2554655,1989,United States,openalex_ror,United States,1,openalex,True
2486338,1989,France,openalex_ror,France,3,openalex,True
3239516,1988,Unknown,no_affiliation,,0,openalex,True
3230517,1988,Germany,affil_country_name,Germany,15,openalex,True
3247192,1988,Unknown,no_affiliation,,0,openalex,True
3247191,1988,Unknown,no_affiliation,,0,openalex,True
3226691,1988,United States,openalex_ror,United States,61,openalex,True
3226690,1988,United States,openalex_ror,United States,45,openalex,True
3226689,1988,United Kingdom,openalex_ror,United Kingdom|United States,283,openalex,True
3194107,1988,United States,openalex_ror,United States,19,openalex,True
3195390,1988,Unknown,no_affiliation,,0,openalex,True
3247164,1988,Unknown,no_affiliation,,0,openalex,True
3062533,1988,United States,openalex_ror,United States,12,openalex,True
2456384,1988,United States,openalex_ror,United States,5,openalex,True
3174009,1988,Unknown,no_affiliation,,3,openalex,True
3050694,1988,United States,openalex_ror,Belgium|France|United States,42,openalex,True
3351753,1988,France,openalex_ror,France,22,openalex,True
3341427,1988,Germany,affil_country_name,Germany,115,openalex,True
3389281,1988,Unknown,no_affiliation,,0,openalex,True
3341982,1988,France,openalex_ror,France,42,openalex,True
3402751,1988,Germany,affil_city_hint,Germany,132,openalex,True
3402750,1988,Germany,affil_city_hint,Germany,56,openalex,True
3378864,1988,Israel,affil_country_name_over_openalex,Israel,4,openalex,True
3339547,1988,Unknown,affil_unresolved,United Kingdom,766,openalex,True
3171097,1988,France,openalex_ror,France,1,openalex,True
2979049,1988,Unknown,no_affiliation,,27,openalex,True
18427632,2007,United States,openalex_ror,United States,50,openalex,True
18427614,2007,United States,openalex_ror,United States,21,openalex,True
18389555,2007,France,affil_city_hint,France,1,openalex,True
18357170,2001,Spain,openalex_ror,Spain,12,openalex,True
18306941,2007,Australia,affil_country_name,Australia,5,openalex,True
18305741,1999,United States,openalex_ror,United States,28,openalex,True
18260052,2007,Germany,affil_city_hint,Germany,11,openalex,True
18235910,2007,Brazil,openalex_ror,Brazil,5,openalex,True
18235899,2007,Brazil,openalex_ror,Brazil,2,openalex,True
18225526,2007,Unknown,no_affiliation,,2,openalex,True
18173409,2007,China,openalex_ror,China,33,openalex,True
18165210,2007,United States,openalex_ror,United States,44,openalex,True
18164069,2007,United States,openalex_ror,United States,59,openalex,True
18163892,2007,Unknown,no_affiliation,,0,openalex,True
18157320,2007,Brazil,openalex_ror,Brazil,9,openalex,True
18157305,2007,Brazil,openalex_ror,Brazil,7,openalex,True
18078060,2007,Unknown,no_affiliation,,4,openalex,True
18078047,2007,Unknown,no_affiliation,,0,openalex,True
18078046,2007,Unknown,no_affiliation,,2,openalex,True
18068702,2007,United States,openalex_ror,United States,59,openalex,True
18067772,2007,China,openalex_ror,China,2,openalex,True
18061266,2007,United States,openalex_ror,United States,113,openalex,True
18055835,2007,United States,affil_country_name,United States,40,openalex,True
18054889,2007,Japan,openalex_ror,Japan,35,openalex,True
18053917,2007,Greece,openalex_ror,Greece,86,openalex,True
18053914,2007,Germany,openalex_ror,Germany,9,openalex,True
18053903,2007,India,openalex_ror,India,25,openalex,True
18053902,2007,Hong Kong,openalex_ror,Hong Kong,2,openalex,True
18053901,2007,Saudi Arabia,openalex_ror,Saudi Arabia,122,openalex,True
18053900,2007,Switzerland,affil_country_name,Switzerland,438,openalex,True
18053899,2007,Canada,openalex_ror,Canada,48,openalex,True
18053877,2007,Unknown,no_affiliation,,6,openalex,True
19668513,2007,United States,openalex_ror,United States,15,openalex,True
18047008,2007,Italy,affil_country_name,Italy,22,openalex,True
18047007,2007,United Arab Emirates,affil_country_name,United Arab Emirates,1,openalex,True
18047006,2007,United Arab Emirates,affil_country_name,United Arab Emirates,4,openalex,True
18047004,2007,India,affil_country_name,India,31,openalex,True
18047003,2007,Russia,openalex_ror,Russia,0,openalex,True
18047002,2007,Italy,openalex_ror,Italy,19,openalex,True
18047001,2007,Brazil,openalex_ror,Brazil,16,openalex,True
18047000,2007,Oman,affil_country_name,Oman,38,openalex,True
18046999,2007,Italy,openalex_ror,Italy,39,openalex,True
18043176,2007,China,openalex_ror,China,10,openalex,True
18041254,2007,United States,openalex_ror,United States,52,openalex,True
18041251,2007,Mexico,openalex_ror,Mexico,33,openalex,True
18041250,2007,Greece,openalex_ror,Greece,7,openalex,True
18041249,2007,Greece,openalex_ror,Greece,31,openalex,True
18041248,2007,Italy,affil_country_name,Italy,8,openalex,True
18041247,2007,France,openalex_ror,France,3,openalex,True
18041246,2007,Taiwan,openalex_ror,Taiwan,21,openalex,True
18041245,2007,Japan,openalex_ror,Japan,52,openalex,True
18041241,2007,South Korea,openalex_ror,South Korea,78,openalex,True
18041240,2007,United States,openalex_ror,United States,82,openalex,True
18041239,2007,Spain,openalex_ror,Spain,27,openalex,True
18041238,2007,United States,openalex_ror,United States,128,openalex,True
18030477,2007,United States,openalex_ror,United States,21,openalex,True
18027171,2007,Germany,openalex_ror,Germany,16,openalex,True
18001231,2007,United States,openalex_ror,United States,10,openalex,True
17996210,2007,Spain,openalex_ror,Spain,106,openalex,True
17993826,2007,United States,affil_country_name,United States,35,openalex,True
17988643,2007,United States,openalex_ror,United States,59,openalex,True
17985806,2007,Singapore,openalex_ror,Singapore,8,openalex,True
17985805,2007,United States,openalex_ror,United States,13,openalex,True
17985804,2007,Canada,openalex_ror,Canada,38,openalex,True
17985800,2007,United States,openalex_ror,United States,58,openalex,True
17985797,2007,United States,affil_country_name,United States,30,openalex,True
17985795,2007,Spain,openalex_ror,Spain,31,openalex,True
17985794,2007,Australia,openalex_ror,Australia,50,openalex,True
17985792,2007,Unknown,no_affiliation,,8,openalex,True
17985791,2007,Unknown,no_affiliation,,0,openalex,True
17984496,2007,Unknown,no_affiliation,,0,openalex,True
17981258,2007,Spain,affil_country_name,Spain,42,openalex,True
17980749,2007,Unknown,no_affiliation,,1,openalex,True
17980432,2007,Spain,openalex_ror,Spain,151,openalex,True
17979038,2007,Spain,openalex_ror,Spain,0,openalex,True
17964409,2007,United States,openalex_ror,United States,29,openalex,True
17964394,2007,United States,affil_country_name,United States,36,openalex,True
17964391,2007,Spain,openalex_ror,Spain,13,openalex,True
17964390,2007,Greece,openalex_ror,Greece,19,openalex,True
17964389,2007,France,openalex_ror,France,59,openalex,True
17964388,2007,Spain,affil_country_name,Spain,30,openalex,True
17964382,2007,Unknown,unresolved,,0,openalex,True
17964211,2007,United Kingdom,openalex_ror,United Kingdom,8,openalex,True
17955853,2007,Japan,openalex_ror,Japan,2,openalex,True
17946397,2006,Italy,openalex_ror,Italy,17,openalex,True
17940568,2007,China,openalex_ror,China,2,openalex,True
17937038,2007,Unknown,affil_unresolved,,1,openalex,True
17926111,2007,Japan,openalex_ror,Japan,39,openalex,True
17923556,2007,Spain,affil_country_name,Spain,10,openalex,True
17916315,2007,China,openalex_ror,China,29,openalex,True
17915585,2007,Czechia,openalex_ror,Czechia,0,openalex,True
17912947,2007,Mexico,openalex_ror,Mexico,14,openalex,True
17912946,2007,United States,openalex_ror,United States,16,openalex,True
17912945,2007,United States,openalex_ror,United States,58,openalex,True
17912943,2007,Greece,openalex_ror,Greece,11,openalex,True
17912942,2007,Lebanon,openalex_ror,Lebanon,7,openalex,True
17912941,2007,United Kingdom,openalex_ror,United Kingdom,30,openalex,True
17912939,2007,Italy,openalex_ror,Italy,35,openalex,True
17912938,2007,Italy,openalex_ror,Italy,19,openalex,True
17912937,2007,Hong Kong,openalex_ror,Hong Kong,17,openalex,True
17912936,2007,United States,openalex_ror,United States,158,openalex,True
17912935,2007,Italy,openalex_ror,Italy,21,openalex,True
17912932,2007,Unknown,no_affiliation,,10,openalex,True
17912532,2007,United States,openalex_ror,United States,24,openalex,True
17908598,2007,Unknown,no_affiliation,,1,openalex,True
17908592,2007,United States,openalex_ror,United States,74,openalex,True
17901034,2007,United States,openalex_ror,United States,46,openalex,True
17900692,2007,Japan,openalex_ror,Japan,96,openalex,True
17897558,2007,China,openalex_ror,China,0,openalex,True
17897531,2007,China,openalex_ror,China,1,openalex,True
17895418,2007,Canada,openalex_ror,Canada,50,openalex,True
17893555,2007,Turkey,openalex_ror,Turkey,10,openalex,True
17893553,2007,Turkey,affil_country_name,Turkey,17,openalex,True
17893551,2007,South Korea,openalex_ror,South Korea,29,openalex,True
17889818,2007,United States,openalex_ror,United States,39,openalex,True
17889785,2007,Iran,openalex_ror,Iran,0,openalex,True
17889780,2007,United States,openalex_ror,United States,14,openalex,True
17889770,2007,Finland,openalex_ror,Finland,8,openalex,True
17889769,2007,United States,affil_country_name,United States,29,openalex,True
17889768,2007,Iran,openalex_ror,Iran,16,openalex,True
17889767,2007,United States,openalex_ror,United States,19,openalex,True
17889763,2007,Iran,openalex_ror,Iran,102,openalex,True
17889748,2007,Unknown,no_affiliation,,15,openalex,True
17889744,2007,Unknown,no_affiliation,,9,openalex,True
17889330,2007,United States,openalex_ror,United States,183,openalex,True
17888086,2007,Ireland,openalex_ror,Ireland,114,openalex,True
17846959,2007,Switzerland,affil_city_hint,Switzerland,33,openalex,True
17846943,2007,Spain,openalex_ror,Spain,1,openalex,True
17846379,2007,United States,openalex_ror,United States,4,openalex,True
17822989,2007,Unknown,no_affiliation,,0,openalex,True
17804925,2007,South Korea,openalex_ror,South Korea,9,openalex,True
17804916,2007,South Korea,openalex_ror,South Korea,21,openalex,True
17763828,2007,Turkey,openalex_ror,Turkey,4,openalex,True
17760637,2007,United States,openalex_ror,United States,26,openalex,True
17724184,2007,Spain,openalex_ror,Spain,64,openalex,True
17721301,2007,United States,openalex_ror,United States,13,openalex,True
17721296,2007,United States,openalex_ror,United States,97,openalex,True
17720088,2007,India,openalex_ror,India,2,openalex,True
17720084,2007,Singapore,openalex_ror,Singapore,27,openalex,True
17720083,2007,Italy,openalex_ror,Italy,28,openalex,True
17720077,2007,Ireland,openalex_ror,Ireland,4,openalex,True
17720066,2007,United States,affil_country_name,United States,240,openalex,True
17720064,2007,United Kingdom,openalex_ror,United Kingdom,109,openalex,True
17720051,2007,Unknown,no_affiliation,,94,openalex,True
17717778,2007,Germany,openalex_ror,Germany,10,openalex,True
17717770,2007,Spain,openalex_ror,Spain,0,openalex,True
17716733,2007,New Zealand,affil_country_name,New Zealand,27,openalex,True
17700507,2007,United States,openalex_ror,United States,0,openalex,True
17699942,2007,India,openalex_ror,India,61,openalex,True
17698749,2007,United States,openalex_ror,United States,42,openalex,True
17698748,2007,United States,openalex_ror,United States,84,openalex,True
17682604,2007,Slovakia,affil_city_hint,Slovakia,1,openalex,True
17674921,2007,Italy,openalex_ror,Italy,0,openalex,True
17674005,2007,Germany,openalex_ror,Germany,13,openalex,True
17673834,2007,Germany,openalex_ror,Germany,3,openalex,True
17671923,2007,Poland,openalex_ror,Poland,23,openalex,True
17667633,2007,Greece,openalex_ror,Greece,305,openalex,True
17662448,2007,Hong Kong,openalex_ror,Hong Kong,20,openalex,True
17662429,2007,United States,openalex_ror,United States,11,openalex,True
17662428,2007,Spain,openalex_ror,Spain,12,openalex,True
17662427,2007,Netherlands,openalex_ror,Netherlands,60,openalex,True
17662426,2007,Spain,openalex_ror,Spain,433,openalex,True
17662425,2007,United States,openalex_ror,United States,74,openalex,True
17662405,2007,Unknown,no_affiliation,,6,openalex,True
17660985,2007,Japan,openalex_ror,Japan,15,openalex,True
17659981,2007,Unknown,no_affiliation,,2,openalex,True
17659980,2007,Unknown,no_affiliation,,8,openalex,True
17659979,2007,Unknown,no_affiliation,,1,openalex,True
17659956,2007,United States,affil_country_name,United States,11,openalex,True
17657376,2007,Australia,openalex_ror,Australia,17,openalex,True
17655908,2007,Spain,openalex_ror,Spain,17,openalex,True
17652718,2007,Taiwan,openalex_ror,Taiwan,52,openalex,True
17651541,2007,Brazil,affil_country_name,Brazil,9,openalex,True
17650604,2007,Unknown,no_affiliation,,1,openalex,True
17647117,2007,Spain,affil_country_name,Spain,7,openalex,True
17641703,2007,United States,openalex_ror,United States,12,openalex,True
17638816,2007,Unknown,no_affiliation,,23,openalex,True
17632309,2007,Spain,openalex_ror,Spain,29,openalex,True
17624434,2007,United States,openalex_ror,United States,744,openalex,True
17621831,2007,Slovakia,openalex_ror,Slovakia,0,openalex,True
17621830,2007,Czechia,affil_city_hint,Czechia,2,openalex,True
17621829,2007,Czechia,affil_city_hint,Czechia,3,openalex,True
17613333,2007,Unknown,no_affiliation,,0,openalex,True
17605930,2007,China,openalex_ror,China,1,openalex,True
17605928,2007,China,openalex_ror,China,0,openalex,True
17605905,2007,China,openalex_ror,China,0,openalex,True
17605268,2007,Romania,affil_city_hint,Romania,0,openalex,True
17605262,2007,Romania,affil_city_hint,Romania,0,openalex,True
17604197,2007,China,openalex_ror,China,49,openalex,True
17601057,2007,Japan,openalex_ror,Japan,11,openalex,True
17598585,2007,Hong Kong,openalex_ror,China|Hong Kong,3,openalex,True
17598584,2007,Israel,openalex_ror,Israel,8,openalex,True
17598583,2007,United States,openalex_ror,United States,21,openalex,True
17598582,2007,Spain,openalex_ror,Spain,85,openalex,True
17598579,2007,Spain,affil_country_name,Spain,22,openalex,True
17598578,2007,Israel,openalex_ror,Israel,22,openalex,True
17598577,2007,Taiwan,openalex_ror,Taiwan,16,openalex,True
17598576,2007,China,openalex_ror,China,31,openalex,True
17598574,2007,United States,openalex_ror,United States,10,openalex,True
17598573,2007,Spain,openalex_ror,Spain,59,openalex,True
17598572,2007,United States,openalex_ror,United States,117,openalex,True
17598571,2007,United States,affil_country_name,United States,87,openalex,True
17592315,2007,Italy,openalex_ror,Italy,21,openalex,True
17592313,2007,United States,openalex_ror,United States,47,openalex,True
17592238,2007,South Korea,openalex_ror,South Korea,10,openalex,True
17591666,2007,Germany,openalex_ror,Germany,146,openalex,True
17586397,2007,Germany,affil_country_name,Germany,26,openalex,True
17586393,2007,United States,openalex_ror,United States,24,openalex,True
17586392,2007,United States,openalex_ror,United States,4,openalex,True
17586375,2007,Japan,openalex_ror,Japan,25,openalex,True
17586374,2007,United States,openalex_ror,United States,61,openalex,True
17586373,2007,Spain,openalex_ror,Spain,19,openalex,True
17586372,2007,Hong Kong,openalex_ror,Hong Kong,110,openalex,True
17586371,2007,United States,openalex_ror,United States,43,openalex,True
17572351,2007,United States,openalex_ror,United States,2,openalex,True
17571652,2007,United States,openalex_ror,United States,21,openalex,True
17568351,2007,France,openalex_ror,France,5,openalex,True
17568350,2007,France,openalex_ror,France,3,openalex,True
17568349,2007,France,openalex_ror,France,3,openalex,True
17568345,2007,France,openalex_ror,France,1,openalex,True
17568344,2007,France,openalex_ror,France,0,openalex,True
17568208,2007,United States,openalex_ror,United States,74,openalex,True
17568205,2007,United States,openalex_ror,United States,77,openalex,True
17567598,2007,United Kingdom,openalex_ror,United Kingdom,12,openalex,True
17563720,2007,Hungary,openalex_ror,Hungary,31,openalex,True
17563008,2007,Unknown,no_affiliation,,3,openalex,True
17559472,2007,Japan,openalex_ror,Japan,0,openalex,True
17559465,2007,Finland,openalex_ror,Finland,20,openalex,True
19547046,2007,Unknown,no_affiliation,,,,False
19547045,2007,Spain,openalex_ror,Spain,4,openalex,True
17554487,2007,Japan,openalex_ror,Japan,13,openalex,True
17551732,2007,Germany,openalex_ror,Germany,14,openalex,True
17544782,2007,Unknown,no_affiliation,,47,openalex,True
17540125,2007,Japan,openalex_ror,Japan,21,openalex,True
17533106,2007,Greece,openalex_ror,Greece,67,openalex,True
17531719,2007,Unknown,no_affiliation,,10,openalex,True
17531714,2007,Spain,openalex_ror,Spain,8,openalex,True
17531708,2007,United Kingdom,openalex_ror,United Kingdom,5,openalex,True
17531702,2007,United States,openalex_ror,United States,30,openalex,True
17531695,2007,Spain,affil_country_name,Spain,43,openalex,True
17531693,2007,United States,openalex_ror,United States,29,openalex,True
17531689,2007,Greece,openalex_ror,Greece,30,openalex,True
17531674,2007,Unknown,no_affiliation,,8,openalex,True
17525658,2007,United States,openalex_ror,United States,27,openalex,True
17525186,2007,Spain,openalex_ror,Spain,62,openalex,True
17523517,2007,United States,affil_country_name,United States,12,openalex,True
17523516,2007,United States,openalex_ror,United States,2,openalex,True
17523510,2007,Spain,openalex_ror,Spain,25,openalex,True
17523509,2007,Australia,affil_country_name,Australia,15,openalex,True
17523508,2007,United States,affil_country_name,United States,23,openalex,True
17523507,2007,United States,openalex_ror,United States,17,openalex,True
17523506,2007,Italy,affil_country_name,Italy,74,openalex,True
17523504,2007,Finland,openalex_ror,Finland,17,openalex,True
17523502,2007,United States,affil_country_name_over_openalex,United States,40,openalex,True
17523501,2007,Unknown,no_affiliation,,3,openalex,True
17519726,2007,United States,openalex_ror,United States,45,openalex,True
17516377,2007,Germany,openalex_ror,Germany,5,openalex,True
17514528,2007,China,openalex_ror,China,30,openalex,True
17510653,2007,Australia,affil_country_name,Australia,11,openalex,True
17509511,2007,Greece,openalex_ror,Greece,55,openalex,True
17505741,2007,Brazil,openalex_ror,Brazil,4,openalex,True
17505735,2007,Brazil,openalex_ror,Brazil,0,openalex,True
17505714,2007,Brazil,openalex_ror,Brazil,1,openalex,True
17502823,2007,United States,openalex_ror,United States,17,openalex,True
17502751,2007,United States,openalex_ror,United States,11,openalex,True
17502515,2007,United States,openalex_ror,United States,15,openalex,True
17492415,2007,Austria,openalex_ror,Austria,5,openalex,True
17491624,2007,Canada,openalex_ror,Canada,80,openalex,True
17471353,2006,United States,openalex_ror,United States,10,openalex,True
17471342,2006,United States,openalex_ror,United States,37,openalex,True
17467541,2007,Unknown,no_affiliation,,8,openalex,True
17467535,2007,Unknown,no_affiliation,,2,openalex,True
17466873,2007,United States,openalex_ror,United States,5,openalex,True
17466866,2007,United States,affil_country_name,United States,4,openalex,True
17466863,2007,United States,openalex_ror,United States,23,openalex,True
17466861,2007,Greece,openalex_ror,Greece,23,openalex,True
17466859,2007,Iran,openalex_ror,Iran,94,openalex,True
17466847,2007,Netherlands,openalex_ror,Netherlands,41,openalex,True
17466846,2007,Spain,affil_country_name,Spain,57,openalex,True
17466835,2007,Unknown,unresolved,,1,openalex,True
17460600,2007,Spain,openalex_ror,Spain,7,openalex,True
17460425,2007,South Korea,openalex_ror,South Korea,3,openalex,True
17460262,2007,Germany,affil_country_name,Germany,58,openalex,True
17459483,2007,United States,openalex_ror,United States,23,openalex,True
17459262,2007,China,openalex_ror,China,0,openalex,True
17459240,2007,China,openalex_ror,China,4,openalex,True
17457208,2007,Canada,openalex_ror,Canada,55,openalex,True
17457194,2007,United States,affil_country_name,United States,127,openalex,True
17457188,2007,Germany,openalex_ror,Germany,26,openalex,True
17456935,2007,India,openalex_ror,India,8,openalex,True
17455838,2007,United States,openalex_ror,United States,3,openalex,True
17455836,2007,Israel,openalex_ror,Israel,21,openalex,True
17455834,2007,United States,openalex_ror,United States,94,openalex,True
17455830,2007,South Korea,openalex_ror,South Korea,17,openalex,True
17455829,2007,United Kingdom,openalex_ror,United Kingdom,33,openalex,True
17455828,2007,Finland,openalex_ror,Finland,78,openalex,True
17455827,2007,United States,affil_country_name,United States,76,openalex,True
17455825,2007,Unknown,no_affiliation,,0,openalex,True
17450008,2007,United States,openalex_ror,United States,18,openalex,True
17446518,2007,Spain,openalex_ror,Spain,12,openalex,True
17444099,2006,Germany,affil_country_name,Germany,9,openalex,True
17444096,2006,Canada,openalex_ror,Canada,5,openalex,True
17444095,2006,Egypt,openalex_ror,Egypt,5,openalex,True
17444094,2006,Turkey,affil_country_name,Turkey,11,openalex,True
17444093,2006,China,openalex_ror,China,5,openalex,True
17444091,2006,China,openalex_ror,China,9,openalex,True
17444090,2006,Brazil,openalex_ror,Brazil,15,openalex,True
17444089,2006,China,openalex_ror,China,5,openalex,True
17444088,2006,United Kingdom,affil_country_name,United Kingdom,17,openalex,True
17444087,2006,Brazil,affil_country_name,Brazil,14,openalex,True
17442158,2007,China,openalex_ror,China,0,openalex,True
17442154,2007,China,openalex_ror,China,0,openalex,True
17419322,2007,Czechia,affil_city_hint,Czechia,0,openalex,True
17416945,2006,United States,openalex_ror,United States,7,openalex,True
17415702,2007,Saudi Arabia,openalex_ror,Saudi Arabia,5,openalex,True
17415701,2007,Italy,openalex_ror,Italy,2,openalex,True
17413947,2007,United States,openalex_ror,United States,79,openalex,True
17398330,2007,Unknown,no_affiliation,,0,openalex,True
17397757,2007,South Korea,openalex_ror,South Korea,19,openalex,True
17397742,2007,United States,openalex_ror,United States,37,openalex,True
17397739,2007,United States,openalex_ror,United States,12,openalex,True
17397737,2007,Turkey,openalex_ror,Turkey,33,openalex,True
17397730,2007,Australia,openalex_ror,Australia,100,openalex,True
17397729,2007,Ireland,openalex_ror,Ireland,85,openalex,True
17396473,2007,United States,affil_country_name,United States,0,openalex,True
17386281,2006,United States,openalex_ror,United States,12,openalex,True
17386135,2006,China,openalex_ror,China,5,openalex,True
17385301,2007,Iran,openalex_ror,Iran,12,openalex,True
17385300,2007,India,openalex_ror,India,23,openalex,True
17385299,2007,Brazil,affil_country_name,Brazil,17,openalex,True
17385298,2007,Mexico,openalex_ror,Mexico,23,openalex,True
17385296,2007,Spain,openalex_ror,Spain,12,openalex,True
17385294,2007,Brazil,openalex_ror,Brazil,5,openalex,True
17385290,2007,United States,openalex_ror,United States,65,openalex,True
17385289,2007,Israel,openalex_ror,Israel,12,openalex,True
17385288,2007,United States,openalex_ror,United States,33,openalex,True
17385287,2007,Brazil,openalex_ror,Brazil,52,openalex,True
17385286,2007,Unknown,no_affiliation,,3,openalex,True
17384919,2007,Ireland,openalex_ror,Ireland,16,openalex,True
17382397,2007,United States,openalex_ror,United States,50,openalex,True
17378151,2006,China,openalex_ror,China,0,openalex,True
17374275,2007,China,openalex_ror,China,29,openalex,True
17366122,2007,Greece,openalex_ror,Greece,8,openalex,True
17361253,2007,United States,openalex_ror,United States,6,openalex,True
17361235,2007,Canada,openalex_ror,Canada,2,openalex,True
17350688,2007,United States,openalex_ror,United States,127,openalex,True
17348337,2007,Unknown,no_affiliation,,2,openalex,True
17345802,2006,Romania,affil_city_hint,Romania,,,False
17344997,2005,Brazil,openalex_ror,Brazil,1,openalex,True
17344981,2005,Brazil,openalex_ror,Brazil,14,openalex,True
17344977,2005,Brazil,openalex_ror,Brazil,3,openalex,True
17344971,2005,Brazil,openalex_ror,Brazil,10,openalex,True
17338323,2007,Japan,openalex_ror,Japan,2,openalex,True
17337064,2007,United States,openalex_ror,United States,51,openalex,True
17329148,2007,United Kingdom,openalex_ror,United Kingdom,31,openalex,True
17328123,2007,Unknown,no_affiliation,,0,openalex,True
17326363,2007,United States,openalex_ror,United States,2,openalex,True
17326361,2007,Spain,affil_country_name,Spain,19,openalex,True
17326360,2007,Germany,affil_country_name,Germany,69,openalex,True
17326359,2007,United States,openalex_ror,United States,14,openalex,True
17326358,2007,Spain,openalex_ror,Spain,42,openalex,True
17326357,2007,Spain,openalex_ror,Spain,64,openalex,True
17326353,2007,Spain,openalex_ror,Spain,28,openalex,True
17326352,2007,Ireland,affil_country_name,Ireland,94,openalex,True
17326351,2007,Mexico,openalex_ror,Mexico,62,openalex,True
17326350,2007,Japan,openalex_ror,Japan,27,openalex,True
17325146,2007,Spain,openalex_ror,Spain,86,openalex,True
17324214,2007,China,openalex_ror,China,21,openalex,True
17324212,2007,Spain,openalex_ror,Spain,14,openalex,True
17324211,2007,Spain,affil_country_name,Spain,8,openalex,True
17323429,2007,China,openalex_ror,China,21,openalex,True
17321416,2007,Unknown,no_affiliation,,9,openalex,True
17321409,2007,Singapore,openalex_ror,Singapore,6,openalex,True
17321408,2007,Argentina,openalex_ror,Argentina,23,openalex,True
17321399,2007,United States,openalex_ror,United States,90,openalex,True
17321379,2007,Unknown,unresolved,,0,openalex,True
17320960,2007,Greece,openalex_ror,Greece,39,openalex,True
17320959,2007,United States,openalex_ror,United States,107,openalex,True
17320811,2007,United States,openalex_ror,United States,82,openalex,True
17317414,2006,Unknown,no_affiliation,,13,openalex,True
17317389,2006,United States,openalex_ror,United States,43,openalex,True
17314153,2007,Portugal,openalex_ror,Portugal,148,openalex,True
17301848,2007,Italy,openalex_ror,Italy,6,openalex,True
17300574,2007,Taiwan,openalex_ror,Taiwan,18,openalex,True
17297268,2007,South Korea,openalex_ror,South Korea,32,openalex,True
17294376,2007,Iran,openalex_ror,Iran,143,openalex,True
17293778,2007,Brazil,openalex_ror,Brazil,3,openalex,True
17293157,2007,Norway,openalex_ror,Norway,35,openalex,True
17292474,2007,United States,affil_country_name,United States,33,openalex,True
17284934,2007,Japan,openalex_ror,Japan,3,openalex,True
17284468,2007,United States,openalex_ror,United States,28,openalex,True
17283431,2007,Italy,openalex_ror,Italy,5,openalex,True
17282982,2007,Taiwan,openalex_ror,Taiwan,3,openalex,True
17277757,2007,Iran,openalex_ror,Iran,9,openalex,True
17276291,2007,Unknown,no_affiliation,,2,openalex,True
17276286,2007,United States,openalex_ror,United States,2,openalex,True
17276280,2007,United States,openalex_ror,United States,1,openalex,True
17276279,2007,Australia,affil_country_name,Australia,11,openalex,True
17276277,2007,United States,openalex_ror,United States,15,openalex,True
17276257,2007,Greece,openalex_ror,Greece,54,openalex,True
17276240,2007,Unknown,no_affiliation,,5,openalex,True
17276237,2007,Unknown,no_affiliation,,2,openalex,True
17273678,2006,Brazil,openalex_ror,Brazil,0,openalex,True
17271471,2004,Unknown,no_affiliation,,2,openalex,True
17270696,2007,Unknown,no_affiliation,,11,openalex,True
17270693,2007,Unknown,no_affiliation,,3,openalex,True
17269253,2007,Germany,openalex_ror,Germany,0,openalex,True
17269252,2007,United States,openalex_ror,United States,20,openalex,True
17269251,2007,United States,openalex_ror,United States,20,openalex,True
17269244,2007,Finland,openalex_ror,Finland,15,openalex,True
17269243,2007,Greece,openalex_ror,Greece,23,openalex,True
17269242,2007,Spain,openalex_ror,Spain,46,openalex,True
17269241,2007,United States,openalex_ror,United States,42,openalex,True
17269239,2007,Unknown,no_affiliation,,1,openalex,True
17269238,2007,Unknown,no_affiliation,,4,openalex,True
17269237,2007,Unknown,no_affiliation,,37,openalex,True
17265799,2006,Spain,openalex_ror,Spain,25,openalex,True
17258810,2007,United States,affil_country_name,United States,24,openalex,True
17253017,2006,Australia,affil_country_name,Australia,0,openalex,True
17251815,2007,United States,openalex_ror,United States,13,openalex,True
17251459,2007,United States,openalex_ror,United States,31,openalex,True
17251052,2007,Australia,openalex_ror,Australia,195,openalex,True
17244448,2006,Unknown,affil_unresolved,,0,openalex,True
17244221,2007,United States,openalex_ror,United States,31,openalex,True
17239440,2007,Japan,openalex_ror,Japan,52,openalex,True
17237757,2007,China,openalex_ror,China,2,openalex,True
17237752,2007,United Kingdom,openalex_ror,United Kingdom,2,openalex,True
17224764,2007,Japan,openalex_ror,Japan,3,openalex,True
17224118,2006,Singapore,affil_country_name,Singapore,86,openalex,True
17222794,2006,United States,openalex_ror,United States,84,openalex,True
17220779,2007,Spain,affil_country_name_over_openalex,Spain,33,openalex,True
17217780,2006,China,openalex_ror,China,0,openalex,True
17216074,2004,United States,openalex_ror,United States,43,openalex,True
17212555,2006,United States,openalex_ror,United States,14,openalex,True
17209299,2006,Hungary,openalex_ror,Hungary,0,openalex,True
17209247,2006,Unknown,no_affiliation,,1,openalex,True
17206244,2007,United States,openalex_ror,United States,30,openalex,True
17199190,2006,Germany,openalex_ror,Germany,1,openalex,True
17198006,2007,Brazil,openalex_ror,Brazil,3,openalex,True
17197518,2007,Spain,openalex_ror,Spain,64,openalex,True
21149160,2007,United States,openalex_ror,United States,17,openalex,True
17191186,2006,Spain,affil_country_name_over_openalex,Spain,3,openalex,True
17189813,2007,Turkey,openalex_ror,Turkey,27,openalex,True
17189812,2007,New Zealand,affil_country_name,New Zealand,8,openalex,True
17189811,2007,United States,openalex_ror,United States,2,openalex,True
17189809,2007,United States,openalex_ror,United States,19,openalex,True
17189790,2007,United States,openalex_ror,United States,181,openalex,True
17189789,2007,United States,openalex_ror,United States,73,openalex,True
17188041,2006,United States,openalex_ror,United States,373,openalex,True
17187124,2006,Unknown,no_affiliation,,0,openalex,True
17177035,2006,Italy,affil_country_name,Italy,71,openalex,True
17173850,2006,Japan,openalex_ror,Japan,46,openalex,True
17173757,2006,China,openalex_ror,China,1,openalex,True
17173740,2006,China,openalex_ror,China,1,openalex,True
17173736,2006,China,openalex_ror,China,1,openalex,True
17173735,2006,China,openalex_ror,China,9,openalex,True
17172920,2006,Unknown,no_affiliation,,6,openalex,True
17172916,2006,United States,openalex_ror,United States,11,openalex,True
17172890,2006,Hong Kong,openalex_ror,Hong Kong,17,openalex,True
17172886,2006,United States,affil_country_name,United States,95,openalex,True
17169852,2006,Iran,openalex_ror,Iran,4,openalex,True
17167403,2006,Germany,openalex_ror,Germany,22,openalex,True
17165341,2005,China,openalex_ror,China,0,openalex,True
17165331,2005,China,openalex_ror,China,3,openalex,True
17162968,2006,Ireland,openalex_ror,Ireland,8,openalex,True
17162890,2006,China,openalex_ror,China,0,openalex,True
17162882,2006,China,openalex_ror,China,2,openalex,True
17162870,2005,China,openalex_ror,China,6,openalex,True
17162863,2005,China,affil_country_name,China,1,openalex,True
17157575,2006,United States,openalex_ror,United States,31,openalex,True
17157132,2006,Switzerland,affil_country_name,Switzerland,83,openalex,True
17156846,2006,United States,openalex_ror,United States,45,openalex,True
17152544,2006,United States,openalex_ror,United States,16,openalex,True
17147058,2006,United States,openalex_ror,United States,41,openalex,True
17146575,2006,United States,openalex_ror,United States,52,openalex,True
17142812,2006,Germany,openalex_ror,Germany,571,openalex,True
17138002,2006,Unknown,no_affiliation,,5,openalex,True
17138000,2006,United States,openalex_ror,United States,5,openalex,True
17137995,2006,Ireland,affil_country_name_over_openalex,Ireland,30,openalex,True
17137987,2006,Australia,openalex_ror,Australia,12,openalex,True
17137986,2006,Spain,openalex_ror,Spain,57,openalex,True
17137976,2006,United Kingdom,openalex_ror,United Kingdom,169,openalex,True
17137959,2006,Unknown,no_affiliation,,3,openalex,True
17137957,2006,Unknown,no_affiliation,,3,openalex,True
17137953,2006,Unknown,no_affiliation,,7,openalex,True
17137950,2006,Unknown,no_affiliation,,8,openalex,True
17133068,2006,United States,openalex_ror,United States,48,openalex,True
17133066,2006,United States,openalex_ror,United States,14,openalex,True
17133052,2006,United States,openalex_ror,United States,9,openalex,True
17132433,2006,United States,openalex_ror,United States,9,openalex,True
17131253,2006,Slovenia,openalex_ror,Slovenia,0,openalex,True
17124902,2006,Italy,affil_country_name,Italy,17,openalex,True
17124901,2006,Hong Kong,affil_country_name,Hong Kong,4,openalex,True
17124899,2006,United States,affil_country_name,United States,19,openalex,True
17124898,2006,Australia,openalex_ror,Australia,5,openalex,True
17124897,2006,United States,affil_country_name,United States,40,openalex,True
17124893,2006,United States,affil_country_name,United States,1,openalex,True
17124886,2006,United States,openalex_ror,United States,14,openalex,True
17124883,2006,Israel,openalex_ror,Israel,23,openalex,True
17124881,2006,Ireland,openalex_ror,Ireland,64,openalex,True
17124880,2006,United Kingdom,openalex_ror,United Kingdom,68,openalex,True
17124879,2006,United Kingdom,openalex_ror,United Kingdom,53,openalex,True
17124878,2006,Unknown,no_affiliation,,2,openalex,True
17124877,2006,Unknown,no_affiliation,,1,openalex,True
17124876,2006,Unknown,no_affiliation,,16,openalex,True
17120752,2006,China,openalex_ror,China,0,openalex,True
17120012,2006,Germany,openalex_ror,Germany,18,openalex,True
17120003,2006,United Kingdom,openalex_ror,United Kingdom,26,openalex,True
17119731,2006,Brazil,openalex_ror,Brazil,2,openalex,True
17114115,2006,United States,openalex_ror,United States,16,openalex,True
17111185,2006,Germany,openalex_ror,Germany,17,openalex,True
17111184,2006,Germany,openalex_ror,Germany,0,openalex,True
17106413,2006,United States,openalex_ror,United States,2,openalex,True
17102667,2006,Hong Kong,openalex_ror,Hong Kong,15,openalex,True
17098206,2006,Singapore,openalex_ror,Singapore,21,openalex,True
17096104,2007,Germany,openalex_ror,Germany,29,openalex,True
17096101,2006,Switzerland,affil_country_name,Switzerland,15,openalex,True
17095885,2006,South Korea,openalex_ror,South Korea,3,openalex,True
17093908,2007,United States,openalex_ror,United States,3,openalex,True
17081905,2006,France,openalex_ror,France,6,openalex,True
17081873,2006,United Kingdom,openalex_ror,United Kingdom,26,openalex,True
17081872,2006,United Kingdom,openalex_ror,United Kingdom,28,openalex,True
17081871,2006,United Kingdom,openalex_ror,United Kingdom,69,openalex,True
17081867,2006,United States,openalex_ror,United States,114,openalex,True
17081866,2006,United States,openalex_ror,United States,41,openalex,True
17077679,2006,Unknown,no_affiliation,,3,openalex,True
17077677,2006,India,openalex_ror,India,4,openalex,True
17077670,2006,Germany,openalex_ror,Germany,30,openalex,True
17074581,2006,Unknown,no_affiliation,,0,openalex,True
17074560,2006,Greece,openalex_ror,Greece,119,openalex,True
17074559,2006,United Kingdom,openalex_ror,United Kingdom,101,openalex,True
17074558,2006,Unknown,no_affiliation,,3,openalex,True
17070593,2006,Spain,openalex_ror,Spain,119,openalex,True
17069560,2006,Israel,openalex_ror,Israel,3,openalex,True
17068463,2006,South Korea,openalex_ror,South Korea,42,openalex,True
17068452,2006,Germany,openalex_ror,Germany,58,openalex,True
17061723,2006,Turkey,affil_country_name,Turkey,9,openalex,True
17061720,2006,Iran,openalex_ror,Iran,24,openalex,True
17061718,2006,Germany,openalex_ror,Germany,31,openalex,True
17061716,2006,Italy,affil_country_name,Italy,9,openalex,True
17061715,2006,Argentina,openalex_ror,Argentina,53,openalex,True
17061714,2006,Spain,openalex_ror,Spain,31,openalex,True
17061712,2006,Germany,affil_country_name,Germany,34,openalex,True
17061711,2006,United States,openalex_ror,United States,28,openalex,True
17061710,2006,Saudi Arabia,affil_country_name,Saudi Arabia,35,openalex,True
17061709,2006,Unknown,no_affiliation,,8,openalex,True
17061708,2006,Unknown,no_affiliation,,1,openalex,True
17057812,2005,United States,openalex_ror,United States,32,openalex,True
17057788,2005,United States,openalex_ror,United States,17,openalex,True
17056357,2006,Italy,openalex_ror,Italy,216,openalex,True
17047406,2006,South Korea,openalex_ror,South Korea,25,openalex,True
17030733,2006,Unknown,no_affiliation,,11,openalex,True
17019999,2006,Poland,openalex_ror,Poland,2,openalex,True
17013692,2006,Japan,openalex_ror,Japan,27,openalex,True
17011963,2006,Unknown,no_affiliation,,6,openalex,True
17011958,2006,United Kingdom,openalex_ror,United Kingdom,70,openalex,True
17011949,2006,Unknown,no_affiliation,,3,openalex,True
17011862,2006,Iran,openalex_ror,Iran,33,openalex,True
17011861,2006,Greece,openalex_ror,Greece,30,openalex,True
17010886,2006,Turkey,openalex_ror,Turkey,7,openalex,True
17010881,2006,South Korea,openalex_ror,South Korea,17,openalex,True
17010877,2006,United Kingdom,openalex_ror,United Kingdom,74,openalex,True
17010871,2006,Spain,openalex_ror,Spain,18,openalex,True
17010837,2006,Unknown,no_affiliation,,0,openalex,True
17006581,2006,Singapore,openalex_ror,Singapore,3,openalex,True
17001189,2006,South Korea,openalex_ror,South Korea,5,openalex,True
17000410,2006,United States,openalex_ror,United States,12,openalex,True
16996603,2006,United States,openalex_ror,United States,35,openalex,True
16995558,2006,South Korea,openalex_ror,South Korea,1,openalex,True
16995556,2006,Turkey,openalex_ror,Turkey,12,openalex,True
16995554,2006,China,openalex_ror,China,61,openalex,True
16995553,2006,China,openalex_ror,China,1,openalex,True
16995552,2006,China,openalex_ror,China,60,openalex,True
16995550,2006,Spain,openalex_ror,Spain,58,openalex,True
16995549,2006,United States,openalex_ror,United States,32,openalex,True
16995547,2006,Italy,openalex_ror,Italy,11,openalex,True
16995546,2006,South Korea,openalex_ror,South Korea,43,openalex,True
16995545,2006,China,openalex_ror,China,23,openalex,True
16986081,2006,Germany,openalex_ror,Germany,4,openalex,True
16974156,2006,Germany,openalex_ror,Germany,9,openalex,True
16974128,2006,Japan,openalex_ror,Japan,4,openalex,True
16970755,2006,Australia,openalex_ror,Australia,23,openalex,True
16966143,2006,United States,openalex_ror,United States,50,openalex,True
16961298,2006,China,openalex_ror,China,6,openalex,True
16957938,2007,Germany,openalex_ror,Germany,19,openalex,True
16954703,2006,Italy,openalex_ror,Italy,36,openalex,True
16952089,2006,Iran,openalex_ror,Iran,3,openalex,True
16949446,2006,Saudi Arabia,affil_country_name_over_openalex,Saudi Arabia,57,openalex,True
16944189,2006,Germany,openalex_ror,Germany,7,openalex,True
16940605,2002,Iceland,openalex_ror,Iceland,0,openalex,True
16937203,2006,Sweden,openalex_ror,Sweden,12,openalex,True
16936645,2006,India,openalex_ror,India,8,openalex,True
16935583,2006,Mexico,openalex_ror,Mexico,101,openalex,True
16935339,2006,Spain,openalex_ror,Spain,52,openalex,True
16935239,2006,United States,openalex_ror,United States,58,openalex,True
16935238,2006,United States,openalex_ror,United States,62,openalex,True
16932057,2006,United States,openalex_ror,United States,82,openalex,True
16931277,2006,United States,openalex_ror,United States,31,openalex,True
16931276,2006,Italy,affil_country_name,Italy,23,openalex,True
16931274,2006,Unknown,no_affiliation,,19,openalex,True
16931273,2006,United States,openalex_ror,United States,22,openalex,True
16931251,2006,United States,openalex_ror,United States,127,openalex,True
16931243,2006,Unknown,unresolved,,0,openalex,True
16929231,2006,United States,openalex_ror,United States,24,openalex,True
16929229,2006,United States,openalex_ror,United States,3,openalex,True
16929228,2006,United States,openalex_ror,United States,19,openalex,True
16929226,2006,United States,openalex_ror,United States,6,openalex,True
16929223,2006,United States,openalex_ror,United States,8,openalex,True
16929059,2006,United Kingdom,openalex_ror,United Kingdom,18,openalex,True
16927783,2006,Unknown,no_affiliation,,0,openalex,True
16909086,2006,United States,affil_country_name,United States,21,openalex,True
16900036,2006,United States,openalex_ror,United States,217,openalex,True
16900035,2006,Italy,affil_country_name,Italy,22,openalex,True
16900033,2006,Greece,openalex_ror,Greece,14,openalex,True
16900032,2006,United States,openalex_ror,United States,48,openalex,True
16900031,2006,United States,openalex_ror,United States,37,openalex,True
16900030,2006,United States,affil_country_name,United States,155,openalex,True
16898390,2006,South Korea,openalex_ror,South Korea,9,openalex,True
16897215,2006,Japan,openalex_ror,Japan,7,openalex,True
16889832,2006,United States,affil_country_name,United States,17,openalex,True
16885818,2006,France,openalex_ror,France,5,openalex,True
16885192,2006,Belgium,openalex_ror,Belgium,28,openalex,True
16883946,2006,Poland,openalex_ror,Poland,8,openalex,True
16877264,2006,Taiwan,openalex_ror,Taiwan,8,openalex,True
16877084,2006,Unknown,no_affiliation,,12,openalex,True
16876537,2006,Unknown,no_affiliation,,32,openalex,True
16876501,2006,United States,openalex_ror,United States,32,openalex,True
16876499,2006,Ireland,openalex_ror,Ireland,21,openalex,True
16872334,2006,New Zealand,openalex_ror,New Zealand,20,openalex,True
16863983,2006,United States,openalex_ror,United States,87,openalex,True
16863982,2006,Italy,affil_country_name_over_openalex,Italy,2,openalex,True
16863964,2006,United States,openalex_ror,United States,53,openalex,True
16863963,2006,Italy,openalex_ror,Italy,52,openalex,True
16863961,2006,Greece,openalex_ror,Greece,15,openalex,True
16863960,2006,Spain,openalex_ror,Spain,27,openalex,True
16863959,2006,Turkey,openalex_ror,Turkey,25,openalex,True
16863950,2006,Unknown,unresolved,,0,openalex,True
16863941,2006,Unknown,no_affiliation,,15,openalex,True
16858431,2006,United Kingdom,openalex_ror,United Kingdom,2,openalex,True
16857504,2006,Germany,openalex_ror,Germany,49,openalex,True
16857501,2006,Taiwan,openalex_ror,Taiwan,20,openalex,True
16857499,2006,United States,affil_country_name,United States,16,openalex,True
16857498,2006,United States,openalex_ror,United States,23,openalex,True
16857484,2006,Unknown,no_affiliation,,9,openalex,True
16857483,2006,Unknown,no_affiliation,,1,openalex,True
16857131,2006,China,openalex_ror,China,5,openalex,True
16850290,2006,Germany,openalex_ror,Germany,29,openalex,True
16845266,2006,Portugal,openalex_ror,Portugal,16,openalex,True
16828506,2006,United States,openalex_ror,United States,20,openalex,True
16826775,2006,Unknown,no_affiliation,,1,openalex,True
16822075,2006,Australia,openalex_ror,Australia,32,openalex,True
16815418,2006,Unknown,no_affiliation,,3,openalex,True
16814073,2006,United Kingdom,openalex_ror,United Kingdom,6,openalex,True
16814072,2006,United States,openalex_ror,United States,16,openalex,True
16814069,2006,Japan,openalex_ror,Japan,21,openalex,True
16814054,2006,United States,affil_country_name,United States,180,openalex,True
16814053,2006,United States,openalex_ror,United States,24,openalex,True
16814052,2006,United Kingdom,openalex_ror,United Kingdom,68,openalex,True
16814035,2006,Unknown,no_affiliation,,10,openalex,True
16814033,2006,Unknown,no_affiliation,,0,openalex,True
16808401,2006,Unknown,no_affiliation,,0,openalex,True
16808122,2006,United States,openalex_ror,United States,12,openalex,True
16805128,2006,India,openalex_ror,India,15,openalex,True
16805127,2006,Germany,affil_country_name,Germany,6,openalex,True
16805126,2006,Italy,openalex_ror,Italy,17,openalex,True
16805125,2006,United States,openalex_ror,United States,21,openalex,True
16805124,2006,Spain,openalex_ror,Spain,13,openalex,True
16805123,2006,China,openalex_ror,China,32,openalex,True
16805122,2006,Greece,openalex_ror,Greece,9,openalex,True
16805121,2006,United States,openalex_ror,United States,1,openalex,True
16805120,2006,United States,openalex_ror,United States,26,openalex,True
16805119,2006,United States,openalex_ror,United States,195,openalex,True
16805118,2006,United States,affil_country_name,United States,112,openalex,True
16805117,2006,Japan,openalex_ror,Japan,59,openalex,True
16805115,2006,Israel,openalex_ror,Israel,36,openalex,True
16804821,2006,Switzerland,affil_country_name,Switzerland,0,openalex,True
16799021,2006,Germany,openalex_ror,Germany,103,openalex,True
16799017,2006,France,openalex_ror,France,91,openalex,True
19516786,2006,Spain,openalex_ror,Spain,68,openalex,True
16785761,2006,South Korea,openalex_ror,South Korea,28,openalex,True
16785760,2006,China,openalex_ror,China,26,openalex,True
16783417,2006,Unknown,affil_unresolved,,1,openalex,True
16776733,2006,Australia,openalex_ror,Australia,10,openalex,True
16773932,2006,Unknown,affil_unresolved,,0,openalex,True
16769117,2006,Italy,affil_country_name,Italy,102,openalex,True
16768185,2006,South Korea,openalex_ror,South Korea,1,openalex,True
16767388,2006,Taiwan,openalex_ror,Taiwan,4,openalex,True
16767192,2006,Canada,openalex_ror,Canada,31,openalex,True
16765817,2006,Unknown,no_affiliation,,1,openalex,True
16765815,2006,Unknown,no_affiliation,,2,openalex,True
16765809,2006,United States,openalex_ror,United States,19,openalex,True
16765797,2006,United States,openalex_ror,United States,22,openalex,True
16765795,2006,China,openalex_ror,China,13,openalex,True
16765794,2006,South Korea,openalex_ror,South Korea,48,openalex,True
16765793,2006,United States,affil_country_name,United States,92,openalex,True
16765785,2006,Switzerland,affil_country_name,Switzerland,14,openalex,True
16765777,2006,Unknown,unresolved,,1,openalex,True
16765773,2006,Unknown,no_affiliation,,0,openalex,True
16765706,2006,Unknown,no_affiliation,,7,openalex,True
16765703,2006,United States,openalex_ror,United States,33,openalex,True
16765667,2006,South Korea,openalex_ror,South Korea,96,openalex,True
16764320,2006,Japan,affil_country_name,Japan,2,openalex,True
16762211,2006,China,openalex_ror,China,2,openalex,True
16761640,2006,Hong Kong,openalex_ror,China|Hong Kong,6,openalex,True
16761246,2006,Colombia,openalex_ror,Colombia,8,openalex,True
16760896,2006,Hungary,openalex_ror,Hungary,4,openalex,True
16758761,2006,Czechia,affil_city_hint,Czechia,0,openalex,True
16758207,2006,Germany,openalex_ror,Germany,11,openalex,True
16756840,2006,Spain,openalex_ror,Spain,0,openalex,True
16754217,2006,Turkey,openalex_ror,Turkey,8,openalex,True
16751056,2006,Unknown,no_affiliation,,0,openalex,True
16751052,2006,Unknown,no_affiliation,,0,openalex,True
16750464,2006,France,openalex_ror,France,52,openalex,True
16723448,2006,United States,openalex_ror,United States,11,openalex,True
16722493,2006,Greece,openalex_ror,Greece,23,openalex,True
16722492,2006,Taiwan,openalex_ror,Taiwan,40,openalex,True
16722491,2006,Spain,openalex_ror,Spain,10,openalex,True
16722490,2006,Hong Kong,openalex_ror,China|Hong Kong,40,openalex,True
16722487,2006,United States,openalex_ror,United States,7,openalex,True
16722485,2006,United States,openalex_ror,United States,51,openalex,True
16722484,2006,Italy,openalex_ror,Italy,6,openalex,True
16722483,2006,Spain,openalex_ror,Spain,144,openalex,True
16722482,2006,Iran,openalex_ror,Iran,18,openalex,True
16722481,2006,Spain,affil_country_name,Spain,50,openalex,True
16722480,2006,United States,openalex_ror,United States,43,openalex,True
16722479,2006,Greece,imputed_affil_country_over_openalex,Israel,54,openalex,True
16721563,2006,Germany,openalex_ror,Germany,10,openalex,True
16720023,2006,United States,openalex_ror,United States,513,openalex,True
16713626,2006,Spain,openalex_ror,Spain,13,openalex,True
16706101,2006,United States,openalex_ror,United States,1,openalex,True
16705349,2006,Germany,openalex_ror,Germany,16,openalex,True
16704709,2006,Iran,openalex_ror,Iran,8,openalex,True
16704469,2006,United Kingdom,openalex_ror,United Kingdom,36,openalex,True
16703539,2006,Italy,affil_country_name,Italy,66,openalex,True
16703538,2006,Italy,openalex_ror,Italy,26,openalex,True
16703537,2006,Italy,openalex_ror,Italy,26,openalex,True
16702873,2006,Unknown,no_affiliation,,2,openalex,True
16702871,2006,United States,openalex_ror,United States,25,openalex,True
16701650,2006,Spain,openalex_ror,Spain,52,openalex,True
16700358,2006,Unknown,no_affiliation,,0,openalex,True
16699681,2006,Brazil,openalex_ror,Brazil,0,openalex,True
16699661,2006,Brazil,openalex_ror,Brazil,1,openalex,True
16698496,2006,United States,openalex_ror,United States,36,openalex,True
16698495,2006,Switzerland,affil_country_name_over_openalex,Switzerland,22,openalex,True
16698477,2006,Argentina,openalex_ror,Argentina,4,openalex,True
16698476,2006,Switzerland,affil_country_name,Switzerland,140,openalex,True
16698475,2006,United States,affil_country_name,United States,41,openalex,True
16698470,2006,United States,affil_country_name,United States,17,openalex,True
16698458,2006,Unknown,no_affiliation,,0,openalex,True
16698450,2006,Unknown,no_affiliation,,27,openalex,True
16696341,2005,China,openalex_ror,China,2,openalex,True
16682593,2006,United States,openalex_ror,United States,34,openalex,True
16681049,2005,Thailand,openalex_ror,Thailand,0,openalex,True
16678531,2006,Unknown,no_affiliation,,3,openalex,True
16678521,2006,United States,openalex_ror,United States,60,openalex,True
16678508,2006,United States,openalex_ror,United States,8,openalex,True
16678504,2006,South Korea,openalex_ror,South Korea,115,openalex,True
16670496,2006,India,openalex_ror,India,2,openalex,True
16670492,2006,United States,openalex_ror,United States,42,openalex,True
16670475,2006,China,openalex_ror,China|Hong Kong,40,openalex,True
16670474,2006,United States,openalex_ror,United States,249,openalex,True
16650675,2006,United States,openalex_ror,United States,217,openalex,True
16650667,2006,France,openalex_ror,France,104,openalex,True
16650666,2006,Spain,openalex_ror,Spain,70,openalex,True
16650653,2006,United States,openalex_ror,United States,206,openalex,True
16647130,2006,Spain,affil_country_name,Spain,69,openalex,True
16647126,2006,Lebanon,openalex_ror,Lebanon,40,openalex,True
16646976,2006,India,openalex_ror,India,9,openalex,True
16643760,2006,China,openalex_ror,China,3,openalex,True
16643754,2006,China,openalex_ror,China,1,openalex,True
16639668,2006,Germany,openalex_ror,Germany,24,openalex,True
16633035,2006,Germany,openalex_ror,Germany,12,openalex,True
16633031,2006,South Korea,openalex_ror,South Korea,31,openalex,True
16633029,2006,Taiwan,openalex_ror,Taiwan,7,openalex,True
16631254,2006,Italy,openalex_ror,Italy,29,openalex,True
16631073,2006,Unknown,no_affiliation,,13,openalex,True
16631071,2006,United States,openalex_ror,United States,26,openalex,True
16631068,2006,India,openalex_ror,India,18,openalex,True
16631067,2006,United States,openalex_ror,United States,95,openalex,True
16631061,2006,United States,openalex_ror,United States,26,openalex,True
16631059,2006,Israel,affil_country_name,Israel,18,openalex,True
16631055,2006,India,openalex_ror,India,44,openalex,True
16631052,2006,United States,affil_country_name,United States,91,openalex,True
16631051,2006,United States,openalex_ror,United States,195,openalex,True
16631050,2006,United States,openalex_ror,United States,103,openalex,True
16631035,2006,Unknown,unresolved,,2,openalex,True
16631027,2006,Unknown,no_affiliation,,25,openalex,True
16629077,2006,Hungary,affil_country_name,Hungary,2,openalex,True
16629076,2006,Malaysia,affil_country_name,Malaysia,11,openalex,True
16629075,2006,Spain,openalex_ror,Spain,39,openalex,True
16629074,2006,Australia,openalex_ror,Australia,10,openalex,True
16629073,2006,India,openalex_ror,India,16,openalex,True
16629072,2006,United States,openalex_ror,United States,14,openalex,True
16629070,2006,Japan,openalex_ror,Japan,9,openalex,True
16629068,2006,Hong Kong,openalex_ror,China|Hong Kong,27,openalex,True
16629067,2006,Japan,openalex_ror,Japan,17,openalex,True
16629066,2006,Finland,affil_country_name,Finland,14,openalex,True
16629065,2006,Ireland,openalex_ror,Ireland,18,openalex,True
16629064,2006,Greece,openalex_ror,Greece,46,openalex,True
16629063,2006,Greece,openalex_ror,Greece,68,openalex,True
16629061,2006,Unknown,no_affiliation,,1,openalex,True
16629060,2006,Unknown,no_affiliation,,2,openalex,True
16625626,2006,United Kingdom,openalex_ror,United Kingdom,72,openalex,True
16619829,2005,Poland,openalex_ror,Poland,0,openalex,True
16619080,2006,Unknown,no_affiliation,,0,openalex,True
16604757,2006,Italy,openalex_ror,Italy,26,openalex,True
16604391,2006,Japan,openalex_ror,Japan,8,openalex,True
16602323,2006,United States,openalex_ror,United States,22,openalex,True
16602321,2006,Japan,openalex_ror,Japan,4,openalex,True
16602318,2006,United States,openalex_ror,United States,48,openalex,True
16602316,2006,United Kingdom,openalex_ror,United Kingdom,36,openalex,True
16602315,2006,Germany,affil_country_name,Germany,69,openalex,True
16602314,2006,United Kingdom,openalex_ror,United Kingdom,19,openalex,True
16602310,2006,Germany,openalex_ror,Germany,35,openalex,True
16602309,2006,Unknown,no_affiliation,,4,openalex,True
16600667,2006,United Kingdom,openalex_ror,United Kingdom,8,openalex,True
16599313,2006,Israel,openalex_ror,Israel,7,openalex,True
16599312,2006,Israel,affil_city_hint,Israel,0,openalex,True
16599311,2006,Israel,openalex_ror,Israel,5,openalex,True
16599310,2006,Israel,openalex_ror,Israel,0,openalex,True
16579583,2006,United States,affil_country_name,United States,2,openalex,True
16565413,2006,Spain,openalex_ror,Spain,226,openalex,True
16565365,2006,Japan,openalex_ror,Japan,95,openalex,True
16565017,2006,Italy,affil_country_name,Italy,10,openalex,True
16565010,2006,Canada,openalex_ror,Canada,11,openalex,True
16565003,2006,United States,openalex_ror,United States,9,openalex,True
16564995,2006,United States,openalex_ror,United States,45,openalex,True
16564979,2006,Unknown,no_affiliation,,0,openalex,True
16564977,2006,Unknown,no_affiliation,,1,openalex,True
16564972,2006,Unknown,no_affiliation,,,,False
16564812,2006,United States,openalex_ror,United States,101,openalex,True
16564800,2006,United States,openalex_ror,United States,15,openalex,True
16552654,2006,Germany,openalex_ror,Germany,1,openalex,True
16546347,2006,France,openalex_ror,France,0,openalex,True
16546107,2006,United States,openalex_ror,United States,101,openalex,True
16545332,2006,United States,openalex_ror,United States,107,openalex,True
16538130,2006,Australia,openalex_ror,Australia,21,openalex,True
16536108,2005,Thailand,openalex_ror,Thailand,17,openalex,True
16532629,2006,Spain,openalex_ror,Spain,153,openalex,True
16526878,2006,Spain,openalex_ror,Spain,8,openalex,True
16523843,2006,Spain,openalex_ror,Spain,6,openalex,True
16523841,2006,Taiwan,openalex_ror,Taiwan,5,openalex,True
16523840,2006,United States,affil_country_name,United States,1,openalex,True
16523839,2006,Unknown,no_affiliation,,88,openalex,True
16523838,2006,Italy,openalex_ror,Italy,11,openalex,True
16523836,2006,Germany,openalex_ror,Germany,4,openalex,True
16523835,2006,Brazil,openalex_ror,Brazil,38,openalex,True
16523834,2006,Mexico,openalex_ror,Mexico,20,openalex,True
16523833,2006,Greece,openalex_ror,Greece,48,openalex,True
16523830,2006,Italy,openalex_ror,Italy,75,openalex,True
16523829,2006,Unknown,no_affiliation,,6,openalex,True
16523828,2006,Unknown,no_affiliation,,1,openalex,True
16523827,2006,Unknown,no_affiliation,,2,openalex,True
16516797,2006,South Korea,openalex_ror,South Korea,12,openalex,True
16516789,2006,Israel,openalex_ror,Israel,12,openalex,True
16516788,2006,Italy,openalex_ror,Italy,74,openalex,True
16516787,2006,Canada,openalex_ror,Canada,33,openalex,True
16516785,2006,United States,affil_country_name,United States,119,openalex,True
16516782,2006,Germany,openalex_ror,Germany,14,openalex,True
16516781,2006,Spain,openalex_ror,Spain,59,openalex,True
16516775,2006,United States,openalex_ror,United States,76,openalex,True
16516763,2006,Unknown,no_affiliation,,2,openalex,True
16511718,2006,Spain,affil_country_name,Spain,6,openalex,True
16509184,2006,United States,openalex_ror,United States,2,openalex,True
16500529,2006,United States,openalex_ror,United States,6,openalex,True
16500528,2006,France,affil_country_name,France,6,openalex,True
16498433,2006,Germany,openalex_ror,Germany,53,openalex,True
16491226,2006,Brazil,openalex_ror,Brazil,1,openalex,True
16490504,2006,United States,openalex_ror,United States,3,openalex,True
16490501,2006,Taiwan,affil_country_name,Taiwan,33,openalex,True
16490488,2006,United States,openalex_ror,United States,241,openalex,True
16488012,2006,United States,affil_country_name,United States,75,openalex,True
16482452,2006,Germany,openalex_ror,Germany,16,openalex,True
16481121,2006,India,openalex_ror,India,6,openalex,True
16474919,2006,United States,openalex_ror,United States,24,openalex,True
16473231,2005,United States,affil_country_name,United States,8,openalex,True
16473230,2005,United States,openalex_ror,United States,68,openalex,True
16473229,2005,Egypt,openalex_ror,Egypt,16,openalex,True
16473228,2005,Canada,openalex_ror,Canada,17,openalex,True
16473223,2005,United States,openalex_ror,United States,48,openalex,True
16473222,2005,Italy,openalex_ror,Italy,19,openalex,True
16473221,2005,Taiwan,openalex_ror,Taiwan,6,openalex,True
16473220,2005,South Korea,openalex_ror,South Korea,107,openalex,True
16473219,2005,United States,openalex_ror,United States,11,openalex,True
16473218,2005,United States,openalex_ror,United States,23,openalex,True
16473217,2005,Germany,openalex_ror,Germany,56,openalex,True
16473213,2005,Switzerland,affil_country_name,Switzerland,16,openalex,True
16473200,2005,Unknown,no_affiliation,,0,openalex,True
16473197,2005,Unknown,no_affiliation,,1,openalex,True
16473194,2005,Unknown,no_affiliation,,2,openalex,True
16467687,2006,Spain,openalex_ror,Spain,3,openalex,True
16465507,2006,Germany,openalex_ror,Germany,9,openalex,True
16458697,2006,Brazil,affil_country_name_over_openalex,Brazil,82,openalex,True
16458104,2006,Unknown,no_affiliation,,0,openalex,True
16458090,2006,Singapore,openalex_ror,Singapore,34,openalex,True
16458089,2006,Unknown,no_affiliation,,13,openalex,True
16451273,2006,Hong Kong,openalex_ror,Hong Kong,6,openalex,True
16447945,2006,Greece,affil_country_name,Greece,0,openalex,True
16447944,2006,United States,openalex_ror,United States,3,openalex,True
16447940,2006,United Arab Emirates,affil_country_name,United Arab Emirates,46,openalex,True
16447939,2006,Italy,openalex_ror,Italy,33,openalex,True
16447938,2006,Japan,openalex_ror,Japan,122,openalex,True
16447937,2006,United States,openalex_ror,United States,10,openalex,True
16447936,2006,United States,openalex_ror,United States,20,openalex,True
16447935,2006,United States,openalex_ror,United States,41,openalex,True
16447934,2006,Spain,openalex_ror,Spain,28,openalex,True
16447933,2006,Spain,openalex_ror,Spain,19,openalex,True
16447929,2006,Unknown,no_affiliation,,3,openalex,True
16436931,2006,United States,openalex_ror,United States,49,openalex,True
16431956,2006,South Korea,openalex_ror,South Korea,141,openalex,True
16431955,2006,Japan,openalex_ror,Japan,42,openalex,True
16431950,2006,Japan,openalex_ror,Japan,53,openalex,True
16422223,2005,Belgium,openalex_ror,Belgium,24,openalex,True
16422219,2005,Belgium,openalex_ror,Belgium,0,openalex,True
16421709,2006,Switzerland,affil_country_name,Switzerland,19,openalex,True
16415694,2006,United States,openalex_ror,United States,7,openalex,True
16412944,2005,Israel,openalex_ror,Israel,70,openalex,True
16412943,2005,United States,openalex_ror,United States,10,openalex,True
16412941,2005,United States,openalex_ror,United States,3,openalex,True
16412923,2005,United States,affil_country_name,United States,48,openalex,True
16412921,2005,United States,openalex_ror,United States,37,openalex,True
16412919,2005,Japan,openalex_ror,Japan,22,openalex,True
16412916,2005,United States,openalex_ror,United States,42,openalex,True
16412903,2005,Unknown,unresolved,,1,openalex,True
16412900,2005,Unknown,no_affiliation,,1,openalex,True
16412891,2005,Unknown,no_affiliation,,183,openalex,True
16412890,2005,Unknown,no_affiliation,,9,openalex,True
16396018,2005,Australia,openalex_ror,Australia,11,openalex,True
16395199,2005,France,openalex_ror,France,4,openalex,True
16391641,2005,Canada,openalex_ror,Canada,21,openalex,True
16389107,2006,Unknown,no_affiliation,,4,openalex,True
16387027,2006,Unknown,no_affiliation,,9,openalex,True
16386988,2006,United States,openalex_ror,United States,8,openalex,True
16386971,2006,Saudi Arabia,openalex_ror,Saudi Arabia,26,openalex,True
16386969,2006,United States,affil_country_name,United States,25,openalex,True
16384781,2006,United States,openalex_ror,United States,19,openalex,True
16380884,2005,Switzerland,affil_country_name,Switzerland,11,openalex,True
16378639,2005,Spain,openalex_ror,Spain,69,openalex,True
16378019,2006,Hungary,openalex_ror,Hungary,19,openalex,True
16376651,2005,United States,openalex_ror,United States,253,openalex,True
16374050,2006,South Korea,openalex_ror,South Korea,11,openalex,True
16374047,2006,South Korea,openalex_ror,South Korea,20,openalex,True
16372212,2005,Spain,openalex_ror,Spain,8,openalex,True
16371790,2006,United States,openalex_ror,United States,64,openalex,True
16371770,2006,United States,openalex_ror,United States,64,openalex,True
16366227,2005,United States,openalex_ror,United States,58,openalex,True
16361660,2006,Ireland,openalex_ror,Ireland,93,openalex,True
16360207,2005,United States,openalex_ror,United States,128,openalex,True
16357491,2005,South Korea,openalex_ror,South Korea,8,openalex,True
16340545,2005,Italy,openalex_ror,Italy,11,openalex,True
16338581,2005,Unknown,no_affiliation,,6,openalex,True
16338580,2005,Germany,affil_country_name,Germany,54,openalex,True
16338579,2005,United States,openalex_ror,United States,29,openalex,True
16338577,2005,Spain,openalex_ror,Spain,9,openalex,True
16338576,2005,United States,openalex_ror,United States,26,openalex,True
16338575,2005,United States,openalex_ror,United States,98,openalex,True
16338565,2005,Netherlands,openalex_ror,Netherlands,94,openalex,True
16338564,2005,Japan,openalex_ror,Japan,14,openalex,True
16338563,2005,Spain,openalex_ror,Spain,42,openalex,True
16338562,2005,Italy,openalex_ror,Italy,5,openalex,True
16338561,2005,South Korea,openalex_ror,South Korea,8,openalex,True
16338558,2005,Italy,openalex_ror,Italy,32,openalex,True
16338557,2005,Canada,openalex_ror,Canada,31,openalex,True
16338555,2005,United States,openalex_ror,United States,64,openalex,True
16338553,2005,United States,openalex_ror,United States,15,openalex,True
16338536,2005,Unknown,no_affiliation,,4,openalex,True
16338535,2005,Unknown,no_affiliation,,2,openalex,True
16331843,2005,United States,openalex_ror,United States,36,openalex,True
16331043,2006,South Korea,openalex_ror,South Korea,36,openalex,True
16331036,2006,Hong Kong,openalex_ror,Hong Kong,30,openalex,True
16329384,2005,United States,openalex_ror,United States,16,openalex,True
16329383,2005,United States,affil_country_name,United States,68,openalex,True
16329382,2005,United States,openalex_ror,United States,10,openalex,True
16329381,2005,United States,affil_country_name,United States,39,openalex,True
16329380,2005,Italy,affil_country_name,Italy,9,openalex,True
16329379,2005,United States,openalex_ror,United States,4,openalex,True
16329378,2005,United States,openalex_ror,United States,72,openalex,True
16329376,2005,United States,openalex_ror,United States,3,openalex,True
16329374,2005,Unknown,no_affiliation,,1,openalex,True
16329373,2005,Unknown,no_affiliation,,0,openalex,True
16329372,2005,Turkey,openalex_ror,Turkey,6,openalex,True
16329371,2005,Israel,affil_country_name,Israel,17,openalex,True
16329370,2005,Lebanon,openalex_ror,Lebanon,5,openalex,True
16329369,2005,Spain,affil_country_name,Spain,29,openalex,True
16329368,2005,United States,affil_country_name,United States,136,openalex,True
16329366,2005,Germany,openalex_ror,Germany,58,openalex,True
16329365,2005,United States,openalex_ror,United States,3,openalex,True
16329363,2005,United States,openalex_ror,United States,9,openalex,True
16329362,2005,Taiwan,openalex_ror,Taiwan,3,openalex,True
16329361,2005,Spain,openalex_ror,Spain,16,openalex,True
16329360,2005,Belgium,affil_country_name,Belgium,10,openalex,True
16329359,2005,United States,affil_country_name,United States,7,openalex,True
16329053,2005,Italy,openalex_ror,Italy,2,openalex,True
16329052,2005,Iran,openalex_ror,Iran,25,openalex,True
16327796,2005,Unknown,no_affiliation,United Kingdom,24,openalex,True
16325717,2005,Unknown,no_affiliation,,3,openalex,True
16318752,2005,China,openalex_ror,China,1,openalex,True
16318747,2005,China,openalex_ror,China,7,openalex,True
16318746,2005,China,openalex_ror,China,5,openalex,True
16318745,2005,China,openalex_ror,China,3,openalex,True
16318744,2005,China,openalex_ror,China,3,openalex,True
16310493,2005,Unknown,no_affiliation,,,,False
16310478,2005,Saudi Arabia,openalex_ror,Saudi Arabia,33,openalex,True
16308823,2005,Germany,openalex_ror,Germany,12,openalex,True
16303443,2000,United States,openalex_ror,United States,3,openalex,True
16303397,1999,Unknown,no_affiliation,,7,openalex,True
16303127,2005,United States,openalex_ror,United States,281,openalex,True
16298317,2005,United States,openalex_ror,United States,11,openalex,True
16286627,2005,United States,openalex_ror,United States,23,openalex,True
16284504,2005,United States,openalex_ror,United States,12,openalex,True
16281736,2005,Belgium,openalex_ror,Belgium,3,openalex,True
16277937,2005,Unknown,no_affiliation,,0,openalex,True
16271321,2005,Unknown,no_affiliation,,0,openalex,True
16263374,2005,Unknown,no_affiliation,,4,openalex,True
16263370,2005,United Kingdom,openalex_ror,United Kingdom,257,openalex,True
28221435,2005,Italy,affil_country_name,Italy,,,False
16246794,2005,South Korea,openalex_ror,South Korea,13,openalex,True
16246786,2005,United Kingdom,openalex_ror,United Kingdom,31,openalex,True
16246781,2005,Italy,openalex_ror,Italy,26,openalex,True
16246778,2005,United States,openalex_ror,United States,32,openalex,True
16246774,2005,Italy,affil_country_name,Italy,51,openalex,True
16246759,2005,Unknown,no_affiliation,,8,openalex,True
16245196,2005,Spain,affil_country_name,Spain,7,openalex,True
16240277,2005,Germany,openalex_ror,Germany,15,openalex,True
16235060,2005,Germany,openalex_ror,Germany,84,openalex,True
16234445,2005,Venezuela,affil_country_name,Venezuela,20,openalex,True
16231866,2005,Unknown,no_affiliation,,0,openalex,True
16227855,2005,India,openalex_ror,India,24,openalex,True
16227849,2005,United States,openalex_ror,United States,29,openalex,True
16225925,2005,Germany,openalex_ror,Germany,18,openalex,True
16224163,2005,South Korea,openalex_ror,South Korea,4,openalex,True
16220277,2005,United States,affil_country_name,United States,5,openalex,True
16219217,2005,Denmark,openalex_ror,Denmark,1,openalex,True
16212299,2005,Mexico,affil_country_name,Mexico,36,openalex,True
16212298,2005,United States,openalex_ror,United States,5,openalex,True
16212297,2005,China,openalex_ror,China,17,openalex,True
16212296,2005,United Kingdom,affil_country_name,United Kingdom,11,openalex,True
16212295,2005,Canada,affil_country_name,Canada,20,openalex,True
16212294,2005,China,openalex_ror,China,19,openalex,True
16212293,2005,Argentina,openalex_ror,Argentina,25,openalex,True
16212292,2005,Russia,affil_country_name,Russia,28,openalex,True
16212290,2005,Georgia (country),openalex_ror,Georgia (country),21,openalex,True
16212289,2005,United Arab Emirates,affil_country_name,United Arab Emirates,7,openalex,True
16212288,2005,China,affil_country_name,China,2,openalex,True
16212287,2005,Mexico,affil_country_name,Mexico,39,openalex,True
16212286,2005,Saudi Arabia,openalex_ror,Saudi Arabia,16,openalex,True
16212285,2005,United States,affil_country_name,United States,9,openalex,True
16209868,2005,Italy,openalex_ror,Italy,28,openalex,True
16209461,2005,United States,affil_country_name,United States,13,openalex,True
16209457,2005,United Kingdom,openalex_ror,United Kingdom,37,openalex,True
16209455,2005,Taiwan,openalex_ror,Taiwan,51,openalex,True
16209454,2005,Unknown,affil_unresolved,,9,openalex,True
16209453,2005,Greece,openalex_ror,Greece,60,openalex,True
16209452,2005,Australia,openalex_ror,Australia,67,openalex,True
16209451,2005,Taiwan,openalex_ror,Taiwan,10,openalex,True
16209450,2005,Israel,openalex_ror,Israel,6,openalex,True
16209449,2005,India,openalex_ror,India,42,openalex,True
16209448,2005,Israel,openalex_ror,Israel,56,openalex,True
16209447,2005,Hungary,openalex_ror,Hungary,5,openalex,True
16209446,2005,France,openalex_ror,France,36,openalex,True
16209445,2005,United States,openalex_ror,United States,13,openalex,True
16209444,2005,Italy,openalex_ror,Italy,22,openalex,True
16209443,2005,United States,affil_country_name,United States,44,openalex,True
16209442,2005,Germany,openalex_ror,Germany,17,openalex,True
16209440,2005,United States,openalex_ror,United States,158,openalex,True
16199276,2005,Unknown,no_affiliation,,1,openalex,True
16199266,2005,Italy,openalex_ror,Italy,23,openalex,True
16198994,2005,United States,affil_country_name,United States,16,openalex,True
16193440,2005,Spain,openalex_ror,Spain,6,openalex,True
16193432,2005,Spain,openalex_ror,Spain,10,openalex,True
16191329,2005,China,openalex_ror,China,0,openalex,True
16191325,2005,China,openalex_ror,China,2,openalex,True
16183554,2005,Germany,openalex_ror,Germany,8,openalex,True
16168484,2005,Spain,openalex_ror,Spain,51,openalex,True
16160515,2005,Hong Kong,openalex_ror,Hong Kong,5,openalex,True
16160509,2005,United States,openalex_ror,United States,13,openalex,True
16160508,2005,United States,openalex_ror,United States,2,openalex,True
16160493,2005,Japan,openalex_ror,Japan,4,openalex,True
16157379,2005,United States,openalex_ror,United States,17,openalex,True
16140381,2005,Germany,openalex_ror,Germany,136,openalex,True
16139671,2005,Unknown,no_affiliation,,8,openalex,True
16138998,2005,Germany,openalex_ror,Germany,63,openalex,True
16134841,2005,Canada,openalex_ror,Canada,4,openalex,True
16129318,2005,Unknown,no_affiliation,,2,openalex,True
16129310,2005,United States,openalex_ror,United States,20,openalex,True
16129307,2005,Taiwan,openalex_ror,Taiwan,5,openalex,True
16129306,2005,United States,openalex_ror,United States,47,openalex,True
16129303,2005,United States,openalex_ror,United States,50,openalex,True
16129301,2005,Turkey,openalex_ror,Turkey,2,openalex,True
16129292,2005,United States,openalex_ror,United States,29,openalex,True
16129289,2005,Austria,openalex_ror,Austria,10,openalex,True
16129288,2005,United Kingdom,openalex_ror,United Kingdom,70,openalex,True
16129287,2005,United States,openalex_ror,United States,105,openalex,True
16129284,2005,United States,openalex_ror,United States,6,openalex,True
16129283,2005,United States,openalex_ror,United States,18,openalex,True
16129282,2005,United States,openalex_ror,United States,54,openalex,True
16129267,2005,Unknown,no_affiliation,,0,openalex,True
16128347,2005,Unknown,no_affiliation,,4,openalex,True
16128346,2005,Unknown,no_affiliation,,,,False
16128345,2005,Unknown,no_affiliation,,17,openalex,True
16128344,2005,United Arab Emirates,affil_country_name,United Arab Emirates,20,openalex,True
16128343,2005,Turkey,openalex_ror,Turkey,5,openalex,True
16128342,2005,Finland,openalex_ror,Finland,22,openalex,True
16128341,2005,India,openalex_ror,India,13,openalex,True
16128340,2005,Israel,openalex_ror,Israel,54,openalex,True
16128339,2005,United States,openalex_ror,United States,1,openalex,True
16128338,2005,Spain,openalex_ror,Spain,15,openalex,True
16128337,2005,United Kingdom,openalex_ror,United Kingdom,15,openalex,True
16128336,2005,Finland,affil_country_name,Finland,26,openalex,True
16128335,2005,Norway,openalex_ror,Norway,13,openalex,True
16128334,2005,Hong Kong,openalex_ror,Hong Kong,26,openalex,True
16128333,2005,United States,affil_country_name,United States,11,openalex,True
16128332,2005,United States,openalex_ror,United States,44,openalex,True
16128331,2005,United States,openalex_ror,United States,60,openalex,True
16128329,2005,United States,openalex_ror,United States,55,openalex,True
16123553,2005,Iran,openalex_ror,Iran,16,openalex,True
16123420,2005,Italy,openalex_ror,Italy,14,openalex,True
16123410,2005,United States,openalex_ror,United States,91,openalex,True
16118741,2005,Germany,openalex_ror,Germany,1,openalex,True
16116508,2005,Brazil,affil_country_name_over_openalex,Brazil,6,openalex,True
16116504,2005,Unknown,no_affiliation,,,,False
16111756,2005,Greece,openalex_ror,Greece,4,openalex,True
16105615,2005,Japan,openalex_ror,Japan,5,openalex,True
16105614,2005,Germany,openalex_ror,Germany,6,openalex,True
16105612,2005,Israel,openalex_ror,Israel,41,openalex,True
16105611,2005,Germany,openalex_ror,Germany,61,openalex,True
16105608,2005,Israel,openalex_ror,Israel,20,openalex,True
16105607,2005,Spain,affil_country_name,Spain,36,openalex,True
16105603,2005,India,openalex_ror,India,18,openalex,True
16105600,2005,United States,openalex_ror,United States,57,openalex,True
16105599,2005,United States,openalex_ror,United States,3,openalex,True
16105589,2005,Unknown,unresolved,,1,openalex,True
16105576,2005,Unknown,no_affiliation,,,,False
16095700,2005,United States,openalex_ror,United States,96,openalex,True
16081234,2005,Spain,openalex_ror,Spain,12,openalex,True
16080901,2005,China,openalex_ror,China,2,openalex,True
16061093,2005,United States,openalex_ror,United States,55,openalex,True
16059576,2005,Brazil,openalex_ror,Brazil,0,openalex,True
16059567,2005,Brazil,openalex_ror,Brazil,7,openalex,True
16052799,2005,India,openalex_ror,India,5,openalex,True
16049542,2005,Israel,openalex_ror,Israel,12,openalex,True
16047950,2005,Hungary,openalex_ror,Hungary,5,openalex,True
16047903,2005,Spain,openalex_ror,Spain,17,openalex,True
16044328,2005,Germany,openalex_ror,Germany,31,openalex,True
16039510,2005,Unknown,no_affiliation,,4,openalex,True
16039507,2005,United States,openalex_ror,United States,16,openalex,True
16039506,2005,South Korea,openalex_ror,South Korea,18,openalex,True
16039504,2005,United States,openalex_ror,United States,12,openalex,True
16039499,2005,United States,openalex_ror,United States,32,openalex,True
16039490,2005,United States,affil_country_name,United States,34,openalex,True
16039489,2005,South Korea,openalex_ror,South Korea,11,openalex,True
16039487,2005,United States,openalex_ror,United States,5,openalex,True
16039483,2005,United Kingdom,openalex_ror,United Kingdom,50,openalex,True
16039470,2005,Unknown,no_affiliation,,2,openalex,True
16039469,2005,Unknown,no_affiliation,,3,openalex,True
16039465,2005,Unknown,no_affiliation,,2,openalex,True
16039460,2005,Unknown,no_affiliation,,0,openalex,True
16035570,2005,Taiwan,openalex_ror,Taiwan,5,openalex,True
16034604,2005,United States,affil_country_name,United States,1,openalex,True
16033345,2005,Australia,openalex_ror,Australia,9,openalex,True
16023065,2005,United States,openalex_ror,United States,21,openalex,True
16020267,2005,Denmark,openalex_ror,Denmark,30,openalex,True
16015094,2005,Brazil,openalex_ror,Brazil,31,openalex,True
16015089,2005,United States,openalex_ror,United States,28,openalex,True
16009842,2005,Spain,openalex_ror,Spain,5,openalex,True
16008908,2005,China,affil_country_name,China,1,openalex,True
16008907,2005,China,openalex_ror,China,2,openalex,True
16008906,2005,China,openalex_ror,China,4,openalex,True
16008904,2005,China,openalex_ror,China,2,openalex,True
16003513,2005,Sweden,openalex_ror,Sweden,38,openalex,True
16001373,2005,Germany,openalex_ror,Germany,3,openalex,True
16000901,2005,Spain,openalex_ror,Spain,26,openalex,True
16000900,2005,United States,openalex_ror,United States,54,openalex,True
16000899,2005,United States,openalex_ror,United States,30,openalex,True
15999125,2005,Italy,openalex_ror,Italy,13,openalex,True
28221411,2005,Germany,affil_country_name,Germany,,,False
15986268,2005,Unknown,no_affiliation,,1,openalex,True
15981494,2005,Czechia,affil_city_hint,Czechia,1,openalex,True
15980227,2005,South Korea,openalex_ror,South Korea,16,openalex,True
15977894,2005,Unknown,no_affiliation,,1,openalex,True
15977893,2005,Unknown,no_affiliation,,2,openalex,True
15977891,2005,Taiwan,openalex_ror,Taiwan,13,openalex,True
15977888,2005,Hong Kong,openalex_ror,China|Hong Kong,2,openalex,True
15977887,2005,China,openalex_ror,China,19,openalex,True
15977886,2005,Italy,openalex_ror,Italy,24,openalex,True
15977885,2005,South Korea,openalex_ror,South Korea,7,openalex,True
15977884,2005,United Kingdom,openalex_ror,United Kingdom,25,openalex,True
15977883,2005,United Kingdom,openalex_ror,United Kingdom,9,openalex,True
15977882,2005,United States,openalex_ror,United States,28,openalex,True
15976727,2005,France,affil_country_name,France,1,openalex,True
15976724,2005,France,openalex_ror,France,19,openalex,True
15976718,2005,Tunisia,affil_country_name,Tunisia,9,openalex,True
15976712,2005,France,openalex_ror,France,18,openalex,True
15976594,2005,United States,openalex_ror,United States,40,openalex,True
15975479,2005,South Korea,openalex_ror,South Korea,21,openalex,True
15975475,2005,Canada,openalex_ror,Canada,15,openalex,True
15975474,2005,United States,openalex_ror,United States,34,openalex,True
15975473,2005,Italy,openalex_ror,Italy,53,openalex,True
15975465,2005,Australia,openalex_ror,Australia,48,openalex,True
15975458,2005,Italy,openalex_ror,Italy,26,openalex,True
15975457,2005,United States,openalex_ror,United States,9,openalex,True
15975456,2005,United States,openalex_ror,United States,20,openalex,True
15975451,2005,Greece,openalex_ror,Greece,91,openalex,True
15975442,2005,Unknown,unresolved,,0,openalex,True
15975440,2005,Unknown,no_affiliation,,1,openalex,True
15973629,2005,Germany,openalex_ror,Germany,8,openalex,True
15969641,2005,United States,openalex_ror,United States,25,openalex,True
15968175,2005,United States,openalex_ror,United States,7,openalex,True
15968154,2005,United States,openalex_ror,United States,427,openalex,True
15962641,2005,Thailand,openalex_ror,Thailand,3,openalex,True
15956941,2005,United States,openalex_ror,United States,83,openalex,True
15955975,2005,United States,openalex_ror,United States,105,openalex,True
15953643,2005,United Kingdom,openalex_ror,United Kingdom,28,openalex,True
15953577,2005,United States,affil_country_name,United States,84,openalex,True
15953462,2005,United States,openalex_ror,United States,30,openalex,True
15953442,2005,United States,openalex_ror,United States,10,openalex,True
15953431,2005,United States,openalex_ror,United States,15,openalex,True
15953424,2005,South Korea,openalex_ror,South Korea,108,openalex,True
15936451,2005,Unknown,no_affiliation,,1,openalex,True
15936440,2005,United States,openalex_ror,United States,25,openalex,True
15933609,2005,Iran,openalex_ror,Iran,18,openalex,True
15932534,2005,United States,openalex_ror,United States,16,openalex,True
15924695,2005,China,openalex_ror,China,12,openalex,True
15923503,2005,Italy,openalex_ror,Italy,9,openalex,True
15921746,2005,Venezuela,affil_country_name,Venezuela,51,openalex,True
15918090,2005,Unknown,no_affiliation,,0,openalex,True
15912463,2005,Germany,openalex_ror,Germany,95,openalex,True
15912462,2005,Unknown,no_affiliation,,5,openalex,True
15912460,2005,Germany,openalex_ror,Germany,4,openalex,True
15909669,2005,Taiwan,openalex_ror,Taiwan,4,openalex,True
15905954,2005,Unknown,affil_unresolved,,9,openalex,True
15905945,2005,Brazil,openalex_ror,Brazil,1,openalex,True
15899469,2005,China,affil_country_name,China|Hong Kong,10,openalex,True
15899468,2005,Germany,openalex_ror,Germany,18,openalex,True
15899467,2005,United Kingdom,openalex_ror,United Kingdom,7,openalex,True
15899456,2005,United States,openalex_ror,United States,24,openalex,True
15899455,2005,United States,openalex_ror,United States,17,openalex,True
15899445,2005,Sweden,openalex_ror,Sweden,26,openalex,True
15899443,2005,United States,openalex_ror,United States,21,openalex,True
15899442,2005,United States,openalex_ror,United States,75,openalex,True
15899423,2005,Unknown,no_affiliation,,5,openalex,True
15899421,2005,Unknown,no_affiliation,,3,openalex,True
15899419,2005,Unknown,no_affiliation,,5,openalex,True
15898333,2005,Czechia,openalex_ror,Czechia,0,openalex,True
15894919,2005,United States,openalex_ror,United States,46,openalex,True
15894912,2005,Spain,affil_country_name_over_openalex,Spain,132,openalex,True
15884553,2005,China,openalex_ror,China,0,openalex,True
15883492,2005,France,openalex_ror,France,7,openalex,True
15883298,2005,Unknown,no_affiliation,,6,openalex,True
15882907,2005,Italy,openalex_ror,Italy,22,openalex,True
15882906,2005,United States,openalex_ror,United States,90,openalex,True
15875692,2005,China,openalex_ror,China,0,openalex,True
15852099,2005,Unknown,no_affiliation,,0,openalex,True
15850813,2005,United States,openalex_ror,United States,48,openalex,True
15840360,2005,China,openalex_ror,China,5,openalex,True
15838721,2005,Japan,openalex_ror,Japan,8,openalex,True
15834604,2005,Germany,openalex_ror,Germany,33,openalex,True
15834089,2005,United Kingdom,openalex_ror,United Kingdom,74,openalex,True
15829820,2005,Unknown,no_affiliation,,5,openalex,True
15829796,2005,Canada,openalex_ror,Canada,14,openalex,True
15829791,2005,Germany,affil_country_name,Germany,36,openalex,True
15829745,2005,India,openalex_ror,India,6,openalex,True
15824821,2005,United States,openalex_ror,United States,23,openalex,True
15824811,2005,Brazil,openalex_ror,Brazil,5,openalex,True
15811758,2005,Japan,openalex_ror,Japan,4,openalex,True
15811750,2005,Japan,openalex_ror,Japan,44,openalex,True
15811747,2005,Japan,openalex_ror,Japan,62,openalex,True
15811746,2005,United States,affil_country_name,United States,112,openalex,True
15811744,2005,United States,openalex_ror,United States,8,openalex,True
15811740,2005,Germany,affil_country_name,Germany,55,openalex,True
15811738,2005,United States,affil_country_name,United States,7,openalex,True
15811736,2005,China,openalex_ror,China,48,openalex,True
15811726,2005,Unknown,unresolved,,1,openalex,True
15811722,2005,Unknown,no_affiliation,,16,openalex,True
15808256,2005,Germany,openalex_ror,Germany,42,openalex,True
15808255,2005,United States,openalex_ror,United States,70,openalex,True
15808205,2005,Unknown,no_affiliation,,0,openalex,True
15808184,2005,United States,openalex_ror,United States,2,openalex,True
15807834,2005,Australia,openalex_ror,Australia,38,openalex,True
15807823,2005,Hong Kong,openalex_ror,Hong Kong,13,openalex,True
15807822,2005,New Zealand,openalex_ror,New Zealand,67,openalex,True
15807816,2005,United Kingdom,openalex_ror,United Kingdom,1,openalex,True
15807815,2005,New Zealand,openalex_ror,New Zealand,3,openalex,True
15807640,2005,Australia,openalex_ror,Australia,111,openalex,True
15803429,2005,Unknown,affil_unresolved,,1,openalex,True
15803427,2005,Spain,affil_city_hint,Spain,1,openalex,True
15798476,2005,Singapore,openalex_ror,Singapore,7,openalex,True
15796229,2005,Unknown,no_affiliation,,7,openalex,True
15796228,2005,Turkey,openalex_ror,Turkey,2,openalex,True
15796226,2005,Israel,openalex_ror,Israel,7,openalex,True
15796225,2005,United States,openalex_ror,United States,88,openalex,True
15796224,2005,Spain,openalex_ror,Spain,134,openalex,True
15796221,2005,Spain,openalex_ror,Spain,18,openalex,True
15796220,2005,Canada,openalex_ror,Canada,3,openalex,True
15796219,2005,United States,affil_country_name,United States,17,openalex,True
15796218,2005,Australia,openalex_ror,Australia,37,openalex,True
15796217,2005,China,openalex_ror,China|Hong Kong,54,openalex,True
15785911,2005,Germany,openalex_ror,Germany,2,openalex,True
15782860,2005,Slovakia,openalex_ror,Slovakia,4,openalex,True
15782858,2005,Czechia,affil_city_hint,Czechia,1,openalex,True
15779813,2005,Hungary,openalex_ror,Hungary,3,openalex,True
15778611,2005,Taiwan,openalex_ror,Taiwan,15,openalex,True
15778596,2005,Taiwan,openalex_ror,Taiwan,21,openalex,True
15778593,2005,United States,openalex_ror,United States,63,openalex,True
15774109,2005,China,openalex_ror,China,1,openalex,True
15770958,2005,Japan,openalex_ror,Japan,1,openalex,True
15767497,2005,Unknown,no_affiliation,,4,openalex,True
15767173,2005,United Kingdom,openalex_ror,United Kingdom,4,openalex,True
15767172,2005,Spain,openalex_ror,Spain,18,openalex,True
15767170,2005,United States,openalex_ror,United States,33,openalex,True
15767164,2005,United States,openalex_ror,United States,7,openalex,True
15767162,2005,United States,openalex_ror,United States,50,openalex,True
15767151,2005,Spain,openalex_ror,Spain,25,openalex,True
15767148,2005,United States,openalex_ror,United States,71,openalex,True
15767128,2005,Unknown,no_affiliation,,2,openalex,True
15767123,2005,Unknown,no_affiliation,,1,openalex,True
15767121,2005,Unknown,no_affiliation,,13,openalex,True
15767118,2005,Unknown,no_affiliation,,11,openalex,True
15766066,2005,United States,openalex_ror,United States,4,openalex,True
15751244,2005,Turkey,affil_country_name,Turkey,36,openalex,True
15751232,2005,Italy,affil_country_name,Italy,15,openalex,True
15750700,2005,Spain,imputed_affil_country_over_openalex,Finland,5,openalex,True
15747767,2004,United States,openalex_ror,United States,41,openalex,True
15747757,2004,United States,openalex_ror,United States,34,openalex,True
15745788,2005,Unknown,no_affiliation,,0,openalex,True
15734014,2005,United States,openalex_ror,United States,8,openalex,True
15733433,2004,China,openalex_ror,China,0,openalex,True
15725895,2005,United States,openalex_ror,United States,16,openalex,True
15725885,2005,Canada,openalex_ror,Canada,11,openalex,True
15725879,2005,Japan,openalex_ror,Japan,12,openalex,True
15724694,2005,Unknown,no_affiliation,,25,openalex,True
15724693,2005,Unknown,no_affiliation,,8,openalex,True
15724692,2005,Unknown,no_affiliation,,4,openalex,True
15724690,2005,Unknown,affil_unresolved,,144,openalex,True
15724687,2005,United States,openalex_ror,United States,5,openalex,True
15724686,2005,South Korea,affil_country_name,South Korea,37,openalex,True
15724685,2005,Germany,affil_country_name,Germany,57,openalex,True
15724684,2005,Japan,openalex_ror,Japan,22,openalex,True
15724681,2005,United States,affil_country_name,United States,26,openalex,True
15724353,2004,Unknown,no_affiliation,,0,openalex,True
15722308,2005,United States,openalex_ror,United States,17,openalex,True
15721716,2005,United States,openalex_ror,United States,98,openalex,True
15721714,2005,Japan,openalex_ror,Japan,28,openalex,True
15721713,2005,Singapore,openalex_ror,Singapore,5,openalex,True
15721712,2005,Spain,openalex_ror,Spain,41,openalex,True
15721711,2005,Germany,openalex_ror,Germany,20,openalex,True
15721710,2005,United Kingdom,openalex_ror,United Kingdom,119,openalex,True
15721708,2005,United States,affil_country_name,United States,1330,openalex,True
15721705,2005,United States,openalex_ror,United States,171,openalex,True
15721704,2005,United States,openalex_ror,United States,257,openalex,True
15721703,2005,Spain,openalex_ror,Spain,32,openalex,True
15721702,2005,South Africa,openalex_ror,South Africa,55,openalex,True
15721701,2005,United States,openalex_ror,United States,213,openalex,True
15721700,2005,Australia,affil_country_name,Australia,12,openalex,True
15721699,2005,Italy,openalex_ror,Italy,44,openalex,True
15721698,2005,United States,openalex_ror,United States,59,openalex,True
15721697,2005,United States,openalex_ror,United States,56,openalex,True
15721696,2005,United States,openalex_ror,United States,91,openalex,True
15721695,2005,Italy,openalex_ror,Italy,26,openalex,True
15721694,2005,Italy,openalex_ror,Italy,25,openalex,True
15721693,2005,Denmark,openalex_ror,Denmark,72,openalex,True
15721682,2005,Unknown,no_affiliation,,0,openalex,True
15721675,2005,Unknown,no_affiliation,,4,openalex,True
15721669,2005,Unknown,no_affiliation,,66,openalex,True
15715555,2005,Taiwan,openalex_ror,Taiwan,20,openalex,True
15711463,2005,Brazil,openalex_ror,Brazil,32,openalex,True
15710831,2005,Unknown,affil_unresolved,,6,openalex,True
15710812,2005,Israel,affil_country_name,Israel,13,openalex,True
15706063,2005,Switzerland,openalex_ror,Switzerland,3,openalex,True
15693328,2004,India,openalex_ror,India,12,openalex,True
15692889,2005,Spain,affil_country_name,Spain,2,openalex,True
15692768,2005,Japan,openalex_ror,Japan,2,openalex,True
15691579,2005,Unknown,no_affiliation,,3,openalex,True
15691552,2005,Italy,openalex_ror,Italy,178,openalex,True
15691551,2005,United States,openalex_ror,United States,37,openalex,True
15691550,2005,United Kingdom,openalex_ror,United Kingdom,133,openalex,True
15691549,2005,United States,openalex_ror,United States,110,openalex,True
15678679,2004,Unknown,no_affiliation,,0,openalex,True
15665667,2005,Unknown,affil_unresolved,,27,openalex,True
15665345,2005,Japan,openalex_ror,Japan,43,openalex,True
15657113,2005,Brazil,openalex_ror,Brazil,0,openalex,True
15656360,2004,China,openalex_ror,China,2,openalex,True
15656359,2004,China,openalex_ror,China,2,openalex,True
15656087,2004,Japan,openalex_ror,Japan,7,openalex,True
15652843,2005,United States,openalex_ror,United States,136,openalex,True
15652836,2005,Brazil,affil_country_name,Brazil,91,openalex,True
15652829,2005,Japan,openalex_ror,Japan,95,openalex,True
15652828,2005,South Korea,openalex_ror,South Korea,139,openalex,True
15646485,2004,Poland,openalex_ror,Poland,0,openalex,True
19488358,2005,Spain,openalex_ror,Spain,36,openalex,True
15634480,2004,China,openalex_ror,China,1,openalex,True
15629827,2005,United States,openalex_ror,United States,11,openalex,True
15629826,2005,United States,openalex_ror,United States,23,openalex,True
15629330,2004,Unknown,no_affiliation,,2,openalex,True
15629314,2004,India,openalex_ror,India,16,openalex,True
15629313,2004,Singapore,openalex_ror,Singapore,24,openalex,True
15629247,2005,Italy,openalex_ror,Italy,10,openalex,True
15627929,2004,Spain,affil_country_name,Spain,3,openalex,True
28221430,2005,Turkey,affil_country_name,Turkey,,,False
15618975,2005,Spain,affil_country_name,Spain,31,openalex,True
15617945,2004,Unknown,no_affiliation,,1,openalex,True
15617940,2004,France,openalex_ror,France,12,openalex,True
15617938,2004,United Kingdom,openalex_ror,United Kingdom,11,openalex,True
15617936,2004,India,openalex_ror,India,34,openalex,True
15617933,2004,Japan,openalex_ror,Japan,18,openalex,True
15617925,2004,Germany,openalex_ror,Germany,51,openalex,True
15617924,2004,United States,openalex_ror,United States,10,openalex,True
15617921,2004,Italy,openalex_ror,Italy,23,openalex,True
15617920,2004,Canada,openalex_ror,Canada,45,openalex,True
15617919,2004,United States,openalex_ror,United States,55,openalex,True
15617918,2004,United States,openalex_ror,United States,29,openalex,True
15617894,2004,Unknown,no_affiliation,,1,openalex,True
15616503,2004,Italy,openalex_ror,Italy,23,openalex,True
15614950,2004,Unknown,unresolved,,0,openalex,True
15614949,2004,Unknown,unresolved,,0,openalex,True
15606468,2004,Sweden,openalex_ror,Sweden,27,openalex,True
15604873,2005,United States,openalex_ror,United States,37,openalex,True
15602778,2004,Unknown,unresolved,,0,openalex,True
15592782,2004,Japan,openalex_ror,Japan,37,openalex,True
15586771,2004,Unknown,no_affiliation,,2,openalex,True
15586770,2004,Unknown,no_affiliation,,4,openalex,True
15586769,2004,Unknown,no_affiliation,,2,openalex,True
15586768,2004,Unknown,no_affiliation,,6,openalex,True
15586767,2004,Switzerland,affil_country_name,Switzerland,32,openalex,True
15586765,2004,Japan,openalex_ror,Japan,5,openalex,True
15586763,2004,Italy,affil_country_name,Italy,54,openalex,True
15586762,2004,United States,openalex_ror,United States,47,openalex,True
15586761,2004,Spain,affil_country_name,Spain,32,openalex,True
15586760,2004,United States,affil_country_name,United States,35,openalex,True
15582071,2004,Germany,openalex_ror,Germany,142,openalex,True
15578186,2005,United States,openalex_ror,United States,6,openalex,True
15570767,2003,United Kingdom,affil_city_hint,United Kingdom,21,openalex,True
15545813,2004,New Zealand,openalex_ror,New Zealand,9,openalex,True
15538584,2005,Germany,openalex_ror,Germany,31,openalex,True
15537916,2004,Unknown,no_affiliation,,1,openalex,True
15534132,2004,United States,openalex_ror,United States,3,openalex,True
15530945,2004,Germany,affil_country_name_over_openalex,Germany,148,openalex,True
15529687,2004,Unknown,no_affiliation,,0,openalex,True
15529541,2004,Unknown,no_affiliation,,0,openalex,True
15523987,2004,Brazil,openalex_ror,Brazil,33,openalex,True
15523986,2004,Italy,affil_country_name,Italy,5,openalex,True
15523985,2004,United States,openalex_ror,United States,25,openalex,True
15523984,2004,United States,openalex_ror,United States,45,openalex,True
15523983,2004,United States,openalex_ror,United States,33,openalex,True
15523982,2004,United States,openalex_ror,United States,2,openalex,True
15523981,2004,United States,openalex_ror,United States,29,openalex,True
15523980,2004,United States,openalex_ror,United States,1,openalex,True
15523979,2004,United States,affil_country_name,United States,36,openalex,True
15523976,2004,United Kingdom,openalex_ror,United Kingdom,19,openalex,True
15523975,2004,Italy,openalex_ror,Italy,34,openalex,True
15523960,2004,Italy,openalex_ror,Italy,29,openalex,True
15523958,2004,Italy,openalex_ror,Italy,47,openalex,True
15523956,2004,Italy,affil_country_name,Italy,10,openalex,True
15523955,2004,Italy,affil_country_name,Italy,17,openalex,True
15523954,2004,Spain,openalex_ror,Spain,34,openalex,True
15523953,2004,South Korea,openalex_ror,South Korea,102,openalex,True
15523952,2004,Italy,openalex_ror,Italy,56,openalex,True
15523951,2004,Israel,openalex_ror,Israel,15,openalex,True
15522386,2004,Unknown,no_affiliation,,1,openalex,True
15521281,2004,Germany,affil_country_name_over_openalex,Germany,3,openalex,True
15521279,2004,United Kingdom,affil_country_name,United Kingdom,9,openalex,True
15521278,2004,Russia,openalex_ror,Russia,14,openalex,True
15521277,2004,India,affil_country_name,India,3,openalex,True
15521276,2004,Brazil,openalex_ror,Brazil,54,openalex,True
15521275,2004,Iran,affil_country_name,Iran,109,openalex,True
15521274,2004,France,openalex_ror,France,66,openalex,True
15521273,2004,Mexico,affil_country_name,Mexico,42,openalex,True
15521272,2004,Italy,openalex_ror,Italy,12,openalex,True
15521271,2004,Italy,openalex_ror,Italy,7,openalex,True
15521270,2004,Italy,affil_country_name,Italy,62,openalex,True
15521269,2004,Canada,openalex_ror,Canada,7,openalex,True
15521268,2004,Mexico,affil_country_name,Mexico,14,openalex,True
15521267,2004,Canada,affil_country_name,Canada,29,openalex,True
15521266,2004,Unknown,affil_unresolved,,1,openalex,True
15521265,2004,Thailand,openalex_ror,Thailand,2,openalex,True
15521264,2004,Thailand,openalex_ror,Thailand,7,openalex,True
15521263,2004,United Kingdom,openalex_ror,United Kingdom,7,openalex,True
15521262,2004,India,affil_country_name,India,2,openalex,True
15521261,2004,United Kingdom,affil_country_name,United Kingdom,8,openalex,True
15521260,2004,Germany,affil_country_name,Germany,25,openalex,True
15519104,2004,United States,openalex_ror,United States,6,openalex,True
15519098,2004,Germany,openalex_ror,Germany,9,openalex,True
15519093,2004,United States,openalex_ror,United States,4,openalex,True
15519086,2004,Singapore,openalex_ror,Singapore,1,openalex,True
15519085,2004,United States,affil_country_name,United States,20,openalex,True
15519083,2004,United States,openalex_ror,United States,28,openalex,True
15519081,2004,Austria,openalex_ror,Austria,36,openalex,True
15519080,2004,Japan,openalex_ror,Japan,34,openalex,True
15519079,2004,Spain,openalex_ror,Spain,54,openalex,True
15519078,2004,United States,affil_country_name,United States,23,openalex,True
15519068,2004,Unknown,unresolved,,0,openalex,True
15519067,2004,Unknown,no_affiliation,,4,openalex,True
15519066,2004,Unknown,no_affiliation,,7,openalex,True
15519055,2004,Unknown,no_affiliation,,9,openalex,True
15510721,2004,Belgium,openalex_ror,Belgium,4,openalex,True
15510652,2002,China,openalex_ror,China,0,openalex,True
15508600,2004,United States,openalex_ror,United States,29,openalex,True
15506491,2004,Japan,openalex_ror,Japan,2,openalex,True
15505047,2004,United States,openalex_ror,United States,194,openalex,True
15505046,2004,Japan,openalex_ror,Japan,238,openalex,True
15503051,2005,Germany,openalex_ror,Germany,4,openalex,True
15502488,2004,United States,openalex_ror,United States,11,openalex,True
15500761,2004,China,affil_country_name,China,,,False
15500759,2004,China,openalex_ror,China,2,openalex,True
15499272,2004,France,affil_city_hint,France,8,openalex,True
15499271,2004,France,openalex_ror,France,10,openalex,True
15499236,2004,United States,openalex_ror,United States,21,openalex,True
15499234,2004,United Kingdom,openalex_ror,United Kingdom,22,openalex,True
15499233,2004,United States,openalex_ror,United States,4,openalex,True
15499230,2004,United States,affil_country_name,United States,0,openalex,True
15492623,2004,United States,openalex_ror,United States,13,openalex,True
15488801,2004,United States,openalex_ror,United States,54,openalex,True
15488790,2004,Japan,openalex_ror,Japan,40,openalex,True
15484712,2004,Hungary,openalex_ror,Hungary,5,openalex,True
15480701,2005,Germany,openalex_ror,Germany,3,openalex,True
15474844,2004,India,openalex_ror,India,6,openalex,True
15474836,2004,United Kingdom,openalex_ror,United Kingdom,11,openalex,True
15474835,2004,South Korea,openalex_ror,South Korea,5,openalex,True
15474828,2004,Australia,openalex_ror,Australia,23,openalex,True
15474827,2004,United States,openalex_ror,United States,28,openalex,True
15474826,2004,United States,openalex_ror,United States,60,openalex,True
15474825,2004,United States,openalex_ror,United States,30,openalex,True
15474798,2004,Unknown,no_affiliation,,7,openalex,True
15474788,2004,Unknown,no_affiliation,,5,openalex,True
15467928,2004,Germany,openalex_ror,Germany,6,openalex,True
15467927,2004,Germany,openalex_ror,Germany,6,openalex,True
15465542,2004,United States,openalex_ror,United States,191,openalex,True
15465541,2004,United Kingdom,openalex_ror,United Kingdom,145,openalex,True
15465538,2004,Unknown,no_affiliation,,0,openalex,True
15452092,2004,China,openalex_ror,China,18,openalex,True
15452058,2004,Spain,openalex_ror,Spain,77,openalex,True
15452055,2004,Denmark,openalex_ror,Denmark,46,openalex,True
15452038,2004,China,openalex_ror,China,37,openalex,True
15448508,2004,United States,affil_country_name,United States,55,openalex,True
15448493,2004,United States,openalex_ror,United States,63,openalex,True
15448492,2004,Spain,openalex_ror,Spain,4,openalex,True
15448484,2004,Japan,openalex_ror,Japan,5,openalex,True
15448483,2004,Japan,openalex_ror,Japan,69,openalex,True
15448482,2004,Japan,openalex_ror,Japan,38,openalex,True
15377553,2004,Spain,openalex_ror,Spain,16,openalex,True
15364713,2004,United States,openalex_ror,United States,74,openalex,True
15364251,2004,United States,openalex_ror,United States,10,openalex,True
15363107,2004,Iran,openalex_ror,Iran,71,openalex,True
15342074,2004,Unknown,no_affiliation,,11,openalex,True
15342069,2004,Germany,openalex_ror,Germany,21,openalex,True
15342067,2004,Japan,openalex_ror,Japan,15,openalex,True
15342057,2004,Italy,affil_country_name,Italy,45,openalex,True
15342056,2004,United Kingdom,affil_country_name,United Kingdom,33,openalex,True
15342054,2004,Czechia,openalex_ror,Czechia,23,openalex,True
15342053,2004,United States,openalex_ror,United States,29,openalex,True
15342051,2004,Israel,openalex_ror,Israel,12,openalex,True
15342048,2004,United States,openalex_ror,United States,121,openalex,True
15342047,2004,United States,openalex_ror,United States,19,openalex,True
15342046,2004,Germany,openalex_ror,Germany,57,openalex,True
15342038,2004,Unknown,unresolved,,0,openalex,True
15342033,2004,Unknown,no_affiliation,,2,openalex,True
15342032,2004,Unknown,no_affiliation,,1,openalex,True
15342031,2004,Unknown,no_affiliation,,0,openalex,True
15342029,2004,Unknown,no_affiliation,,0,openalex,True
15342025,2004,Unknown,no_affiliation,,4,openalex,True
15334012,2004,Turkey,affil_country_name,Turkey,14,openalex,True
15332107,2005,United Kingdom,affil_country_name,United Kingdom,101,openalex,True
15326110,2004,South Korea,openalex_ror,South Korea,101,openalex,True
15317728,2004,United States,openalex_ror,United States,0,openalex,True
15316794,2004,Germany,openalex_ror,Germany,12,openalex,True
15313310,2004,United Kingdom,affil_country_name,United Kingdom,30,openalex,True
15313309,2004,Spain,openalex_ror,Spain,13,openalex,True
15313307,2004,Unknown,affil_unresolved,,36,openalex,True
15313295,2004,Saudi Arabia,affil_country_name_over_openalex,Saudi Arabia,33,openalex,True
15313294,2004,Israel,openalex_ror,Israel,50,openalex,True
15313292,2004,Switzerland,openalex_ror,Switzerland,32,openalex,True
15313291,2004,Israel,affil_country_name,Israel,65,openalex,True
15313290,2004,United States,openalex_ror,United States,27,openalex,True
15313287,2004,United States,openalex_ror,United States,65,openalex,True
15313284,2004,Germany,openalex_ror,Germany,17,openalex,True
15313264,2004,Unknown,no_affiliation,,1,openalex,True
15309972,2004,Italy,openalex_ror,Italy,39,openalex,True
15309489,2004,Germany,openalex_ror,Germany,2,openalex,True
15307652,2004,Czechia,openalex_ror,Czechia,2,openalex,True
15307406,2004,Unknown,no_affiliation,,4,openalex,True
15307403,2004,Spain,openalex_ror,Spain,8,openalex,True
15307402,2004,Spain,openalex_ror,Spain,4,openalex,True
15307401,2004,Canada,openalex_ror,Canada,21,openalex,True
15307400,2004,Switzerland,openalex_ror,Switzerland,34,openalex,True
15307399,2004,United States,affil_country_name,United States,10,openalex,True
15307398,2004,United States,openalex_ror,United States,43,openalex,True
15307397,2004,Spain,openalex_ror,Spain,25,openalex,True
15307396,2004,United States,openalex_ror,United States,53,openalex,True
15307393,2004,United States,openalex_ror,United States,95,openalex,True
15307391,2004,China,openalex_ror,China,29,openalex,True
15306960,2004,Germany,openalex_ror,Germany,0,openalex,True
15301097,2004,China,openalex_ror,China,2,openalex,True
15301096,2004,China,openalex_ror,China,0,openalex,True
15291941,2004,Denmark,openalex_ror,Denmark,42,openalex,True
15290201,2005,Germany,openalex_ror,Germany,0,openalex,True
15289125,2004,Mexico,openalex_ror,Mexico,18,openalex,True
15289001,2004,Unknown,no_affiliation,,,,False
15288999,2004,Unknown,no_affiliation,,12,openalex,True
15288995,2004,Unknown,no_affiliation,,170,openalex,True
15282354,2004,United States,openalex_ror,United States,49,openalex,True
15281987,2004,United Kingdom,openalex_ror,United Kingdom,6,openalex,True
15279430,2004,Unknown,no_affiliation,,0,openalex,True
15279416,2004,Unknown,no_affiliation,,0,openalex,True
15273907,2004,Germany,openalex_ror,Germany,4,openalex,True
15273041,2004,Unknown,unresolved,,0,openalex,True
15268835,2004,China,openalex_ror,China,3,openalex,True
15268832,2004,China,openalex_ror,China,0,openalex,True
15264008,2004,Brazil,openalex_ror,Brazil,6,openalex,True
15260359,2004,Singapore,openalex_ror,Singapore,3,openalex,True
15260354,2004,United States,openalex_ror,United States,19,openalex,True
15260350,2004,United States,openalex_ror,United States,8,openalex,True
15260018,2004,Germany,openalex_ror,Germany,12,openalex,True
15259293,2004,United States,openalex_ror,United States,49,openalex,True
15257009,2004,Canada,openalex_ror,Canada,18,openalex,True
15257000,2004,Israel,openalex_ror,Israel,45,openalex,True
15256991,2004,Italy,openalex_ror,Italy,18,openalex,True
15255234,2004,South Korea,openalex_ror,South Korea,4,openalex,True
15253486,2004,Belgium,openalex_ror,Belgium,5,openalex,True
15252351,2004,United States,affil_country_name,United States,38,openalex,True
15249375,2004,United States,openalex_ror,United States,1,openalex,True
15249364,2004,United States,openalex_ror,United States,47,openalex,True
15234284,2004,United States,openalex_ror,United States,55,openalex,True
15234139,2004,United States,affil_country_name,United States,19,openalex,True
15234138,2004,United States,openalex_ror,United States,70,openalex,True
15234137,2004,United States,openalex_ror,United States,62,openalex,True
15232476,2004,Spain,openalex_ror,Spain,51,openalex,True
15232475,2004,United States,openalex_ror,United States,20,openalex,True
15232474,2004,United States,openalex_ror,United States,33,openalex,True
15232473,2004,United States,openalex_ror,United States,82,openalex,True
15232470,2004,United States,affil_country_name,United States,92,openalex,True
15232466,2004,United States,openalex_ror,United States,2,openalex,True
28221443,2004,Italy,openalex_ror,Italy,0,openalex,True
15220733,2004,United States,affil_country_name,United States,,,False
15220728,2004,United States,openalex_ror,United States,123,openalex,True
15220727,2004,United States,openalex_ror,United States,6,openalex,True
15218781,2004,Poland,openalex_ror,Poland,0,openalex,True
15218765,2004,Poland,openalex_ror,Poland,1,openalex,True
15217181,2004,Thailand,openalex_ror,Thailand,5,openalex,True
15216772,2004,Unknown,no_affiliation,,0,openalex,True
15210240,2004,Hong Kong,openalex_ror,Hong Kong,17,openalex,True
15210236,2004,Hong Kong,openalex_ror,Hong Kong,0,openalex,True
15210232,2004,Taiwan,openalex_ror,Taiwan,9,openalex,True
15210225,2004,Spain,affil_country_name,Spain,34,openalex,True
15210223,2004,Italy,affil_country_name,Italy,58,openalex,True
15210219,2004,United States,affil_country_name,United States,43,openalex,True
15210217,2004,Spain,openalex_ror,Spain,14,openalex,True
15210215,2004,South Korea,openalex_ror,South Korea,48,openalex,True
15210209,2004,Unknown,no_affiliation,,0,openalex,True
15207566,2004,United States,openalex_ror,United States,7,openalex,True
15207564,2004,United States,openalex_ror,United States,37,openalex,True
15207563,2004,United States,affil_country_name,United States,11,openalex,True
15207562,2004,United Kingdom,openalex_ror,United Kingdom,21,openalex,True
15207561,2004,United States,openalex_ror,United States,3,openalex,True
15207560,2004,United States,openalex_ror,United States,4,openalex,True
15207559,2004,United States,affil_country_name,United States,6,openalex,True
15207558,2004,United States,openalex_ror,United States,8,openalex,True
15207557,2004,Brazil,affil_country_name_over_openalex,Brazil,72,openalex,True
15207556,2004,Italy,openalex_ror,Italy,8,openalex,True
15206653,2004,United States,openalex_ror,United States,5,openalex,True
15205908,2005,Germany,openalex_ror,Germany|Switzerland,5,openalex,True
15201513,2004,South Korea,openalex_ror,South Korea,34,openalex,True
15197071,2004,United States,openalex_ror,United States,31,openalex,True
15191172,2004,Spain,openalex_ror,Spain,75,openalex,True
15190760,2004,Sweden,openalex_ror,Sweden,0,openalex,True
15188912,2004,Unknown,no_affiliation,,3,openalex,True
15188908,2004,Hungary,openalex_ror,Hungary,21,openalex,True
15188907,2004,Greece,openalex_ror,Greece,9,openalex,True
15188906,2004,Japan,openalex_ror,Japan,42,openalex,True
15188905,2004,United States,openalex_ror,United States,15,openalex,True
15188903,2004,Turkey,openalex_ror,Turkey,3,openalex,True
15188900,2004,Germany,openalex_ror,Germany,23,openalex,True
15188899,2004,Spain,openalex_ror,Spain,66,openalex,True
15188898,2004,Turkey,affil_country_name,Turkey,30,openalex,True
15188897,2004,Iran,openalex_ror,Iran,43,openalex,True
15188896,2004,Spain,openalex_ror,Spain,131,openalex,True
15181908,2004,Germany,affil_city_hint,Germany,4,openalex,True
15181361,2004,United States,openalex_ror,United States,24,openalex,True
15177988,2004,Unknown,no_affiliation,,1,openalex,True
15177986,2004,Unknown,no_affiliation,,0,openalex,True
15177984,2004,Unknown,no_affiliation,,0,openalex,True
15177958,2004,Finland,openalex_ror,Finland,8,openalex,True
15177623,2004,Argentina,affil_country_name,Argentina,21,openalex,True
15177619,2004,Spain,openalex_ror,Spain,34,openalex,True
15177611,2004,Canada,openalex_ror,Canada,4,openalex,True
15177608,2004,Spain,affil_country_name,Spain,26,openalex,True
15177605,2004,United States,openalex_ror,United States,35,openalex,True
15177598,2004,Japan,openalex_ror,Japan,22,openalex,True
15177594,2004,Canada,openalex_ror,Canada,53,openalex,True
15177572,2004,Unknown,no_affiliation,,3,openalex,True
15162277,2004,Switzerland,affil_country_name,Switzerland,66,openalex,True
15161844,2004,Canada,openalex_ror,Canada,108,openalex,True
15138797,2004,Germany,openalex_ror,Germany,39,openalex,True
15136315,2004,United States,openalex_ror,United States,30,openalex,True
15134105,2004,Turkey,openalex_ror,Turkey,3,openalex,True
15132240,2004,United States,openalex_ror,United States,17,openalex,True
15130658,2004,Canada,affil_country_name,Canada,3,openalex,True
15130654,2004,Italy,openalex_ror,Italy,4,openalex,True
15130651,2004,Germany,openalex_ror,Germany,6,openalex,True
15130645,2004,Japan,openalex_ror,Japan,64,openalex,True
15130644,2004,South Korea,openalex_ror,South Korea,27,openalex,True
15130641,2004,United States,openalex_ror,United States,9,openalex,True
15130640,2004,United Kingdom,openalex_ror,United Kingdom,36,openalex,True
15130638,2004,Turkey,openalex_ror,Turkey,18,openalex,True
15130636,2004,United States,openalex_ror,United States,70,openalex,True
15130634,2004,United States,openalex_ror,United States,15,openalex,True
15130631,2004,United States,openalex_ror,United States,96,openalex,True
15130621,2004,Unknown,unresolved,,0,openalex,True
15130620,2004,Unknown,no_affiliation,,0,openalex,True
15130616,2004,Unknown,no_affiliation,,2,openalex,True
15130613,2004,Unknown,no_affiliation,,4,openalex,True
15127925,2004,Australia,openalex_ror,Australia,27,openalex,True
15127669,2004,Unknown,no_affiliation,,1,openalex,True
15126181,2004,Unknown,no_affiliation,,8,openalex,True
15126143,2004,Greece,openalex_ror,Greece,37,openalex,True
15121358,2004,Unknown,no_affiliation,,8,openalex,True
28226176,2004,United States,affil_country_name,United States,,,False
25178441,2004,South Korea,openalex_ror,South Korea,6,openalex,True
15118504,2004,Venezuela,affil_country_name,Venezuela,46,openalex,True
15117569,2004,Taiwan,openalex_ror,Taiwan,35,openalex,True
15117054,2004,Unknown,no_affiliation,,0,openalex,True
15115457,2004,Germany,openalex_ror,Germany,4,openalex,True
15115446,2004,Germany,openalex_ror,Germany,26,openalex,True
15111588,2004,France,affil_country_name,France,48,openalex,True
15111586,2004,United States,openalex_ror,United States,43,openalex,True
15111585,2004,Hungary,openalex_ror,Hungary,14,openalex,True
15110665,2004,United States,openalex_ror,United States,193,openalex,True
15106938,2004,United States,openalex_ror,United States,63,openalex,True
15106935,2004,Denmark,openalex_ror,Denmark,97,openalex,True
15102509,2004,United States,openalex_ror,United States,62,openalex,True
15098506,2004,Hungary,openalex_ror,Hungary,3,openalex,True
15097142,2004,United States,openalex_ror,United States,20,openalex,True
15097139,2004,United States,openalex_ror,United States,44,openalex,True
15097128,2004,United States,openalex_ror,United States,85,openalex,True
15097126,2004,United States,openalex_ror,United States,0,openalex,True
15094736,2004,Brazil,openalex_ror,Brazil,8,openalex,True
15093666,2004,United States,affil_country_name,United States,11,openalex,True
15093657,2004,Unknown,no_affiliation,,355,openalex,True
15093656,2004,United States,openalex_ror,United States,21,openalex,True
15093642,2004,United States,affil_country_name,United States,409,openalex,True
15093641,2004,United States,openalex_ror,United States,54,openalex,True
15093640,2004,United States,openalex_ror,United States,77,openalex,True
15093638,2004,Switzerland,openalex_ror,Switzerland,210,openalex,True
15093634,2004,Greece,affil_country_name_over_openalex,Greece,172,openalex,True
15087733,2004,United States,openalex_ror,United States,2,openalex,True
15084867,2004,Japan,openalex_ror,Japan,11,openalex,True
15084866,2004,United States,openalex_ror,United States,10,openalex,True
15084856,2004,Colombia,openalex_ror,Colombia,36,openalex,True
15084854,2004,United States,openalex_ror,United States,32,openalex,True
15080080,2004,United States,affil_country_name,United States,15,openalex,True
15072376,2004,Spain,openalex_ror,Spain,5,openalex,True
15072319,2004,Unknown,no_affiliation,,3,openalex,True
15072318,2004,United States,openalex_ror,United States,31,openalex,True
15072317,2004,United States,openalex_ror,United States,11,openalex,True
15072314,2004,United States,openalex_ror,United States,13,openalex,True
15072313,2004,Canada,openalex_ror,Canada,12,openalex,True
15072311,2004,United States,openalex_ror,United States,8,openalex,True
15072310,2004,Turkey,openalex_ror,Turkey,15,openalex,True
15072309,2004,Japan,openalex_ror,Japan,16,openalex,True
15072308,2004,Finland,affil_country_name,Finland,51,openalex,True
15072307,2004,Spain,openalex_ror,Spain,16,openalex,True
15069429,2004,United Kingdom,openalex_ror,United Kingdom,32,openalex,True
15068430,2004,Australia,openalex_ror,Australia,5,openalex,True
15068425,2004,New Zealand,openalex_ror,New Zealand,7,openalex,True
15059741,2004,Unknown,no_affiliation,,2,openalex,True
15059725,2004,Australia,affil_country_name,Australia,12,openalex,True
15059709,2004,United States,openalex_ror,United States,9,openalex,True
15052780,2004,China,openalex_ror,China,0,openalex,True
15051211,2004,Hong Kong,openalex_ror,China|Hong Kong,23,openalex,True
15051209,2004,Japan,openalex_ror,Japan,66,openalex,True
15051207,2004,United States,openalex_ror,United States,42,openalex,True
15050273,2004,United States,openalex_ror,United States,13,openalex,True
15050272,2004,United States,openalex_ror,United States,5,openalex,True
15050271,2004,United States,openalex_ror,United States,9,openalex,True
15050267,2004,Australia,openalex_ror,Australia,136,openalex,True
15050263,2004,South Korea,openalex_ror,South Korea,53,openalex,True
15050260,2004,United States,affil_country_name,United States,132,openalex,True
15050259,2004,Austria,openalex_ror,Austria,9,openalex,True
15050258,2004,United States,openalex_ror,United States,22,openalex,True
15050245,2004,Austria,openalex_ror,Austria,18,openalex,True
15050233,2004,Unknown,no_affiliation,,7,openalex,True
15049271,2003,Poland,openalex_ror,Poland,1,openalex,True
15049257,2003,Poland,openalex_ror,Poland,0,openalex,True
15045657,2004,Spain,affil_country_name,Spain,4,openalex,True
15043531,2004,Sweden,openalex_ror,Sweden,26,openalex,True
15040777,2004,Unknown,no_affiliation,,7,openalex,True
15040617,2004,Brazil,openalex_ror,Brazil,10,openalex,True
15038942,2004,United States,openalex_ror,United States,60,openalex,True
15035304,2004,Unknown,no_affiliation,,0,openalex,True
15031156,2004,Japan,openalex_ror,Japan,127,openalex,True
15030856,2004,United Kingdom,openalex_ror,United Kingdom,2,openalex,True
15030851,2004,Spain,openalex_ror,Spain,6,openalex,True
15030848,2004,United States,openalex_ror,United States,26,openalex,True
15030847,2004,Germany,openalex_ror,Germany,29,openalex,True
15030843,2004,Germany,openalex_ror,Germany,30,openalex,True
15030832,2004,Italy,openalex_ror,Italy,29,openalex,True
15030830,2004,India,openalex_ror,India,55,openalex,True
15030829,2004,Japan,openalex_ror,Japan,18,openalex,True
15030826,2004,United States,affil_country_name,United States,9,openalex,True
15030825,2004,United States,openalex_ror,United States,39,openalex,True
15030822,2004,Finland,openalex_ror,Finland,22,openalex,True
15030821,2004,South Korea,openalex_ror,South Korea,19,openalex,True
15030819,2004,United States,openalex_ror,United States,24,openalex,True
15030806,2004,Unknown,no_affiliation,,4,openalex,True
15030801,2004,Unknown,no_affiliation,,10,openalex,True
15021222,2004,United States,openalex_ror,United States,20,openalex,True
15021216,2004,United States,openalex_ror,United States,162,openalex,True
15019320,2004,South Korea,openalex_ror,South Korea,99,openalex,True
15019319,2004,Italy,openalex_ror,Italy,22,openalex,True
15019318,2004,Israel,openalex_ror,Israel,51,openalex,True
15019317,2004,United States,openalex_ror,United States,247,openalex,True
15018630,2004,Greece,openalex_ror,Greece,64,openalex,True
15017779,2004,Unknown,no_affiliation,,1,openalex,True
15017772,2004,Unknown,no_affiliation,,1,openalex,True
15017768,2004,Unknown,no_affiliation,,0,openalex,True
15011307,2004,Czechia,openalex_ror,Czechia,1,openalex,True
15006861,2004,Unknown,no_affiliation,,13,openalex,True
15004712,2004,Germany,openalex_ror,Germany,4,openalex,True
15004497,2004,China,openalex_ror,China,26,openalex,True
14991311,2004,Germany,openalex_ror,Germany,5,openalex,True
14991310,2004,Germany,openalex_ror,Germany,10,openalex,True
14989954,2004,China,affil_country_name,China,1,openalex,True
14989953,2004,China,openalex_ror,China,15,openalex,True
14989952,2004,China,openalex_ror,China,1,openalex,True
14989950,2004,Unknown,no_affiliation,,0,openalex,True
14986333,2004,United Kingdom,openalex_ror,United Kingdom,38,openalex,True
14985300,2004,Italy,openalex_ror,Italy,4,openalex,True
14971584,2003,United States,openalex_ror,United States,110,openalex,True
14971582,2003,United States,openalex_ror,United States,10,openalex,True
14967303,2004,Iran,openalex_ror,Iran,17,openalex,True
14967302,2004,Spain,openalex_ror,Spain,34,openalex,True
14967301,2004,Netherlands,openalex_ror,Netherlands,10,openalex,True
14967300,2004,Germany,openalex_ror,Germany,3,openalex,True
14967299,2004,Finland,openalex_ror,Finland,25,openalex,True
14967288,2004,Germany,openalex_ror,Germany,9,openalex,True
14967278,2004,Germany,openalex_ror,Germany,27,openalex,True
14967276,2004,United States,openalex_ror,United States,15,openalex,True
14967275,2004,Belgium,openalex_ror,Belgium,62,openalex,True
14967271,2004,Czechia,openalex_ror,Czechia,91,openalex,True
14967265,2004,United States,affil_country_name,United States,254,openalex,True
14967264,2004,Switzerland,openalex_ror,Switzerland,64,openalex,True
14967254,2004,Unknown,unresolved,,0,openalex,True
14967248,2004,Unknown,no_affiliation,,16,openalex,True
14962421,2004,Germany,affil_country_name_over_openalex,Germany,28,openalex,True
14962412,2004,United States,openalex_ror,United States,14,openalex,True
14769607,2004,Unknown,no_affiliation,,7,openalex,True
14769590,2004,Brazil,openalex_ror,Brazil,94,openalex,True
14766085,2003,China,openalex_ror,China,3,openalex,True
14763483,2004,Unknown,no_affiliation,,10,openalex,True
14763482,2004,Unknown,no_affiliation,,15,openalex,True
14763481,2004,Unknown,no_affiliation,,3,openalex,True
14763479,2004,Unknown,no_affiliation,,2,openalex,True
14763478,2004,Unknown,no_affiliation,,3,openalex,True
14763477,2004,United States,openalex_ror,United States,11,openalex,True
14763476,2004,Switzerland,openalex_ror,Switzerland,12,openalex,True
14763474,2004,Japan,openalex_ror,Japan,18,openalex,True
14763473,2004,Australia,openalex_ror,Australia,64,openalex,True
14763471,2004,Canada,openalex_ror,Canada,7,openalex,True
14763470,2004,South Korea,openalex_ror,South Korea,10,openalex,True
14763469,2004,Turkey,affil_country_name,Turkey,24,openalex,True
14763468,2004,Spain,openalex_ror,Spain,82,openalex,True
14763467,2004,Israel,openalex_ror,Israel,34,openalex,True
14756385,2004,Italy,openalex_ror,Italy,10,openalex,True
14752506,2004,Japan,openalex_ror,Japan,5,openalex,True
14750767,2004,Brazil,affil_country_name,Brazil,6,openalex,True
14750766,2004,Venezuela,affil_country_name,Venezuela,9,openalex,True
14750763,2004,United States,openalex_ror,United States,14,openalex,True
14750232,2003,Belgium,openalex_ror,Belgium,10,openalex,True
14745676,2004,Germany,openalex_ror,Germany,1,openalex,True
14744881,2004,South Korea,openalex_ror,South Korea,27,openalex,True
14743015,2004,United States,openalex_ror,United States,28,openalex,True
14743011,2004,Germany,openalex_ror,Germany,67,openalex,True
14740544,2003,China,openalex_ror,China,0,openalex,True
14740386,2003,Czechia,openalex_ror,Czechia,0,openalex,True
14740385,2003,Slovakia,openalex_ror,Slovakia,1,openalex,True
14740384,2003,Czechia,openalex_ror,Czechia,0,openalex,True
14726852,2004,Unknown,unresolved,,0,openalex,True
14724729,2003,Taiwan,openalex_ror,Taiwan,5,openalex,True
14722473,2004,Poland,affil_country_name,Poland,44,openalex,True
14722471,2004,United States,openalex_ror,United States,5,openalex,True
14720115,2004,Spain,openalex_ror,Spain,11,openalex,True
14718288,2004,United States,openalex_ror,United States,59,openalex,True
14716880,2003,China,openalex_ror,China,0,openalex,True
14716408,2004,Norway,openalex_ror,Norway,0,openalex,True
14716393,2004,Norway,openalex_ror,Norway,1,openalex,True
14715072,2004,Japan,openalex_ror,Japan,9,openalex,True
14711709,2004,United States,openalex_ror,United States,57,openalex,True
14711708,2004,Denmark,openalex_ror,Denmark,47,openalex,True
14711707,2004,United States,openalex_ror,United States,27,openalex,True
14711706,2004,Canada,openalex_ror,Canada,179,openalex,True
14711705,2004,Unknown,no_affiliation,,27,openalex,True
14709313,2003,Greece,openalex_ror,Greece,18,openalex,True
14709312,2003,United States,openalex_ror,United States,3,openalex,True
14709307,2003,United States,affil_country_name,United States,251,openalex,True
14709297,2003,United States,openalex_ror,United States,14,openalex,True
14709296,2003,United States,openalex_ror,United States,17,openalex,True
14709291,2003,United States,openalex_ror,United States,45,openalex,True
14709290,2003,United States,openalex_ror,United States,25,openalex,True
14709280,2003,Unknown,no_affiliation,,0,openalex,True
14709278,2003,Unknown,no_affiliation,,1,openalex,True
14708166,2003,Unknown,no_affiliation,,4,openalex,True
14704822,2003,Germany,openalex_ror,Germany,16,openalex,True
14704549,2004,United States,openalex_ror,United States,2,openalex,True
14704517,2004,United States,openalex_ror,United States,4,openalex,True
14703706,2003,Japan,openalex_ror,Japan,41,openalex,True
14702893,2003,United States,openalex_ror,United States,0,openalex,True
14702735,2003,Romania,affil_city_hint,Romania,4,openalex,True
14700653,2004,Japan,openalex_ror,Japan,55,openalex,True
14700652,2004,United States,openalex_ror,United States,181,openalex,True
14700644,2004,United States,openalex_ror,United States,52,openalex,True
14693763,2004,Ireland,openalex_ror,Ireland,62,openalex,True
14693761,2004,United Kingdom,openalex_ror,United Kingdom,176,openalex,True
14689322,2003,Spain,affil_country_name,Spain,26,openalex,True
14672545,2003,United States,openalex_ror,United States,53,openalex,True
14670443,2003,United States,openalex_ror,United States,12,openalex,True
14670441,2003,United States,openalex_ror,United States,9,openalex,True
14670440,2003,Canada,openalex_ror,Canada,7,openalex,True
14670438,2003,Iran,openalex_ror,Iran,14,openalex,True
14670435,2003,Germany,openalex_ror,Germany,27,openalex,True
14670429,2003,Israel,openalex_ror,Israel,51,openalex,True
14670428,2003,Germany,openalex_ror,Germany,11,openalex,True
14670426,2003,Finland,openalex_ror,Finland,13,openalex,True
14670418,2003,Czechia,openalex_ror,Czechia,69,openalex,True
14670417,2003,United States,openalex_ror,United States,140,openalex,True
14670416,2003,Netherlands,openalex_ror,Netherlands,46,openalex,True
14670413,2003,Spain,affil_country_name,Spain,358,openalex,True
14670409,2003,Unknown,no_authors,,,,False
14662609,2003,Unknown,no_affiliation,,3,openalex,True
14644739,2003,Unknown,no_affiliation,,2,openalex,True
14644229,2003,Japan,openalex_ror,Japan,13,openalex,True
14650164,2003,China,openalex_ror,China,2,openalex,True
14644711,2003,United States,openalex_ror,United States,91,openalex,True
14640439,2003,Italy,affil_country_name,Italy,46,openalex,True
14640438,2003,United States,openalex_ror,United States,15,openalex,True
14640437,2003,Australia,affil_country_name,Australia,19,openalex,True
14640436,2003,United States,openalex_ror,United States,15,openalex,True
14640435,2003,United States,openalex_ror,United States,87,openalex,True
14640433,2003,United States,affil_country_name,United States,46,openalex,True
14640432,2003,Italy,affil_country_name,Italy,127,openalex,True
14640431,2003,Taiwan,openalex_ror,Taiwan,13,openalex,True
14640430,2003,United States,openalex_ror,United States,11,openalex,True
14640428,2003,Australia,openalex_ror,Australia,61,openalex,True
14640427,2003,United States,openalex_ror,United States,18,openalex,True
14640426,2003,United States,openalex_ror,United States,17,openalex,True
14631399,2003,United Kingdom,openalex_ror,United Kingdom,230,openalex,True
14622350,2003,United Kingdom,openalex_ror,United Kingdom,61,openalex,True
14620329,2003,United States,affil_country_name,United States,14,openalex,True
14620170,2003,Italy,affil_country_name,Italy,20,openalex,True
14618337,2003,Germany,openalex_ror,Germany,20,openalex,True
14609555,2003,Hungary,openalex_ror,Hungary,13,openalex,True
14606294,2003,Belgium,openalex_ror,Belgium,0,openalex,True
14604733,2003,United States,openalex_ror,United States,23,openalex,True
14604730,2003,United States,openalex_ror,United States,32,openalex,True
14604729,2003,Japan,openalex_ror,Japan,24,openalex,True
14604728,2003,United States,openalex_ror,United States,49,openalex,True
14604726,2003,Germany,openalex_ror,Germany,19,openalex,True
14604725,2003,United States,openalex_ror,United States,132,openalex,True
14604724,2003,Japan,openalex_ror,Japan,15,openalex,True
14604718,2003,United States,affil_country_name,United States,19,openalex,True
14604715,2003,Israel,affil_country_name,Israel,12,openalex,True
14604712,2003,United States,openalex_ror,United States,53,openalex,True
14604707,2003,Spain,openalex_ror,Spain,15,openalex,True
14604700,2003,Unknown,no_affiliation,,0,openalex,True
14604695,2003,Unknown,no_affiliation,,,,False
14604694,2003,Unknown,no_affiliation,,95,openalex,True
14601856,2003,India,openalex_ror,India,5,openalex,True
14598488,2003,Unknown,no_affiliation,,0,openalex,True
14597540,2003,Unknown,no_affiliation,,1,openalex,True
14597521,2003,United States,openalex_ror,United States,35,openalex,True
14585417,2003,United States,openalex_ror,United States,4,openalex,True
14576530,2003,United States,openalex_ror,United States,1,openalex,True
14574209,2003,United States,openalex_ror,United States,9,openalex,True
14569504,2003,Spain,openalex_ror,Spain,2,openalex,True
14564762,2003,United States,openalex_ror,United States,19,openalex,True
14563205,2003,Spain,openalex_ror,Spain,45,openalex,True
14560119,2003,United Kingdom,openalex_ror,United Kingdom,85,openalex,True
14555904,2003,United States,openalex_ror,United States,26,openalex,True
14555892,2003,United Kingdom,openalex_ror,United Kingdom,8,openalex,True
14552193,2003,Poland,openalex_ror,Poland,0,openalex,True
14552175,2003,Poland,openalex_ror,Poland,5,openalex,True
14533063,2003,Germany,openalex_ror,Germany,11,openalex,True
14522794,2003,Unknown,no_affiliation,,,,False
14522793,2003,Unknown,no_affiliation,,0,openalex,True
14522791,2003,Unknown,no_affiliation,,2,openalex,True
14522767,2003,United States,openalex_ror,United States,43,openalex,True
14522766,2003,Japan,openalex_ror,Japan,25,openalex,True
14522308,2003,United Kingdom,openalex_ror,United Kingdom,21,openalex,True
14522294,2003,United States,openalex_ror,United States,32,openalex,True
14522291,2003,United States,openalex_ror,United States,4,openalex,True
14522290,2003,Germany,openalex_ror,Germany,24,openalex,True
14522289,2003,United Kingdom,openalex_ror,United Kingdom,22,openalex,True
14522288,2003,United States,openalex_ror,United States,66,openalex,True
14522287,2003,Unknown,no_affiliation,,70,openalex,True
14522285,2003,United States,affil_country_name,United States,39,openalex,True
14522277,2003,Unknown,no_authors,,,,False
14522274,2003,Unknown,no_affiliation,,13,openalex,True
14518756,2003,Unknown,no_affiliation,,2,openalex,True
14518755,2003,Unknown,no_affiliation,,12,openalex,True
14518751,2003,Switzerland,openalex_ror,Switzerland,7,openalex,True
14518750,2003,Spain,openalex_ror,Spain,97,openalex,True
14518749,2003,United States,openalex_ror,United States,9,openalex,True
14518746,2003,United States,affil_country_name,United States,1,openalex,True
14518745,2003,Japan,openalex_ror,Japan,6,openalex,True
14518744,2003,United States,openalex_ror,United States,21,openalex,True
14518743,2003,Italy,affil_country_name,Italy,37,openalex,True
14518742,2003,Spain,openalex_ror,Spain,95,openalex,True
14518741,2003,United States,openalex_ror,United States,32,openalex,True
14518740,2003,Spain,openalex_ror,Spain,87,openalex,True
14518739,2003,United States,openalex_ror,United States,38,openalex,True
14510804,2003,Finland,openalex_ror,Finland,2,openalex,True
14509458,2003,Israel,openalex_ror,Israel,28,openalex,True
14508959,2002,Unknown,affil_unresolved,,0,openalex,True
14508266,2003,United States,openalex_ror,United States,22,openalex,True
14508265,2003,Canada,openalex_ror,Canada,9,openalex,True
14507765,2003,Denmark,openalex_ror,Denmark,73,openalex,True
14507758,2003,Hungary,openalex_ror,Hungary,26,openalex,True
14502054,2003,United States,openalex_ror,United States,18,openalex,True
14499818,2003,India,openalex_ror,India,49,openalex,True
13678388,2003,Japan,openalex_ror,Japan,21,openalex,True
13130257,2003,France,openalex_ror,France,14,openalex,True
13129895,2003,Unknown,no_affiliation,,3,openalex,True
13129892,2003,Unknown,no_affiliation,,2,openalex,True
13129891,2003,Unknown,no_affiliation,,0,openalex,True
13129745,2003,China,openalex_ror,China,0,openalex,True
12974236,2003,Germany,openalex_ror,Germany,0,openalex,True
12974031,2003,Romania,affil_city_hint,Romania,0,openalex,True
12967861,2003,Japan,affil_country_name,Japan,,,False
12967803,2003,Spain,openalex_ror,Spain,26,openalex,True
12967794,2003,United States,openalex_ror,United States,171,openalex,True
12955624,2003,Spain,openalex_ror,Spain,3,openalex,True
12955440,2003,Germany,openalex_ror,Germany,8,openalex,True
12955439,2003,United Kingdom,openalex_ror,Germany|United Kingdom,12,openalex,True
12954321,2003,Japan,openalex_ror,Japan,5,openalex,True
12954316,2003,United States,openalex_ror,United States,7,openalex,True
12954302,2003,Japan,openalex_ror,Japan,17,openalex,True
12954301,2003,Canada,openalex_ror,Canada,4,openalex,True
12954299,2003,United States,openalex_ror,United States,23,openalex,True
12954297,2003,Japan,openalex_ror,Japan,77,openalex,True
12954296,2003,Canada,openalex_ror,Canada,36,openalex,True
12954295,2003,Greece,affil_country_name,Greece,136,openalex,True
12954278,2003,Unknown,no_affiliation,,4,openalex,True
12954277,2003,Unknown,no_affiliation,,12,openalex,True
12954270,2003,Unknown,no_affiliation,,3,openalex,True
12950894,2003,New Zealand,openalex_ror,New Zealand,7,openalex,True
12948309,2003,Hungary,openalex_ror,Hungary,10,openalex,True
12939293,2003,Switzerland,affil_country_name,Switzerland,215,openalex,True
12928271,2003,United States,openalex_ror,United States,20,openalex,True
12920556,2003,Germany,openalex_ror,Germany|United States,6,openalex,True
12917194,2003,Unknown,no_affiliation,,25,openalex,True
12917183,2003,France,openalex_ror,France,71,openalex,True
12917182,2003,United States,openalex_ror,United States,22,openalex,True
12917181,2003,United States,openalex_ror,United States,158,openalex,True
12907172,2003,Finland,openalex_ror,Finland,3,openalex,True
12903765,2001,China,affil_city_hint,China,7,openalex,True
12900256,2003,South Korea,openalex_ror,South Korea,23,openalex,True
12900255,2003,United States,openalex_ror,United States,72,openalex,True
12900253,2003,Unknown,no_affiliation,,114,openalex,True
12900252,2003,Germany,openalex_ror,Germany,79,openalex,True
12900248,2003,United Kingdom,openalex_ror,United Kingdom,31,openalex,True
12900243,2003,Argentina,openalex_ror,Argentina,59,openalex,True
12900240,2003,United States,affil_country_name,United States,17,openalex,True
12900234,2003,United States,openalex_ror,United States,23,openalex,True
12900231,2003,Turkey,openalex_ror,Turkey,25,openalex,True
12900230,2003,Germany,openalex_ror,Germany,16,openalex,True
12899483,2003,Unknown,no_affiliation,,5,openalex,True
12899481,2003,Unknown,no_affiliation,,43,openalex,True
12899480,2003,Unknown,no_affiliation,,12,openalex,True
12899479,2003,Spain,affil_country_name,Spain,11,openalex,True
12899478,2003,United States,openalex_ror,United States,25,openalex,True
12899477,2003,Italy,affil_country_name,Italy,68,openalex,True
12899476,2003,Greece,openalex_ror,Greece,28,openalex,True
12899475,2003,Italy,openalex_ror,Italy,11,openalex,True
12899474,2003,Turkey,openalex_ror,Turkey,11,openalex,True
12899473,2003,Greece,openalex_ror,Greece,22,openalex,True
12899472,2003,Iran,openalex_ror,Iran,75,openalex,True
12899471,2003,United States,openalex_ror,United States,20,openalex,True
12899470,2003,Germany,openalex_ror,Germany,9,openalex,True
12899469,2003,United States,openalex_ror,United States,77,openalex,True
12898724,2003,Czechia,openalex_ror,Czechia,0,openalex,True
12898723,2003,Czechia,openalex_ror,Czechia,0,openalex,True
12898722,2003,Czechia,openalex_ror,Czechia,0,openalex,True
12895360,2003,China,affil_country_name,China,0,openalex,True
12894741,2003,Japan,affil_country_name_over_openalex,Japan,0,openalex,True
12889468,2003,Unknown,no_affiliation,,0,openalex,True
12888719,2003,Greece,openalex_ror,Greece,135,openalex,True
12888718,2003,United States,openalex_ror,United States,11,openalex,True
12888717,2003,United States,openalex_ror,United States,23,openalex,True
12888715,2003,South Korea,openalex_ror,South Korea,32,openalex,True
12888082,2003,Unknown,no_affiliation,,2,openalex,True
12888059,2003,United States,openalex_ror,United States,16,openalex,True
12888057,2003,United States,openalex_ror,United States,139,openalex,True
12883912,2003,Italy,openalex_ror,Italy,6,openalex,True
12883345,2003,Spain,openalex_ror,Spain,73,openalex,True
12883340,2003,United States,openalex_ror,United States,32,openalex,True
12881658,2003,Spain,affil_country_name,Spain,2,openalex,True
12881657,2003,Colombia,openalex_ror,Colombia,0,openalex,True
12881656,2003,United States,openalex_ror,United States,5,openalex,True
12881655,2003,Unknown,no_affiliation,,5,openalex,True
12881654,2003,Spain,affil_country_name,Spain,6,openalex,True
12881653,2003,Unknown,no_affiliation,,13,openalex,True
12881648,2003,Germany,openalex_ror,Germany,20,openalex,True
12881646,2003,Australia,affil_country_name_over_openalex,Australia,14,openalex,True
12880571,2003,China,openalex_ror,China,0,openalex,True
12880570,2003,China,openalex_ror,China,1,openalex,True
12880569,2003,China,openalex_ror,China,5,openalex,True
12880568,2003,China,openalex_ror,China,0,openalex,True
12880567,2003,China,openalex_ror,China,6,openalex,True
12875468,2003,United States,openalex_ror,United States,25,openalex,True
12870347,2003,China,openalex_ror,China,6,openalex,True
12867396,2003,United States,openalex_ror,United States,8,openalex,True
12867395,2003,United States,openalex_ror,United States,10,openalex,True
12867394,2003,United States,openalex_ror,United States,179,openalex,True
12861116,2003,United States,openalex_ror,United States,33,openalex,True
12860831,2003,Unknown,no_affiliation,,5,openalex,True
12860796,2003,Greece,affil_country_name,Greece,30,openalex,True
12859259,2003,Finland,openalex_ror,Finland,1,openalex,True
12852490,2003,Finland,openalex_ror,Finland,109,openalex,True
12852083,2003,China,openalex_ror,China,8,openalex,True
12842699,2003,Israel,openalex_ror,Israel,5,openalex,True
12842697,2003,Spain,affil_country_name,Spain,13,openalex,True
12842694,2003,Brazil,affil_country_name,Brazil,40,openalex,True
12842691,2003,United States,openalex_ror,United States,53,openalex,True
12842689,2003,United States,openalex_ror,United States,43,openalex,True
12842686,2003,United States,openalex_ror,United States,16,openalex,True
12842685,2003,France,openalex_ror,France,28,openalex,True
12842683,2003,Germany,openalex_ror,Germany,89,openalex,True
12840935,2000,China,openalex_ror,China,0,openalex,True
12840934,2000,China,openalex_ror,China,2,openalex,True
12838459,2003,Spain,openalex_ror,Spain,0,openalex,True
12834673,2003,United States,openalex_ror,United States,35,openalex,True
12828623,2003,United Kingdom,openalex_ror,United Kingdom,17,openalex,True
12827042,2003,United States,openalex_ror,United States,29,openalex,True
12825400,2003,Slovakia,affil_city_hint,Slovakia,2,openalex,True
12822331,2003,Unknown,no_affiliation,,0,openalex,True
12820952,2003,China,openalex_ror,China,3,openalex,True
12819978,2003,France,openalex_ror,France,84,openalex,True
12819617,2003,France,affil_city_hint,France,2,openalex,True
12819602,2003,France,openalex_ror,France,1,openalex,True
12796266,2003,United States,openalex_ror,United States,3,openalex,True
12796265,2003,Unknown,no_affiliation,,22,openalex,True
12796246,2003,United States,openalex_ror,United States,52,openalex,True
12792487,2003,United States,openalex_ror,United States,8,openalex,True
12792486,2003,United States,openalex_ror,United States,43,openalex,True
12792482,2003,United States,openalex_ror,United States,26,openalex,True
12792475,2003,United States,openalex_ror,United States,93,openalex,True
12789625,2003,Brazil,openalex_ror,Brazil,0,openalex,True
12784724,2003,Japan,affil_country_name,Japan,5,openalex,True
12781299,2003,United States,openalex_ror,United States,16,openalex,True
12781296,2003,Turkey,openalex_ror,Turkey,12,openalex,True
12781295,2003,Germany,openalex_ror,Germany,45,openalex,True
12781293,2003,United States,openalex_ror,United States,16,openalex,True
12781292,2003,United States,affil_country_name,United States,29,openalex,True
12781285,2003,United States,openalex_ror,United States,67,openalex,True
12781275,2003,South Africa,openalex_ror,South Africa,4,openalex,True
12781274,2003,United States,openalex_ror,United States,3,openalex,True
12781273,2003,United States,openalex_ror,United States,39,openalex,True
12781271,2003,Italy,openalex_ror,Italy,46,openalex,True
12781270,2003,United States,openalex_ror,United States,47,openalex,True
12781268,2003,United States,openalex_ror,United States,3,openalex,True
12781260,2003,Unknown,no_authors,,,,False
12781252,2003,Unknown,no_affiliation,,2,openalex,True
12777039,2003,Unknown,no_affiliation,,0,openalex,True
12777038,2003,Unknown,no_affiliation,,8,openalex,True
12777037,2003,Unknown,no_affiliation,,33,openalex,True
12777036,2003,Germany,openalex_ror,Germany,22,openalex,True
12777034,2003,United States,openalex_ror,United States,12,openalex,True
12777033,2003,Unknown,affil_unresolved,,51,openalex,True
12777032,2003,Spain,openalex_ror,Spain,53,openalex,True
12777030,2003,Norway,openalex_ror,Norway,60,openalex,True
12777029,2003,United States,openalex_ror,United States,25,openalex,True
12777026,2003,United States,openalex_ror,United States,6,openalex,True
12777025,2003,Italy,affil_country_name,Italy,33,openalex,True
12772750,2003,United States,openalex_ror,United States,7,openalex,True
12770968,2003,India,openalex_ror,India,14,openalex,True
12770960,2003,Brazil,openalex_ror,Brazil,19,openalex,True
12769154,2003,United States,openalex_ror,United States,13,openalex,True
12768289,2003,Italy,openalex_ror,Italy,27,openalex,True
12766820,2003,Germany,openalex_ror,Germany,1,openalex,True
12766056,2003,Finland,openalex_ror,Finland,102,openalex,True
12760812,2003,China,openalex_ror,China,2,openalex,True
12759860,2003,Japan,openalex_ror,Japan,31,openalex,True
12759858,2003,Japan,openalex_ror,Japan,33,openalex,True
12759857,2003,Japan,openalex_ror,Japan,6,openalex,True
12759856,2003,Japan,openalex_ror,Japan,45,openalex,True
12759855,2003,Japan,openalex_ror,Japan,6,openalex,True
12759854,2003,United States,openalex_ror,United States,212,openalex,True
12756580,2003,Germany,openalex_ror,Germany,78,openalex,True
12756579,2003,Japan,openalex_ror,Japan,36,openalex,True
12755064,2003,Japan,openalex_ror,Japan,5,openalex,True
12752058,2003,Turkey,openalex_ror,Turkey,25,openalex,True
12751585,2003,United Kingdom,openalex_ror,United Kingdom,25,openalex,True
12750107,2003,United States,openalex_ror,United States,189,openalex,True
12750073,2003,United States,openalex_ror,United States,6,openalex,True
12749293,2003,Turkey,openalex_ror,Turkey,13,openalex,True
12747646,2003,Germany,openalex_ror,Germany,18,openalex,True
12747534,2003,Czechia,openalex_ror,Czechia,5,openalex,True
12746609,2003,France,openalex_ror,France,5,openalex,True
12746207,2003,United Kingdom,openalex_ror,United Kingdom,8,openalex,True
12723204,2002,Unknown,affil_unresolved,,1,openalex,True
12722359,2003,Unknown,no_affiliation,,0,openalex,True
12719062,2003,United States,openalex_ror,United States,6,openalex,True
12714619,2003,United States,openalex_ror,United States,100,openalex,True
12714418,2003,India,affil_country_name,India,9,openalex,True
12714389,2003,India,openalex_ror,India,19,openalex,True
12711907,2003,United States,openalex_ror,United States,20,openalex,True
12711906,2003,United States,openalex_ror,United States,11,openalex,True
12711905,2003,United States,openalex_ror,United States,9,openalex,True
12708993,2003,Denmark,openalex_ror,Denmark,18,openalex,True
12701724,2003,Spain,openalex_ror,Spain,6,openalex,True
12701723,2003,India,openalex_ror,India,0,openalex,True
12701722,2003,India,openalex_ror,India,11,openalex,True
12701721,2003,United States,openalex_ror,United States,46,openalex,True
12701720,2003,Slovakia,openalex_ror,Slovakia,28,openalex,True
12701719,2003,United States,openalex_ror,United States,11,openalex,True
12701718,2003,Taiwan,openalex_ror,Taiwan,0,openalex,True
12701716,2003,Turkey,openalex_ror,Turkey,8,openalex,True
12701715,2003,United States,affil_country_name,United States,131,openalex,True
12701713,2003,Hungary,affil_country_name,Hungary,254,openalex,True
12700902,2003,Germany,openalex_ror,Germany,6,openalex,True
12699186,2003,Italy,affil_country_name,Italy,3,openalex,True
12699184,2003,Russia,openalex_ror,Russia,43,openalex,True
12699183,2003,Brazil,affil_country_name,Brazil,48,openalex,True
12699182,2003,India,affil_country_name,India,13,openalex,True
12699181,2003,Germany,affil_country_name,Germany,5,openalex,True
12699180,2003,Thailand,openalex_ror,Thailand,18,openalex,True
12699179,2003,United States,affil_country_name,United States,23,openalex,True
12699177,2003,Italy,openalex_ror,Italy,26,openalex,True
12699176,2003,Brazil,affil_country_name,Brazil,6,openalex,True
12699175,2003,Thailand,affil_country_name,Thailand,63,openalex,True
12699174,2003,Canada,openalex_ror,Canada,31,openalex,True
12699173,2003,Canada,openalex_ror,Canada,4,openalex,True
12699172,2003,Italy,openalex_ror,Italy,11,openalex,True
12699171,2003,Germany,affil_country_name,Germany,27,openalex,True
12699170,2003,Unknown,no_affiliation,,0,openalex,True
12698886,2003,Unknown,no_affiliation,,0,openalex,True
12698885,2003,Unknown,no_affiliation,,0,openalex,True
12698882,2003,Unknown,no_affiliation,,0,openalex,True
12696632,2003,Saudi Arabia,openalex_ror,Saudi Arabia,20,openalex,True
12695966,2003,Germany,openalex_ror,Germany,3,openalex,True
12695710,2003,United States,openalex_ror,United States,23,openalex,True
12695707,2003,United States,openalex_ror,United States,11,openalex,True
12695705,2003,United States,openalex_ror,United States,2,openalex,True
12695264,2003,Unknown,no_affiliation,,7,openalex,True
12689897,2003,United States,openalex_ror,United States,143,openalex,True
12689896,2003,United States,openalex_ror,United States,91,openalex,True
12680126,2003,Unknown,no_affiliation,,0,openalex,True
12686256,2003,Germany,openalex_ror,Germany,17,openalex,True
12686255,2003,United Kingdom,openalex_ror,United Kingdom,7,openalex,True
12686254,2003,Austria,openalex_ror,Austria,56,openalex,True
12686253,2003,United States,openalex_ror,United States,12,openalex,True
12686251,2003,Hungary,openalex_ror,Hungary,10,openalex,True
12686250,2003,India,openalex_ror,India,38,openalex,True
12686249,2003,United States,affil_country_name,United States,15,openalex,True
12686248,2003,South Korea,openalex_ror,South Korea,30,openalex,True
12686247,2003,Taiwan,affil_country_name,Taiwan,94,openalex,True
12686246,2003,Spain,openalex_ror,Spain,115,openalex,True
12686245,2003,Japan,affil_country_name,Japan,54,openalex,True
12686236,2003,Czechia,openalex_ror,Czechia,39,openalex,True
12686232,2003,Czechia,openalex_ror,Czechia,93,openalex,True
12686066,2003,Unknown,no_affiliation,,1,openalex,True
12683856,2003,United States,openalex_ror,United States,39,openalex,True
12683256,2003,United States,openalex_ror,United States,26,openalex,True
12683255,2003,United States,openalex_ror,United States,9,openalex,True
12678155,2003,Thailand,openalex_ror,Thailand,15,openalex,True
12664494,2002,Poland,openalex_ror,Poland,0,openalex,True
12664474,2002,Poland,openalex_ror,Poland,0,openalex,True
12664383,2003,Switzerland,openalex_ror,Switzerland,0,openalex,True
12664358,2003,Switzerland,affil_country_name,Switzerland,1,openalex,True
12663009,2003,United States,openalex_ror,United States,43,openalex,True
12663007,2003,Germany,affil_country_name,Germany,14,openalex,True
12663006,2003,South Korea,openalex_ror,South Korea,28,openalex,True
12663005,2003,United States,openalex_ror,United States,52,openalex,True
12663004,2003,Austria,openalex_ror,Austria,66,openalex,True
12662993,2003,Unknown,no_authors,,,,False
12659265,2003,Spain,openalex_ror,Spain,48,openalex,True
12658101,2003,Brazil,openalex_ror,Brazil,1,openalex,True
12658099,2003,United States,openalex_ror,United States,19,openalex,True
12658095,2003,India,openalex_ror,India,13,openalex,True
12658085,2003,Unknown,affil_unresolved,,31,openalex,True
12654383,2003,Venezuela,openalex_ror,Venezuela,3,openalex,True
12654223,2002,China,openalex_ror,China,0,openalex,True
12648664,2003,Unknown,no_affiliation,,4,openalex,True
12648655,2003,United States,openalex_ror,United States,44,openalex,True
12648654,2003,United States,openalex_ror,United States,16,openalex,True
12648653,2003,France,openalex_ror,France,113,openalex,True
12648637,2003,United States,openalex_ror,United States,36,openalex,True
12648635,2003,United States,openalex_ror,United States,26,openalex,True
12648634,2003,Switzerland,openalex_ror,Switzerland,127,openalex,True
12648633,2003,United States,openalex_ror,United States,46,openalex,True
12648043,2003,New Zealand,openalex_ror,New Zealand,45,openalex,True
12647334,2003,Japan,openalex_ror,Japan,5,openalex,True
12642305,2003,United Kingdom,openalex_ror,United Kingdom,23,openalex,True
12640412,2003,United Kingdom,openalex_ror,United Kingdom,48,openalex,True
12637718,2003,Unknown,no_affiliation,,5,openalex,True
12631015,2003,Sweden,openalex_ror,Sweden,148,openalex,True
12623815,2003,United States,openalex_ror,United States,17,openalex,True
12623813,2003,France,openalex_ror,France,110,openalex,True
12623812,2003,United States,openalex_ror,United States,135,openalex,True
12623811,2003,Brazil,affil_country_name,Brazil,61,openalex,True
12623804,2003,Unknown,no_affiliation,,21,openalex,True
12621816,2003,Hungary,openalex_ror,Hungary,1,openalex,True
12617700,2003,Greece,openalex_ror,Greece,103,openalex,True
12617699,2003,United States,openalex_ror,United States,74,openalex,True
12614741,2003,United States,openalex_ror,United States,159,openalex,True
12614073,2002,United States,openalex_ror,United States,3,openalex,True
12613982,2002,Australia,openalex_ror,Australia,15,openalex,True
12613974,2002,Finland,openalex_ror,Finland,17,openalex,True
12608043,2003,Unknown,no_affiliation,,0,openalex,True
12605270,2003,Germany,openalex_ror,Germany,13,openalex,True
12605062,2003,Unknown,no_affiliation,,2,openalex,True
12605050,2003,United States,openalex_ror,United States,21,openalex,True
12605044,2003,Turkey,affil_country_name,Turkey,50,openalex,True
12601030,2003,Finland,openalex_ror,Finland,100,openalex,True
12597323,2003,United States,affil_country_name,United States,5,openalex,True
12589777,2003,United States,openalex_ror,United States,424,openalex,True
12583251,2000,China,openalex_ror,China,0,openalex,True
12579926,2000,China,affil_country_name,China,0,openalex,True
12579789,2000,China,affil_country_name,China,1,openalex,True
12579778,2000,China,openalex_ror,China,5,openalex,True
12579777,2000,China,affil_country_name,China,0,openalex,True
12579715,1999,China,openalex_ror,China,0,openalex,True
12579671,1999,China,openalex_ror,China,2,openalex,True
12579643,2000,China,openalex_ror,China,4,openalex,True
12578767,2003,Brazil,openalex_ror,Brazil,151,openalex,True
12578766,2003,United States,openalex_ror,United States,701,openalex,True
12575226,2002,China,openalex_ror,China,1,openalex,True
12570010,2003,Spain,openalex_ror,Spain,6,openalex,True
12567753,2001,China,openalex_ror,China,0,openalex,True
12567106,2003,United States,openalex_ror,United States,40,openalex,True
12566887,2002,Israel,affil_country_name,Israel,3,openalex,True
12566876,2003,Germany,openalex_ror,Germany,3,openalex,True
12566028,2003,United States,openalex_ror,United States,47,openalex,True
12556376,2003,United Kingdom,openalex_ror,United Kingdom,64,openalex,True
12553611,2003,Unknown,no_affiliation,,0,openalex,True
12553610,2003,Spain,affil_country_name,Spain,13,openalex,True
12553609,2003,Spain,openalex_ror,Spain,54,openalex,True
12553608,2003,Italy,openalex_ror,Italy,33,openalex,True
12553607,2003,Switzerland,openalex_ror,Switzerland,27,openalex,True
12553606,2003,United States,openalex_ror,United States,32,openalex,True
12553605,2003,India,openalex_ror,India,18,openalex,True
12553604,2003,Israel,openalex_ror,Israel,49,openalex,True
12553603,2003,United Kingdom,openalex_ror,United Kingdom,5,openalex,True
12553602,2003,Japan,openalex_ror,Japan,10,openalex,True
12553601,2003,United States,openalex_ror,United States,175,openalex,True
12553600,2003,Spain,openalex_ror,Spain,72,openalex,True
12553599,2003,United States,affil_country_name,United States,201,openalex,True
12553541,2003,Spain,openalex_ror,Spain,102,openalex,True
12551696,2003,Unknown,no_affiliation,,14,openalex,True
12551694,2003,Unknown,no_affiliation,,17,openalex,True
12551693,2003,Austria,openalex_ror,Austria,3,openalex,True
12551689,2003,Australia,affil_country_name,Australia,16,openalex,True
12551688,2003,United States,openalex_ror,United States,19,openalex,True
12551686,2003,United States,openalex_ror,United States,10,openalex,True
12551683,2003,Japan,openalex_ror,Japan,38,openalex,True
12551680,2003,Greece,affil_country_name,Greece,16,openalex,True
12551678,2003,Hong Kong,openalex_ror,China|Hong Kong,5,openalex,True
12551669,2003,United States,openalex_ror,United States,52,openalex,True
12551660,2003,Unknown,unresolved,,0,openalex,True
12551659,2003,Unknown,unresolved,,0,openalex,True
12551658,2003,Unknown,unresolved,,0,openalex,True
12551657,2003,Unknown,unresolved,,0,openalex,True
12551656,2003,Unknown,unresolved,,0,openalex,True
12551655,2003,Unknown,unresolved,,0,openalex,True
12548468,2002,Germany,openalex_ror,Germany,13,openalex,True
12548467,2002,Germany,openalex_ror,Germany,0,openalex,True
12546441,2002,South Korea,openalex_ror,South Korea,9,openalex,True
12545703,2002,United States,openalex_ror,United States,97,openalex,True
12545688,2002,United States,openalex_ror,United States,64,openalex,True
12544810,2003,United States,openalex_ror,United States,117,openalex,True
12543757,2003,Australia,openalex_ror,Australia,371,openalex,True
12543743,2003,India,openalex_ror,India,8,openalex,True
12543191,2002,Japan,openalex_ror,Japan,35,openalex,True
12536539,2001,China,openalex_ror,China,0,openalex,True
12532740,2002,Unknown,no_affiliation,,5,openalex,True
12532491,2002,India,openalex_ror,India,102,openalex,True
12532489,2002,Unknown,no_affiliation,,2,openalex,True
12523890,2003,United States,openalex_ror,United States,62,openalex,True
12516722,2002,Canada,openalex_ror,Canada,22,openalex,True
12515935,2002,France,openalex_ror,France,6,openalex,True
12511358,2003,United States,openalex_ror,United States,45,openalex,True
12506066,2003,United States,openalex_ror,United States,48,openalex,True
12506058,2003,United States,openalex_ror,United States,42,openalex,True
12504738,2002,United States,affil_country_name,United States,205,openalex,True
12502955,2003,Switzerland,openalex_ror,Switzerland,23,openalex,True
12502953,2003,Canada,openalex_ror,Canada,41,openalex,True
12502948,2003,Germany,openalex_ror,Germany,44,openalex,True
12498872,2002,Unknown,no_affiliation,,6,openalex,True
12498868,2002,Argentina,affil_country_name,Argentina,25,openalex,True
12498861,2002,Australia,openalex_ror,Australia,127,openalex,True
12498850,2002,United Kingdom,openalex_ror,United Kingdom,31,openalex,True
12498847,2002,Italy,openalex_ror,Italy,4,openalex,True
12498846,2002,United States,affil_country_name,United States,25,openalex,True
12498845,2002,Switzerland,openalex_ror,Switzerland,28,openalex,True
12498842,2002,Italy,openalex_ror,Italy,278,openalex,True
12498825,2002,Unknown,no_affiliation,,1,openalex,True
12498819,2002,Unknown,no_affiliation,,51,openalex,True
12487909,2002,China,affil_country_name,China,2,openalex,True
12487899,2002,China,openalex_ror,China,3,openalex,True
12483093,2002,United States,openalex_ror,United States,28,openalex,True
12483027,2002,Japan,affil_country_name,Japan,15,openalex,True
12482280,1999,Saudi Arabia,openalex_ror,Saudi Arabia,1,openalex,True
12482254,1998,New Zealand,openalex_ror,New Zealand,5,openalex,True
12478383,2002,Germany,affil_country_name,Germany,12,openalex,True
12478381,2002,Germany,openalex_ror,Germany,7,openalex,True
12474919,2002,Italy,openalex_ror,Italy,1,openalex,True
12474553,2002,Netherlands,openalex_ror,Netherlands,1,openalex,True
12472458,2000,Australia,affil_country_name,Australia,11,openalex,True
12471512,2002,Spain,affil_country_name,Spain,3,openalex,True
12471511,2002,Spain,openalex_ror,Spain,1,openalex,True
12470746,2002,Japan,openalex_ror,Japan,109,openalex,True
12470145,2002,United States,openalex_ror,United States,42,openalex,True
12466175,2002,United States,openalex_ror,United States,63,openalex,True
12465334,2002,Germany,openalex_ror,Germany,0,openalex,True
12458873,2002,Unknown,unresolved,,1,openalex,True
12458872,2002,United States,openalex_ror,United States,39,openalex,True
12458871,2002,Spain,openalex_ror,Spain,27,openalex,True
12458869,2002,Israel,affil_country_name,Israel,32,openalex,True
12458866,2002,Italy,openalex_ror,Italy,79,openalex,True
12458865,2002,South Korea,openalex_ror,South Korea,30,openalex,True
12458864,2002,Venezuela,affil_country_name,Venezuela,49,openalex,True
12457686,2002,United States,openalex_ror,United States,1,openalex,True
12457685,2002,Japan,openalex_ror,Japan,4,openalex,True
12457684,2002,United States,openalex_ror,United States,33,openalex,True
12457679,2002,United Kingdom,openalex_ror,United Kingdom,9,openalex,True
12457665,2002,South Korea,openalex_ror,South Korea,45,openalex,True
12457663,2002,France,openalex_ror,France,24,openalex,True
12457662,2002,Netherlands,openalex_ror,Netherlands,96,openalex,True
12457653,2002,Unknown,no_authors,,,,False
12454033,2002,United States,openalex_ror,United States,169,openalex,True
12430037,2002,United States,openalex_ror,United States,9,openalex,True
12429260,2002,United States,openalex_ror,United States,123,openalex,True
12429246,2002,United States,openalex_ror,United States,2,openalex,True
12428410,2002,Unknown,affil_unresolved,,0,openalex,True
12427088,2002,Unknown,no_affiliation,,3,openalex,True
12427084,2002,France,openalex_ror,France,6,openalex,True
12414404,2002,India,openalex_ror,India,29,openalex,True
12414394,2002,Unknown,no_affiliation,,3,openalex,True
12414389,2002,Unknown,no_affiliation,,3,openalex,True
12414385,2002,Unknown,no_affiliation,,1,openalex,True
12414383,2002,Unknown,no_affiliation,,6,openalex,True
12411007,2002,China,openalex_ror,China,3,openalex,True
12411001,2002,China,openalex_ror,China,0,openalex,True
12410975,2002,China,openalex_ror,China,5,openalex,True
12410465,2002,Germany,openalex_ror,Germany,22,openalex,True
12410404,2002,United States,openalex_ror,United States,0,openalex,True
12410029,2002,United States,openalex_ror,United States,65,openalex,True
12410028,2002,United States,openalex_ror,United States,19,openalex,True
12409924,2002,United States,openalex_ror,United States,32,openalex,True
12409923,2002,United States,openalex_ror,United States,18,openalex,True
12409922,2002,United States,affil_country_name,United States,12,openalex,True
12409921,2002,United States,affil_country_name,United States,4,openalex,True
12394550,2002,United States,affil_country_name,United States,34,openalex,True
12394540,2002,United States,openalex_ror,United States,12,openalex,True
12394539,2002,United States,openalex_ror,United States,66,openalex,True
12392242,2002,United States,openalex_ror,United States,12,openalex,True
12390126,2002,Italy,openalex_ror,Italy,0,openalex,True
12389314,2002,Unknown,no_affiliation,,0,openalex,True
12388049,2002,Unknown,no_affiliation,,4,openalex,True
12388042,2002,United States,openalex_ror,United States,8,openalex,True
12388040,2002,United States,openalex_ror,United States,4,openalex,True
12388039,2002,Germany,affil_country_name,Germany,54,openalex,True
12388030,2002,Venezuela,openalex_ror,Venezuela,21,openalex,True
12388028,2002,Canada,openalex_ror,Canada,30,openalex,True
12388027,2002,Hong Kong,openalex_ror,China|Hong Kong,78,openalex,True
12388023,2002,Spain,affil_country_name,Spain,65,openalex,True
12388021,2002,Greece,openalex_ror,Greece,185,openalex,True
12388002,2002,Unknown,no_affiliation,,2,openalex,True
12383833,2002,United States,openalex_ror,United States,59,openalex,True
12376850,2002,Germany,openalex_ror,Germany,1,openalex,True
12371315,2002,Unknown,no_affiliation,,2,openalex,True
12365432,2002,Unknown,unresolved,,0,openalex,True
12361173,2002,Switzerland,openalex_ror,Switzerland,4,openalex,True
12361169,2002,Hungary,openalex_ror,Hungary,31,openalex,True
12361168,2002,Hungary,openalex_ror,Hungary,44,openalex,True
12361164,2002,United States,openalex_ror,United States,25,openalex,True
12361163,2002,United States,openalex_ror,United States,173,openalex,True
12361162,2002,United States,openalex_ror,United States,21,openalex,True
12361161,2002,United States,openalex_ror,United States,99,openalex,True
12361160,2002,Spain,openalex_ror,Spain,34,openalex,True
12361156,2002,Unknown,unresolved,,5,openalex,True
12361155,2002,Hungary,openalex_ror,Hungary,25,openalex,True
12361154,2002,Italy,affil_country_name,Italy,116,openalex,True
12361153,2002,United States,openalex_ror,United States,8,openalex,True
12361152,2002,United States,openalex_ror,United States,3,openalex,True
12361149,2002,United Kingdom,openalex_ror,United Kingdom,35,openalex,True
12359617,2002,United States,openalex_ror,United States,83,openalex,True
12353173,2002,Germany,affil_country_name_over_openalex,Germany,15,openalex,True
12353172,2002,Unknown,no_affiliation,,2,openalex,True
12352102,2002,South Korea,openalex_ror,South Korea,7,openalex,True
12234908,2002,United Kingdom,openalex_ror,United Kingdom,39,openalex,True
12232996,2002,Unknown,no_affiliation,,0,openalex,True
12231335,2002,Spain,openalex_ror,Spain,6,openalex,True
12231334,2002,Turkey,openalex_ror,Turkey,7,openalex,True
12231330,2002,Mexico,openalex_ror,Mexico,8,openalex,True
12231327,2002,United States,openalex_ror,United States,19,openalex,True
12231326,2002,Canada,openalex_ror,Canada,6,openalex,True
12231314,2002,United States,openalex_ror,United States,10,openalex,True
12231313,2002,Spain,openalex_ror,Spain,142,openalex,True
12231307,2002,United States,openalex_ror,United States,72,openalex,True
12231306,2002,Spain,affil_country_name,Spain,83,openalex,True
12231305,2002,Spain,affil_country_name,Spain,35,openalex,True
12231298,2002,Unknown,no_authors,,,,False
12227280,2002,Germany,openalex_ror,Germany,8,openalex,True
12227277,2002,Germany,openalex_ror,Germany,6,openalex,True
12226977,2002,Unknown,no_affiliation,,0,openalex,True
12226970,2002,Unknown,no_affiliation,,3,openalex,True
12223946,2002,France,openalex_ror,France,6,openalex,True
12219259,2002,Germany,openalex_ror,Germany,37,openalex,True
12215100,2002,United States,openalex_ror,United States,12,openalex,True
12213156,2002,Australia,openalex_ror,Australia,44,openalex,True
12212061,1999,China,openalex_ror,China,5,openalex,True
12208713,2002,Israel,openalex_ror,Israel,34,openalex,True
12208711,2002,United States,affil_country_name,United States,81,openalex,True
12208710,2002,United States,openalex_ror,United States,231,openalex,True
12208708,2002,France,openalex_ror,France,126,openalex,True
12208241,2002,United States,openalex_ror,United States,52,openalex,True
12202508,2002,United States,openalex_ror,United States,71,openalex,True
12171589,2002,Israel,openalex_ror,Israel,28,openalex,True
12165712,2002,United States,openalex_ror,United States,45,openalex,True
12165711,2002,Switzerland,openalex_ror,Switzerland,69,openalex,True
12165710,2002,United States,openalex_ror,United States,32,openalex,True
12165709,2002,United States,openalex_ror,United States,222,openalex,True
12165708,2002,Germany,openalex_ror,Germany,80,openalex,True
12165707,2002,United States,openalex_ror,United States,28,openalex,True
12165705,2002,France,openalex_ror,France,21,openalex,True
12162514,2002,South Korea,openalex_ror,South Korea,1,openalex,True
12162479,2002,Russia,affil_country_name,Russia,17,openalex,True
12162478,2002,United Kingdom,openalex_ror,United Kingdom,12,openalex,True
12161992,2002,Belgium,openalex_ror,Belgium,2,openalex,True
12160825,2002,Australia,openalex_ror,Australia,5,openalex,True
12160823,2002,United States,openalex_ror,United States,12,openalex,True
12160822,2002,United States,openalex_ror,United States,24,openalex,True
12160821,2002,New Zealand,openalex_ror,New Zealand,27,openalex,True
12160818,2002,Germany,openalex_ror,Germany,27,openalex,True
12160814,2002,United States,affil_country_name,United States,1,openalex,True
12160811,2002,United States,openalex_ror,United States,20,openalex,True
12160810,2002,United States,openalex_ror,United States,24,openalex,True
12160809,2002,Germany,openalex_ror,Germany,44,openalex,True
12160802,2002,United States,openalex_ror,United States,72,openalex,True
12160801,2002,Unknown,affil_unresolved,,93,openalex,True
12160800,2002,Mexico,openalex_ror,Mexico,107,openalex,True
12160777,2002,Unknown,no_affiliation,,2,openalex,True
12160776,2002,Unknown,no_affiliation,,3,openalex,True
12160161,2002,Italy,openalex_ror,Italy,52,openalex,True
12160160,2002,Colombia,openalex_ror,Colombia,55,openalex,True
12160159,2002,United States,affil_country_name,United States,30,openalex,True
12160157,2002,Italy,openalex_ror,Italy,3,openalex,True
12160156,2002,South Africa,openalex_ror,South Africa,33,openalex,True
12160155,2002,Italy,openalex_ror,Italy,18,openalex,True
12160153,2002,United States,affil_country_name,United States,57,openalex,True
12160152,2002,China,openalex_ror,China,28,openalex,True
12160151,2002,Germany,affil_country_name,Germany,31,openalex,True
12160150,2002,Switzerland,openalex_ror,Switzerland,84,openalex,True
12153795,2002,Spain,openalex_ror,Spain,32,openalex,True
12153794,2002,United States,openalex_ror,United States,142,openalex,True
12149055,2002,Japan,openalex_ror,Japan,101,openalex,True
12148299,2002,Germany,openalex_ror,Germany,5,openalex,True
12147590,2002,United States,openalex_ror,United States,137,openalex,True
12144232,2002,United States,openalex_ror,United States,12,openalex,True
12140391,2002,Australia,openalex_ror,Australia,38,openalex,True
12140051,2002,Unknown,no_affiliation,,7,openalex,True
12140035,2002,Japan,openalex_ror,Japan,27,openalex,True
12140034,2002,United States,openalex_ror,United States,5,openalex,True
12139815,2002,China,openalex_ror,China,9,openalex,True
12131040,2002,United States,openalex_ror,United States,52,openalex,True
12131031,2002,United States,openalex_ror,United States,62,openalex,True
12131030,2002,United States,openalex_ror,United States,70,openalex,True
12131028,2002,United States,openalex_ror,United States,51,openalex,True
12107519,2002,Turkey,openalex_ror,Turkey,12,openalex,True
12106710,2002,Unknown,no_authors,,,,False
12096959,2002,Japan,openalex_ror,Japan,62,openalex,True
12096541,2002,Unknown,no_affiliation,,0,openalex,True
12096530,2002,Unknown,no_affiliation,,0,openalex,True
12096529,2002,Unknown,no_affiliation,,0,openalex,True
12095817,2002,Japan,affil_country_name,Japan,185,openalex,True
12094319,2002,United Kingdom,openalex_ror,Germany|United Kingdom,18,openalex,True
19331994,2002,Unknown,no_affiliation,,5,openalex,True
12085786,2002,Unknown,unresolved,,0,openalex,True
12082712,2002,United States,openalex_ror,United States,1,openalex,True
12074482,2002,United States,openalex_ror,United States,0,openalex,True
12072737,2002,Unknown,no_affiliation,,11,openalex,True
12072716,2002,Germany,affil_country_name_over_openalex,Germany,23,openalex,True
12064079,2002,United States,openalex_ror,United States,11,openalex,True
12063040,2002,South Korea,openalex_ror,South Korea,31,openalex,True
12062216,2002,Japan,openalex_ror,Japan,4,openalex,True
12059860,2002,United Kingdom,openalex_ror,United Kingdom,130,openalex,True
12054380,2002,Australia,openalex_ror,Australia,24,openalex,True
12054372,2002,United States,openalex_ror,United States,36,openalex,True
12053652,2002,Hungary,openalex_ror,Hungary,2,openalex,True
12051387,2002,Unknown,no_affiliation,,0,openalex,True
12051386,2002,Unknown,unresolved,,0,openalex,True
12051385,2002,India,openalex_ror,India,64,openalex,True
12051380,2002,Hungary,openalex_ror,Hungary,20,openalex,True
12051379,2002,Australia,affil_country_name,Australia,5,openalex,True
12051378,2002,India,openalex_ror,India,19,openalex,True
12051377,2002,Venezuela,affil_country_name,Venezuela,25,openalex,True
12051376,2002,Iran,openalex_ror,Iran,25,openalex,True
12051375,2002,United States,openalex_ror,United States,50,openalex,True
12049576,2002,United States,openalex_ror,United States,19,openalex,True
12047457,2002,Germany,affil_country_name,Germany,15,openalex,True
12046890,2002,United States,affil_country_name,United States,25,openalex,True
12046889,2002,Russia,affil_country_name,Russia,2,openalex,True
12046888,2002,Italy,openalex_ror,Italy,21,openalex,True
12046887,2002,Italy,openalex_ror,Italy,26,openalex,True
12046886,2002,Italy,openalex_ror,Italy,34,openalex,True
12046885,2002,Italy,openalex_ror,Italy,5,openalex,True
12046884,2002,Russia,affil_country_name,Russia,5,openalex,True
12046883,2002,Brazil,affil_country_name,Brazil,25,openalex,True
12046882,2002,Oman,affil_country_name,Oman,34,openalex,True
12046881,2002,Russia,affil_country_name,Russia,18,openalex,True
12046880,2002,Israel,affil_country_name,Israel,86,openalex,True
12046879,2002,Canada,openalex_ror,Canada,8,openalex,True
12046878,2002,United States,affil_country_name_over_openalex,United States,4,openalex,True
12046877,2002,Argentina,openalex_ror,Argentina,37,openalex,True
12046876,2002,Thailand,openalex_ror,Thailand,60,openalex,True
12046875,2002,Spain,openalex_ror,Spain,10,openalex,True
12046874,2002,India,affil_country_name,India,7,openalex,True
12046873,2002,Brazil,affil_country_name,Brazil,6,openalex,True
12046872,2002,Iran,affil_country_name,Iran,6,openalex,True
12046871,2002,Italy,openalex_ror,Italy,19,openalex,True
12046316,2002,Poland,openalex_ror,Poland,1,openalex,True
12046315,2002,Poland,openalex_ror,Poland,1,openalex,True
12046302,2002,Poland,openalex_ror,Poland,2,openalex,True
12045059,2002,Japan,openalex_ror,Japan,182,openalex,True
12045058,2002,United States,openalex_ror,United States,54,openalex,True
12045038,2002,Unknown,no_affiliation,,15,openalex,True
12036978,2002,United States,openalex_ror,United States,37,openalex,True
12036637,2002,United States,openalex_ror,United States,63,openalex,True
12036636,2002,United States,openalex_ror,United States,50,openalex,True
12036635,2002,United States,openalex_ror,United States,87,openalex,True
12036634,2002,United States,openalex_ror,United States,170,openalex,True
12036633,2002,Canada,openalex_ror,Canada,87,openalex,True
12036619,2002,Unknown,no_affiliation,,1,openalex,True
12036614,2002,Unknown,no_affiliation,,1,openalex,True
12036607,2002,Unknown,no_affiliation,,0,openalex,True
12034683,2002,Hungary,openalex_ror,Hungary,23,openalex,True
12011749,2002,France,openalex_ror,France,4,openalex,True
12002670,2002,Germany,openalex_ror,Germany,11,openalex,True
11994762,2002,Hungary,openalex_ror,Hungary,11,openalex,True
11992856,2002,United States,openalex_ror,United States,34,openalex,True
11988991,2000,Unknown,no_affiliation,,0,openalex,True
11988810,2002,United Kingdom,openalex_ror,United Kingdom,27,openalex,True
11986106,2002,Germany,openalex_ror,Germany,49,openalex,True
11986105,2002,United Kingdom,affil_country_name,United Kingdom,23,openalex,True
11986104,2002,Saudi Arabia,openalex_ror,Saudi Arabia,126,openalex,True
11986073,2002,Unknown,no_affiliation,,28,openalex,True
11986063,2002,Unknown,no_affiliation,,0,openalex,True
11986060,2002,Unknown,no_affiliation,,3,openalex,True
11986057,2002,Unknown,no_affiliation,,2,openalex,True
11986056,2002,Unknown,no_affiliation,,5,openalex,True
11986055,2002,Unknown,no_affiliation,,4,openalex,True
11981640,2002,Germany,openalex_ror,Germany,10,openalex,True
11980859,2002,France,openalex_ror,France,39,openalex,True
11978476,2002,United States,openalex_ror,United States,36,openalex,True
11978474,2002,Hong Kong,openalex_ror,China|Hong Kong,18,openalex,True
11978473,2002,United States,openalex_ror,United States,38,openalex,True
11978458,2002,Turkey,openalex_ror,Turkey,35,openalex,True
11978457,2002,Japan,openalex_ror,Japan,50,openalex,True
11978456,2002,New Zealand,openalex_ror,New Zealand,26,openalex,True
11978455,2002,Finland,openalex_ror,Finland,10,openalex,True
11978454,2002,Australia,affil_country_name,Australia,18,openalex,True
11978453,2002,United States,openalex_ror,United States,122,openalex,True
11978448,2002,Unknown,no_authors,,,,False
11978445,2002,Unknown,no_affiliation,,14,openalex,True
11974230,2000,Unknown,no_affiliation,,0,openalex,True
11973970,1999,Finland,affil_city_hint,Finland,0,openalex,True
11973397,2002,Brazil,openalex_ror,Brazil,56,openalex,True
11973388,2002,South Korea,openalex_ror,South Korea,63,openalex,True
11973385,2002,Germany,openalex_ror,Germany,54,openalex,True
11973108,2002,Mexico,openalex_ror,Mexico,12,openalex,True
11973106,2002,United States,openalex_ror,United States,15,openalex,True
11973096,2002,Taiwan,openalex_ror,Taiwan,14,openalex,True
11973095,2002,United States,openalex_ror,United States,28,openalex,True
11973094,2002,United States,openalex_ror,United States,5,openalex,True
11973093,2002,United States,openalex_ror,United States,47,openalex,True
11973092,2002,United States,openalex_ror,United States,27,openalex,True
11973085,2002,United States,openalex_ror,United States,106,openalex,True
11973075,2002,Unknown,no_authors,,,,False
11973064,2002,Unknown,no_affiliation,,0,openalex,True
11965123,2002,France,openalex_ror,France,2,openalex,True
11965115,2002,France,openalex_ror,France,1,openalex,True
11965112,2002,France,openalex_ror,France,3,openalex,True
11959522,2002,Unknown,unresolved,,1,openalex,True
11955922,2002,Turkey,openalex_ror,Turkey,11,openalex,True
11955921,2002,Germany,openalex_ror,Germany,36,openalex,True
11955920,2002,Canada,openalex_ror,Canada,15,openalex,True
11955911,2002,United Kingdom,affil_country_name,United Kingdom,10,openalex,True
11955909,2002,South Korea,openalex_ror,South Korea,25,openalex,True
11955899,2002,Taiwan,openalex_ror,Taiwan,39,openalex,True
11955898,2002,Netherlands,openalex_ror,Netherlands,100,openalex,True
11955873,2002,Unknown,no_affiliation,,9,openalex,True
11955319,2002,China,openalex_ror,China,3,openalex,True
11955306,2002,China,openalex_ror,China,0,openalex,True
11955305,2002,China,affil_country_name,China,0,openalex,True
11955304,2002,China,openalex_ror,China,4,openalex,True
11955303,2002,China,openalex_ror,China,3,openalex,True
11955302,2002,China,openalex_ror,China,4,openalex,True
11955296,2002,China,openalex_ror,China,0,openalex,True
11941811,1999,Unknown,no_affiliation,,0,openalex,True
11941250,2002,France,openalex_ror,France,2,openalex,True
11934326,2002,Unknown,no_affiliation,,41,openalex,True
11934316,2002,Netherlands,openalex_ror,Netherlands,109,openalex,True
11934209,2002,Unknown,affil_unresolved,,33,openalex,True
11934208,2002,United States,openalex_ror,United States,87,openalex,True
11934207,2002,United States,openalex_ror,United States,18,openalex,True
11934205,2002,Finland,openalex_ror,Finland,15,openalex,True
11934204,2002,Italy,openalex_ror,Italy,41,openalex,True
11934202,2002,United States,openalex_ror,United States,20,openalex,True
11934201,2002,Italy,openalex_ror,Italy,32,openalex,True
11934200,2002,South Korea,openalex_ror,South Korea,73,openalex,True
11934198,2002,Greece,affil_country_name,Greece,20,openalex,True
11934197,2002,Australia,openalex_ror,Australia,107,openalex,True
11934196,2002,United States,openalex_ror,United States,21,openalex,True
11933520,2000,Unknown,no_affiliation,,0,openalex,True
11933517,2000,Unknown,no_affiliation,,0,openalex,True
11933316,2000,Unknown,unresolved,,0,openalex,True
11933315,2000,Unknown,no_affiliation,,0,openalex,True
11932806,2002,Germany,openalex_ror,Germany,23,openalex,True
11931794,2002,United States,openalex_ror,United States,130,openalex,True
11927421,2002,United States,openalex_ror,United States,138,openalex,True
11927420,2002,United States,openalex_ror,United States,165,openalex,True
11927414,2002,Unknown,no_affiliation,,0,openalex,True
11927404,2002,Unknown,no_affiliation,,19,openalex,True
11927400,2002,Unknown,no_affiliation,,8,openalex,True
11923236,2002,United States,openalex_ror,United States,38,openalex,True
11923232,2002,France,openalex_ror,France,87,openalex,True
11918893,2002,Israel,openalex_ror,Israel,47,openalex,True
11917799,2002,Germany,openalex_ror,Germany,8,openalex,True
11917170,2002,United States,openalex_ror,United States,73,openalex,True
11915370,2002,Japan,openalex_ror,Japan,1,openalex,True
11914991,2002,United States,openalex_ror,United States,60,openalex,True
11913891,2002,Turkey,openalex_ror,Turkey,42,openalex,True
11900324,2001,India,openalex_ror,India,10,openalex,True
11898899,2001,Japan,openalex_ror,Japan,24,openalex,True
11879131,2002,United States,openalex_ror,United States,50,openalex,True
11886412,2002,Australia,openalex_ror,Australia,32,openalex,True
11877253,1998,China,affil_city_hint,China,1,openalex,True
11877252,1998,China,openalex_ror,China,3,openalex,True
11877251,1998,China,openalex_ror,China,3,openalex,True
11877234,1998,Unknown,affil_unresolved,,2,openalex,True
11877233,1998,China,openalex_ror,China,0,openalex,True
11877210,1998,China,openalex_ror,China,0,openalex,True
11877187,1998,Unknown,affil_unresolved,,0,openalex,True
11877177,1998,China,affil_city_hint,China,1,openalex,True
11877156,1998,China,openalex_ror,China,0,openalex,True
11877155,1998,Unknown,affil_unresolved,,8,openalex,True
11877154,1998,China,affil_city_hint,China,1,openalex,True
11877153,1998,China,openalex_ror,China,1,openalex,True
11874768,2002,Brazil,openalex_ror,Brazil,58,openalex,True
11874729,2002,Unknown,no_affiliation,,5,openalex,True
11873408,2001,Poland,openalex_ror,Poland,3,openalex,True
11871211,2002,Denmark,openalex_ror,Denmark,0,openalex,True
11864399,2001,China,openalex_ror,China,0,openalex,True
11864398,2001,China,openalex_ror,China,0,openalex,True
11864397,2001,China,openalex_ror,China,0,openalex,True
11864396,2001,China,openalex_ror,China,1,openalex,True
11862105,2002,United States,openalex_ror,United States,9,openalex,True
11862101,2002,South Korea,openalex_ror,South Korea,56,openalex,True
11862091,2002,United States,openalex_ror,United States,43,openalex,True
11862085,2002,Spain,openalex_ror,Spain,23,openalex,True
11860965,2002,United States,openalex_ror,United States,95,openalex,True
11831933,2002,France,affil_country_name,France,6,openalex,True
11857605,2002,Japan,openalex_ror,Japan,30,openalex,True
11853603,2000,China,openalex_ror,China,0,openalex,True
11852549,2002,Czechia,affil_city_hint,Czechia,0,openalex,True
11852468,2001,Taiwan,openalex_ror,Taiwan,5,openalex,True
11845697,2001,Unknown,no_affiliation,,1,openalex,True
11845687,2001,Unknown,no_affiliation,,2,openalex,True
11845686,2001,Unknown,no_affiliation,,3,openalex,True
11842588,2002,Unknown,no_affiliation,,0,openalex,True
11840798,2002,Germany,affil_city_hint,Germany,8,openalex,True
11838992,2002,United States,openalex_ror,United States,1,openalex,True
11835861,1999,China,affil_city_hint,China,1,openalex,True
11835839,1999,China,openalex_ror,China,1,openalex,True
11835838,1999,China,openalex_ror,China,5,openalex,True
11835822,1999,China,openalex_ror,China,1,openalex,True
11835821,1999,China,openalex_ror,China,0,openalex,True
11835807,1999,China,affil_city_hint,China,1,openalex,True
11835800,1999,China,openalex_ror,China,4,openalex,True
11835770,1999,China,openalex_ror,China,1,openalex,True
11833272,2001,Czechia,openalex_ror,Czechia,0,openalex,True
11828917,2002,Spain,openalex_ror,Spain,62,openalex,True
11828916,2002,Unknown,no_affiliation,,0,openalex,True
11828915,2002,Unknown,no_affiliation,,3,openalex,True
11828914,2002,Unknown,no_affiliation,,16,openalex,True
11828913,2002,South Korea,openalex_ror,South Korea,27,openalex,True
11828912,2002,Saudi Arabia,openalex_ror,Saudi Arabia,22,openalex,True
11828910,2002,Germany,openalex_ror,Germany,17,openalex,True
11828907,2002,Japan,openalex_ror,Japan,23,openalex,True
11828906,2002,Greece,openalex_ror,Greece,81,openalex,True
11828905,2002,Colombia,openalex_ror,Colombia,16,openalex,True
11828904,2002,United Kingdom,openalex_ror,United Kingdom,15,openalex,True
11828903,2002,Denmark,openalex_ror,Denmark,32,openalex,True
11828902,2002,Spain,openalex_ror,Spain,23,openalex,True
11826991,2001,United Kingdom,openalex_ror,United Kingdom,24,openalex,True
11825830,2002,United States,openalex_ror,United States,49,openalex,True
11825822,2002,United States,openalex_ror,United States,60,openalex,True
11821223,2002,United States,openalex_ror,United States,14,openalex,True
11821221,2002,United States,openalex_ror,United States,60,openalex,True
11821220,2002,United States,openalex_ror,United States,89,openalex,True
11821218,2002,United States,openalex_ror,United States,17,openalex,True
11821207,2002,South Korea,openalex_ror,South Korea,15,openalex,True
11821206,2002,Italy,openalex_ror,Italy,112,openalex,True
11821205,2002,Spain,affil_country_name,Spain,118,openalex,True
11821186,2002,Unknown,no_affiliation,,3,openalex,True
11821182,2002,Unknown,no_affiliation,,1,openalex,True
11820986,2002,Spain,openalex_ror,Spain,6,openalex,True
11820302,2001,Turkey,openalex_ror,Turkey,23,openalex,True
11805867,2001,Germany,openalex_ror,Germany|United Kingdom,10,openalex,True
11805521,2002,United States,openalex_ror,United States,25,openalex,True
11805519,2002,Canada,openalex_ror,Canada,35,openalex,True
11805516,2002,United States,openalex_ror,United States,33,openalex,True
11805503,2002,United States,openalex_ror,United States,28,openalex,True
11800306,2001,Thailand,openalex_ror,Thailand,6,openalex,True
11797325,2001,United States,openalex_ror,United States,68,openalex,True
11794388,2001,Brazil,affil_country_name,Brazil,13,openalex,True
11780199,2001,China,openalex_ror,China,5,openalex,True
11778818,2001,Australia,openalex_ror,Australia,14,openalex,True
11778358,2001,Hungary,openalex_ror,Hungary,0,openalex,True
11777729,2002,South Korea,openalex_ror,South Korea,11,openalex,True
11777726,2002,Netherlands,openalex_ror,Netherlands,20,openalex,True
11777708,2002,United States,openalex_ror,United States,26,openalex,True
11777706,2002,United States,openalex_ror,United States,126,openalex,True
11777705,2002,United States,affil_country_name,United States,127,openalex,True
11777698,2002,Unknown,no_affiliation,,16,openalex,True
11772601,2002,United States,openalex_ror,United States,410,openalex,True
11772580,2002,Greece,openalex_ror,Greece,46,openalex,True
11770494,2000,Unknown,no_affiliation,,1,openalex,True
11765461,2001,Unknown,no_affiliation,,0,openalex,True
11765460,2001,Unknown,no_affiliation,,3,openalex,True
11764685,2001,Czechia,openalex_ror,Czechia,0,openalex,True
11758990,2001,Spain,openalex_ror,Spain,34,openalex,True
11758989,2001,United States,openalex_ror,United States,12,openalex,True
11758988,2001,Germany,openalex_ror,Germany,10,openalex,True
11758986,2001,Italy,openalex_ror,Italy,2,openalex,True
11758985,2001,Venezuela,affil_country_name,Venezuela,23,openalex,True
11758984,2001,United States,openalex_ror,United States,219,openalex,True
11758983,2001,Japan,openalex_ror,Japan,15,openalex,True
11758982,2001,Spain,openalex_ror,Spain,114,openalex,True
11758346,2001,Japan,openalex_ror,Japan,1,openalex,True
11758341,2001,Unknown,no_affiliation,,0,openalex,True
11753691,2001,Unknown,no_affiliation,,0,openalex,True
11753253,2001,Italy,openalex_ror,Italy,99,openalex,True
11753252,2001,United States,openalex_ror,United States,79,openalex,True
11738921,2001,United Kingdom,openalex_ror,United Kingdom,8,openalex,True
11738910,2001,Taiwan,openalex_ror,Taiwan,22,openalex,True
11738909,2001,Canada,affil_country_name,Canada,32,openalex,True
11738908,2001,Unknown,no_affiliation,,32,openalex,True
11738907,2001,Canada,openalex_ror,Canada,22,openalex,True
11738906,2001,United States,openalex_ror,United States,22,openalex,True
11738890,2001,Unknown,no_affiliation,,1,openalex,True
11738888,2001,Unknown,no_affiliation,,0,openalex,True
11738431,2001,New Zealand,openalex_ror,New Zealand,1,openalex,True
11733261,2001,France,openalex_ror,France,23,openalex,True
11733260,2001,Japan,openalex_ror,Japan,55,openalex,True
11733259,2001,United States,affil_country_name,United States,72,openalex,True
11733246,2001,Unknown,no_affiliation,,5,openalex,True
11731898,2001,Germany,openalex_ror,Germany,29,openalex,True
11730659,2001,United States,openalex_ror,United States,46,openalex,True
11730658,2001,Mexico,imputed_affil_country_over_openalex,United States,56,openalex,True
11730644,2001,United States,openalex_ror,United States,118,openalex,True
11729735,2001,Germany,openalex_ror,Germany,20,openalex,True
11728199,2001,Switzerland,openalex_ror,Switzerland,15,openalex,True
11727443,2001,Unknown,unresolved,,0,openalex,True
11726644,2001,Spain,openalex_ror,Spain,275,openalex,True
11725631,2001,Taiwan,openalex_ror,Taiwan,3,openalex,True
11719932,2001,Unknown,no_affiliation,,4,openalex,True
11713074,2001,Italy,openalex_ror,Italy,49,openalex,True
11713052,2001,Unknown,no_affiliation,,0,openalex,True
11713045,2001,Unknown,no_affiliation,,3,openalex,True
11713043,2001,Unknown,no_affiliation,,4,openalex,True
11709268,2001,Italy,openalex_ror,Italy,39,openalex,True
11709265,2001,Spain,openalex_ror,Spain,12,openalex,True
11709259,2001,Japan,openalex_ror,Japan,61,openalex,True
11709257,2001,United Kingdom,openalex_ror,United Kingdom,156,openalex,True
11709256,2001,United States,openalex_ror,United States,38,openalex,True
11709255,2001,Australia,affil_country_name,Australia,49,openalex,True
11709254,2001,Greece,openalex_ror,Greece,414,openalex,True
11709232,2001,Unknown,unresolved,,0,openalex,True
11709230,2001,Unknown,no_affiliation,,9,openalex,True
11709223,2001,Unknown,no_affiliation,,3,openalex,True
11709222,2001,Unknown,no_affiliation,,2,openalex,True
11709027,2001,United States,affil_country_name,United States,45,openalex,True
11709014,2001,United States,openalex_ror,United States,16,openalex,True
11704042,2001,United States,openalex_ror,United States,31,openalex,True
11704041,2001,Saudi Arabia,openalex_ror,Saudi Arabia,21,openalex,True
11698735,2001,United States,openalex_ror,United States,10,openalex,True
11697088,2001,Unknown,no_affiliation,,0,openalex,True
11687352,2001,United States,openalex_ror,United States,99,openalex,True
11685080,2001,Italy,openalex_ror,Italy,8,openalex,True
11685078,2001,Unknown,no_affiliation,,1,openalex,True
11685074,2001,United States,openalex_ror,United States,48,openalex,True
11685066,2001,Austria,openalex_ror,Austria,19,openalex,True
11685053,2001,United States,openalex_ror,United States,193,openalex,True
11605592,2001,Poland,openalex_ror,Poland,1,openalex,True
11605581,2001,Poland,openalex_ror,Poland,3,openalex,True
11601801,2001,Unknown,unresolved,,0,openalex,True
11601800,2001,United States,openalex_ror,United States,36,openalex,True
11601729,2001,United States,openalex_ror,United States,30,openalex,True
11594985,2001,Sweden,openalex_ror,Sweden,30,openalex,True
11593551,1999,China,openalex_ror,China,0,openalex,True
11589872,2001,United States,openalex_ror,United States,55,openalex,True
11585317,2001,Germany,openalex_ror,Germany,9,openalex,True
11583670,2001,South Korea,openalex_ror,South Korea,35,openalex,True
11583242,2001,United States,affil_country_name,United States,5,openalex,True
11583241,2001,Greece,openalex_ror,Greece,67,openalex,True
11583239,2001,Spain,openalex_ror,Spain,272,openalex,True
11583238,2001,United States,affil_country_name,United States,4,openalex,True
11583237,2001,United States,affil_country_name,United States,5,openalex,True
11583236,2001,United States,openalex_ror,United States,30,openalex,True
11583235,2001,Switzerland,openalex_ror,Switzerland,145,openalex,True
11583232,2001,United States,openalex_ror,United States,7,openalex,True
11583231,2001,Unknown,no_affiliation,,0,openalex,True
11583230,2001,Unknown,no_affiliation,,17,openalex,True
11583229,2001,Unknown,no_affiliation,,2,openalex,True
11583227,2001,Israel,affil_country_name,Israel,6,openalex,True
11583225,2001,Spain,affil_country_name,Spain,13,openalex,True
11583223,2001,Italy,openalex_ror,Italy,47,openalex,True
11583222,2001,Hungary,openalex_ror,Hungary,20,openalex,True
11583221,2001,Brazil,affil_country_name,Brazil,42,openalex,True
11583220,2001,Egypt,openalex_ror,Egypt,21,openalex,True
11583219,2001,Australia,affil_country_name,Australia,45,openalex,True
11581060,2001,United States,openalex_ror,United States,43,openalex,True
11581044,2001,France,openalex_ror,France,120,openalex,True
11581043,2001,Mexico,openalex_ror,Mexico,6,openalex,True
11581042,2001,Italy,openalex_ror,Italy,90,openalex,True
11579917,2001,Unknown,no_authors,,,,False
11579915,2001,Unknown,no_affiliation,,15,openalex,True
11578645,2001,United States,openalex_ror,United States,332,openalex,True
11573233,2001,United States,openalex_ror,United States,8,openalex,True
11545649,2001,United States,affil_country_name,United States,12,openalex,True
11545646,2001,Unknown,no_affiliation,,53,openalex,True
11569170,2001,Unknown,no_affiliation,,1,openalex,True
11566545,2001,India,openalex_ror,India,44,openalex,True
11566544,2001,United States,openalex_ror,United States,53,openalex,True
11566533,2001,Japan,openalex_ror,Japan,6,openalex,True
11566531,2001,Unknown,no_affiliation,,102,openalex,True
11566530,2001,Argentina,openalex_ror,Argentina,144,openalex,True
11563789,2001,Austria,affil_country_name,Austria,15,openalex,True
11561789,2001,Argentina,affil_country_name,Argentina,42,openalex,True
11558808,2001,Spain,openalex_ror,Spain,108,openalex,True
11556458,2001,Thailand,openalex_ror,Thailand,6,openalex,True
11552408,2001,Switzerland,openalex_ror,Switzerland,28,openalex,True
11552407,2001,Switzerland,openalex_ror,Switzerland,2,openalex,True
11548144,2001,Canada,openalex_ror,Canada,11,openalex,True
11545431,2001,Singapore,openalex_ror,Singapore,37,openalex,True
11544690,1998,Finland,openalex_ror,Finland,0,openalex,True
11535475,2001,Italy,openalex_ror,Italy,53,openalex,True
11535469,2001,Italy,affil_country_name,Italy,50,openalex,True
11530823,2001,South Korea,openalex_ror,South Korea,3,openalex,True
11530787,2001,Unknown,no_affiliation,,1,openalex,True
11530785,2001,Unknown,no_affiliation,,20,openalex,True
11530056,2001,United States,openalex_ror,United States,160,openalex,True
11524209,2001,Canada,openalex_ror,Canada,20,openalex,True
11524208,2001,Israel,openalex_ror,Israel,45,openalex,True
11524207,2001,New Zealand,openalex_ror,New Zealand,27,openalex,True
11524202,2001,United States,openalex_ror,United States,36,openalex,True
11524201,2001,Ireland,affil_country_name,Ireland,50,openalex,True
11524200,2001,Norway,affil_country_name,Norway,42,openalex,True
11524199,2001,Canada,openalex_ror,Canada,37,openalex,True
11524183,2001,Spain,openalex_ror,Spain,46,openalex,True
11521431,2001,Unknown,no_affiliation,,0,openalex,True
11521427,2001,Unknown,no_affiliation,,0,openalex,True
11520104,2001,Hungary,openalex_ror,Hungary,62,openalex,True
11516325,2001,United States,openalex_ror,United States,16,openalex,True
11512250,2001,Germany,openalex_ror,Germany,4,openalex,True
11510174,2001,Unknown,no_affiliation,,0,openalex,True
11510164,2001,Unknown,no_affiliation,,1,openalex,True
11510155,2001,Unknown,no_affiliation,,0,openalex,True
11507348,2001,United States,openalex_ror,United States,167,openalex,True
11507347,2001,United States,openalex_ror,United States,164,openalex,True
11507346,2001,United States,openalex_ror,United States,24,openalex,True
11507345,2001,United States,openalex_ror,United States,39,openalex,True
11507344,2001,United States,openalex_ror,United States,13,openalex,True
11507343,2001,Japan,openalex_ror,Japan,42,openalex,True
11507342,2001,United States,openalex_ror,United States,35,openalex,True
11483083,2001,United States,openalex_ror,United States,111,openalex,True
11496912,2001,Unknown,no_affiliation,,0,openalex,True
11496908,2001,Unknown,no_affiliation,,0,openalex,True
11496907,2001,Unknown,no_affiliation,,4,openalex,True
11496905,2001,Unknown,no_affiliation,,1,openalex,True
11491095,2001,Unknown,no_affiliation,,1,openalex,True
11490739,2001,Germany,openalex_ror,Germany,7,openalex,True
11489589,2001,South Korea,openalex_ror,South Korea,4,openalex,True
11489588,2001,United States,affil_country_name,United States,43,openalex,True
11489587,2001,United States,affil_country_name,United States,13,openalex,True
11489586,2001,Netherlands,openalex_ror,Netherlands,27,openalex,True
11489585,2001,Canada,openalex_ror,Canada,59,openalex,True
11489584,2001,Canada,openalex_ror,Canada,60,openalex,True
11489583,2001,United States,openalex_ror,United States,29,openalex,True
11489570,2001,Hungary,openalex_ror,Hungary,18,openalex,True
11489569,2001,India,openalex_ror,India,19,openalex,True
11489568,2001,Mexico,affil_country_name,Mexico,77,openalex,True
11489567,2001,Switzerland,openalex_ror,Switzerland,77,openalex,True
11488007,2001,Austria,openalex_ror,Austria,3,openalex,True
11485771,2001,Japan,openalex_ror,Japan,59,openalex,True
11482340,2001,Netherlands,openalex_ror,Netherlands,21,openalex,True
11476688,2001,United States,openalex_ror,United States,36,openalex,True
11476687,2001,United States,openalex_ror,United States,12,openalex,True
11476680,2001,United States,openalex_ror,United States,48,openalex,True
11476679,2001,Spain,openalex_ror,Spain,15,openalex,True
11473167,2001,United States,openalex_ror,United States,13,openalex,True
11473159,2001,United States,openalex_ror,United States,39,openalex,True
11472011,2001,Unknown,no_affiliation,,4,openalex,True
11472007,2001,Unknown,no_affiliation,,4,openalex,True
11472005,2001,United States,openalex_ror,United States,73,openalex,True
11472003,2001,Italy,openalex_ror,Italy,18,openalex,True
11472002,2001,Hungary,openalex_ror,Hungary,21,openalex,True
11472001,2001,United States,openalex_ror,United States,18,openalex,True
11472000,2001,Switzerland,openalex_ror,Switzerland,5,openalex,True
11471999,2001,Egypt,openalex_ror,Egypt,66,openalex,True
11471997,2001,United Kingdom,openalex_ror,United Kingdom,47,openalex,True
11470696,2001,United States,openalex_ror,United States,23,openalex,True
11470695,2001,United States,openalex_ror,United States,175,openalex,True
11470693,2001,Spain,openalex_ror,Spain,18,openalex,True
11470692,2001,United States,openalex_ror,United States,54,openalex,True
11448333,2001,Unknown,no_affiliation,,28,openalex,True
11462168,2001,United States,openalex_ror,United States,14,openalex,True
11458773,2001,Switzerland,openalex_ror,Switzerland,1,openalex,True
11453859,2001,Sweden,openalex_ror,Sweden,11,openalex,True
11453858,2001,Denmark,openalex_ror,Denmark,47,openalex,True
11438876,2001,Spain,openalex_ror,Spain,3,openalex,True
11438867,2001,Spain,affil_country_name,Spain,3,openalex,True
11438861,2001,Unknown,no_affiliation,,0,openalex,True
11438046,2001,Japan,openalex_ror,Japan,270,openalex,True
11433598,2001,Czechia,openalex_ror,Czechia,0,openalex,True
11431436,2001,France,openalex_ror,France,87,openalex,True
11426208,2001,United States,affil_country_name,United States,0,openalex,True
11425685,2001,United States,openalex_ror,United States,74,openalex,True
11425684,2001,United States,openalex_ror,United States,53,openalex,True
11425683,2001,Spain,openalex_ror,Spain,64,openalex,True
11425681,2001,United States,openalex_ror,United States,26,openalex,True
11425680,2001,United States,openalex_ror,United States,293,openalex,True
11413408,2001,United Kingdom,openalex_ror,United Kingdom,55,openalex,True
11413395,2001,United States,openalex_ror,United States,56,openalex,True
11406431,2001,United Kingdom,openalex_ror,United Kingdom,6,openalex,True
11406430,2001,Hungary,affil_country_name,Hungary,141,openalex,True
11406426,2001,United States,affil_country_name,United States,7,openalex,True
11406424,2001,United States,openalex_ror,United States,16,openalex,True
11406423,2001,United States,openalex_ror,United States,16,openalex,True
11405846,2001,Taiwan,openalex_ror,Taiwan,17,openalex,True
11405841,2001,United States,openalex_ror,United States,162,openalex,True
11405201,2001,Unknown,no_affiliation,,6,openalex,True
11405200,2001,Unknown,no_affiliation,,1,openalex,True
11408142,2001,Hong Kong,openalex_ror,Hong Kong,18,openalex,True
11408141,2001,Canada,openalex_ror,Canada,64,openalex,True
11408140,2001,United States,openalex_ror,United States,64,openalex,True
11408139,2001,India,openalex_ror,India,22,openalex,True
11408137,2001,Argentina,openalex_ror,Argentina,6,openalex,True
11406903,2001,Unknown,affil_unresolved,,0,openalex,True
11402828,2001,Germany,openalex_ror,Germany|Spain,6,openalex,True
11396396,2001,Spain,openalex_ror,Spain,70,openalex,True
11394473,2000,India,openalex_ror,India,0,openalex,True
11393150,2001,Unknown,no_affiliation,,44,openalex,True
11393147,2001,Unknown,no_affiliation,,22,openalex,True
11392807,2000,Poland,openalex_ror,Poland,6,openalex,True
11392806,2000,Poland,openalex_ror,Poland,1,openalex,True
11392410,2000,United States,openalex_ror,United States,4,openalex,True
11392403,2000,Unknown,no_affiliation,,0,openalex,True
11392315,2001,Unknown,no_affiliation,,34,openalex,True
11384151,2001,Finland,openalex_ror,Finland,84,openalex,True
11383771,2001,Unknown,no_affiliation,,0,openalex,True
11383770,2001,Unknown,no_affiliation,,31,openalex,True
11383768,2001,China,openalex_ror,China,1,openalex,True
11383767,2001,Brazil,openalex_ror,Brazil,209,openalex,True
11383766,2001,China,affil_country_name,China,86,openalex,True
11383765,2001,Taiwan,openalex_ror,Taiwan,21,openalex,True
11383764,2001,Australia,openalex_ror,Australia,10,openalex,True
11383763,2001,Hungary,openalex_ror,Hungary,21,openalex,True
11383761,2001,Spain,openalex_ror,Spain,9,openalex,True
11383760,2001,Mexico,openalex_ror,Mexico,45,openalex,True
11383759,2001,Unknown,no_affiliation,,0,openalex,True
11382633,2001,United States,openalex_ror,United States,199,openalex,True
11382632,2001,Germany,openalex_ror,Germany,44,openalex,True
11382631,2001,United States,openalex_ror,United States,70,openalex,True
11382612,2001,Unknown,no_affiliation,,14,openalex,True
11381803,2001,Mexico,openalex_ror,Mexico,0,openalex,True
11377912,2001,United States,openalex_ror,United States,50,openalex,True
11377898,2001,Taiwan,openalex_ror,Taiwan,1,openalex,True
11377897,2001,United States,openalex_ror,United States,15,openalex,True
11377896,2001,Japan,openalex_ror,Japan,97,openalex,True
11377895,2001,Canada,openalex_ror,Canada,132,openalex,True
11377894,2001,Venezuela,affil_country_name,Venezuela,67,openalex,True
11377890,2001,Unknown,unresolved,,0,openalex,True
11375823,2001,United States,openalex_ror,United States,10,openalex,True
11373706,2001,Spain,openalex_ror,Spain,4,openalex,True
11367582,2001,Canada,affil_city_hint,Canada,0,openalex,True
11346411,2001,Unknown,no_affiliation,,42,openalex,True
11352456,2001,United States,openalex_ror,United States,7,openalex,True
11352454,2001,United States,openalex_ror,United States,37,openalex,True
11352449,2001,Unknown,no_affiliation,,0,openalex,True
11352317,2001,United States,affil_country_name,United States,4,openalex,True
11351206,2001,Unknown,affil_unresolved,,5,openalex,True
11349924,2001,United States,openalex_ror,United States,11,openalex,True
11340390,2001,Turkey,openalex_ror,Turkey,40,openalex,True
11339039,2001,Unknown,no_affiliation,,0,openalex,True
11336951,2001,United States,openalex_ror,United States,42,openalex,True
11336203,2001,Spain,openalex_ror,Spain,296,openalex,True
11333334,2001,United States,openalex_ror,United States,16,openalex,True
11333327,2001,South Korea,openalex_ror,South Korea,99,openalex,True
11333326,2001,United States,openalex_ror,United States,50,openalex,True
11333325,2001,United States,openalex_ror,United States,20,openalex,True
11330028,2001,Unknown,no_affiliation,,0,openalex,True
11329951,2001,Japan,openalex_ror,Japan,1,openalex,True
11328757,2001,Spain,openalex_ror,Spain,474,openalex,True
11322429,2001,United States,openalex_ror,United States,88,openalex,True
11322428,2001,United States,openalex_ror,United States,27,openalex,True
11322424,2001,Sweden,openalex_ror,Sweden,8,openalex,True
11322141,2001,Unknown,no_affiliation,,4,openalex,True
11321146,2001,Taiwan,openalex_ror,Taiwan,18,openalex,True
11321136,2001,Spain,openalex_ror,Spain,38,openalex,True
11320027,2001,United States,openalex_ror,United States,12,openalex,True
11320026,2001,Spain,openalex_ror,Spain,55,openalex,True
11320010,2001,Unknown,no_affiliation,,43,openalex,True
11319999,2001,Unknown,no_affiliation,,5,openalex,True
11296018,2001,Australia,openalex_ror,Australia,34,openalex,True
11316710,2001,Italy,openalex_ror,Italy,38,openalex,True
11316709,2001,South Korea,affil_country_name_over_openalex,South Korea,32,openalex,True
11316036,2001,Thailand,openalex_ror,Thailand,25,openalex,True
11316035,2001,Russia,affil_country_name,Russia,17,openalex,True
11316034,2001,United States,affil_country_name,United States,17,openalex,True
11316033,2001,Canada,openalex_ror,Canada,3,openalex,True
11316032,2001,Thailand,openalex_ror,Thailand,1,openalex,True
11316031,2001,Russia,affil_country_name,Russia,14,openalex,True
11316030,2001,Spain,openalex_ror,Spain,26,openalex,True
11316029,2001,Russia,affil_country_name,Russia,0,openalex,True
11316028,2001,Canada,openalex_ror,Canada,21,openalex,True
11316027,2001,Russia,affil_country_name,Russia,27,openalex,True
11316026,2001,Russia,openalex_ror,Russia,67,openalex,True
11316025,2001,Unknown,affil_unresolved,,99,openalex,True
11316024,2001,Oman,affil_country_name,Oman,11,openalex,True
11316022,2001,Brazil,affil_country_name,Brazil,29,openalex,True
11316021,2001,United States,affil_country_name,United States,33,openalex,True
11316020,2001,Russia,affil_country_name,Russia,24,openalex,True
11316019,2001,Brazil,openalex_ror,Brazil,34,openalex,True
11316018,2001,Italy,affil_country_name,Italy,7,openalex,True
11316017,2001,Italy,affil_country_name,Italy,48,openalex,True
11316016,2001,Spain,openalex_ror,Spain,5,openalex,True
11316015,2001,Unknown,no_affiliation,,2,openalex,True
11311636,2001,Turkey,openalex_ror,Turkey,12,openalex,True
11311635,2001,Canada,openalex_ror,Canada,7,openalex,True
11311631,2001,United States,openalex_ror,United States,46,openalex,True
11311630,2001,United Kingdom,openalex_ror,United Kingdom,50,openalex,True
11311628,2001,Turkey,openalex_ror,Turkey,35,openalex,True
11311627,2001,United States,openalex_ror,United States,212,openalex,True
11311626,2001,Canada,openalex_ror,Canada,113,openalex,True
11311625,2001,South Korea,openalex_ror,South Korea,210,openalex,True
11310772,2001,United Arab Emirates,affil_country_name,United Arab Emirates,48,openalex,True
11310769,2001,Unknown,no_affiliation,,1,openalex,True
11310768,2001,Unknown,no_affiliation,,1,openalex,True
11310767,2001,Unknown,no_affiliation,,1,openalex,True
11310766,2001,Unknown,no_affiliation,,0,openalex,True
11310765,2001,India,openalex_ror,India,54,openalex,True
11310762,2001,Italy,openalex_ror,Italy,29,openalex,True
11310761,2001,Saudi Arabia,openalex_ror,Saudi Arabia,51,openalex,True
11310760,2001,Egypt,openalex_ror,Egypt,36,openalex,True
11310759,2001,Italy,affil_country_name,Italy,55,openalex,True
11310758,2001,Saudi Arabia,openalex_ror,Saudi Arabia,2,openalex,True
11309994,2000,United States,affil_country_name,United States,0,openalex,True
11297480,2001,Germany,openalex_ror,Germany,193,openalex,True
11297479,2001,United States,openalex_ror,United States,105,openalex,True
11294583,2001,Unknown,no_affiliation,,0,openalex,True
11292418,2001,India,openalex_ror,India,41,openalex,True
11292417,2001,United States,openalex_ror,United States,47,openalex,True
11292416,2001,United States,openalex_ror,United States,31,openalex,True
11291291,2000,Poland,openalex_ror,Poland,2,openalex,True
11290925,2001,Switzerland,openalex_ror,Switzerland,6,openalex,True
11290924,2001,United States,openalex_ror,United States,44,openalex,True
11286116,2000,Poland,openalex_ror,Poland,3,openalex,True
11286111,2000,Poland,openalex_ror,Poland,1,openalex,True
11286108,2000,Poland,openalex_ror,Poland,1,openalex,True
11284454,2001,Unknown,no_affiliation,,19,openalex,True
11272517,2001,United States,affil_country_name,United States,0,openalex,True
11271456,2001,Germany,openalex_ror,Germany,35,openalex,True
11264134,2001,Netherlands,openalex_ror,Netherlands,423,openalex,True
11264125,2001,United Kingdom,openalex_ror,United Kingdom,110,openalex,True
11263049,2001,Germany,openalex_ror,Germany,1,openalex,True
11255773,2001,Czechia,openalex_ror,Czechia,0,openalex,True
11255771,2001,Czechia,openalex_ror,Czechia,2,openalex,True
11255063,2001,United States,affil_country_name,United States,41,openalex,True
11255052,2001,Norway,affil_country_name,Norway,94,openalex,True
11255051,2001,United States,openalex_ror,United States,9,openalex,True
11255050,2001,United States,openalex_ror,United States,26,openalex,True
11255048,2001,Brazil,openalex_ror,Brazil,103,openalex,True
11255047,2001,Japan,affil_country_name,Japan,86,openalex,True
11255046,2001,Switzerland,openalex_ror,Switzerland,283,openalex,True
11255045,2001,Japan,openalex_ror,Japan,67,openalex,True
11255044,2001,United States,openalex_ror,United States,57,openalex,True
11255043,2001,Spain,affil_country_name,Spain,42,openalex,True
11255037,2001,Unknown,no_affiliation,,0,openalex,True
11253767,2001,Unknown,no_affiliation,,2,openalex,True
11253765,2001,Unknown,no_affiliation,,2,openalex,True
11253764,2001,Unknown,no_affiliation,,2,openalex,True
11253763,2001,Unknown,no_affiliation,,3,openalex,True
11231782,2001,United Kingdom,openalex_ror,United Kingdom,15,openalex,True
11248819,2001,Singapore,openalex_ror,Singapore,44,openalex,True
11248818,2001,United States,openalex_ror,United States,35,openalex,True
11240493,2001,France,affil_city_hint,France,0,openalex,True
11237909,2001,United States,openalex_ror,United States,22,openalex,True
11237908,2001,United States,openalex_ror,United States,28,openalex,True
11237887,2001,Unknown,no_affiliation,,4,openalex,True
11228304,2001,Japan,openalex_ror,Japan,5,openalex,True
11227164,2000,Germany,affil_city_hint,Germany,2,openalex,True
11227152,2000,Germany,openalex_ror,Germany,8,openalex,True
11226800,2001,United States,openalex_ror,United States,128,openalex,True
11226799,2001,South Korea,affil_country_name,South Korea,56,openalex,True
11226798,2001,India,openalex_ror,India,23,openalex,True
11226795,2001,Israel,affil_country_name,Israel,39,openalex,True
11226794,2001,Spain,affil_country_name_over_openalex,Spain,34,openalex,True
11226782,2001,Switzerland,openalex_ror,Switzerland,240,openalex,True
11225271,2000,Slovakia,openalex_ror,Slovakia,1,openalex,True
11225269,2000,Czechia,affil_city_hint,Czechia,1,openalex,True
11220273,2001,Germany,openalex_ror,Germany,3,openalex,True
11222344,2001,South Korea,openalex_ror,South Korea,81,openalex,True
11217488,2001,Switzerland,openalex_ror,Switzerland,0,openalex,True
11217252,2000,India,openalex_ror,India,8,openalex,True
11215609,2001,Unknown,no_affiliation,,0,openalex,True
11202466,2000,India,openalex_ror,India,3,openalex,True
11201784,2001,Unknown,no_affiliation,,1,openalex,True
11201783,2001,Unknown,no_affiliation,,16,openalex,True
11201782,2001,Unknown,no_affiliation,,0,openalex,True
11201779,2001,United States,openalex_ror,United States,59,openalex,True
11201778,2001,United States,openalex_ror,United States,13,openalex,True
11201777,2001,Australia,openalex_ror,Australia,40,openalex,True
11201776,2001,Argentina,openalex_ror,Argentina,23,openalex,True
11201773,2001,Spain,openalex_ror,Spain,74,openalex,True
11201772,2001,Spain,openalex_ror,Spain,65,openalex,True
11196209,2000,Unknown,no_affiliation,,0,openalex,True
11195740,2001,Italy,openalex_ror,Italy,20,openalex,True
11190041,2000,United States,openalex_ror,United States,41,openalex,True
11190040,2000,United States,openalex_ror,United States,17,openalex,True
11190029,2000,United States,openalex_ror,United States,31,openalex,True
11189003,2001,United States,openalex_ror,United States,49,openalex,True
11189002,2001,United States,openalex_ror,United States,78,openalex,True
11189000,2001,Israel,openalex_ror,Israel,87,openalex,True
11188999,2001,Spain,openalex_ror,Spain,172,openalex,True
11188859,2000,Argentina,affil_country_name,Argentina,0,openalex,True
11185595,2000,Unknown,no_affiliation,,13,openalex,True
11185594,2000,Unknown,no_affiliation,,1,openalex,True
11185591,2000,Unknown,no_affiliation,,13,openalex,True
11184225,2000,Unknown,no_affiliation,,2,openalex,True
11184224,2000,Unknown,no_affiliation,,5,openalex,True
11184223,2000,Unknown,no_affiliation,,6,openalex,True
11183871,2000,Unknown,no_affiliation,,5,openalex,True
11183870,2000,Unknown,no_affiliation,,5,openalex,True
11183852,2000,Unknown,no_affiliation,,1,openalex,True
11183850,2000,Unknown,no_affiliation,,14,openalex,True
11183849,2000,Unknown,no_affiliation,,1,openalex,True
11183846,2000,Unknown,no_affiliation,,5,openalex,True
11180974,2001,United Kingdom,openalex_ror,United Kingdom,33,openalex,True
11167281,2001,Italy,openalex_ror,Italy,65,openalex,True
11165862,2001,South Africa,affil_country_name,South Africa,51,openalex,True
11165861,2001,South Africa,affil_country_name,South Africa,31,openalex,True
11165860,2001,Denmark,openalex_ror,Denmark,72,openalex,True
11165858,2001,United States,openalex_ror,United States,332,openalex,True
11165857,2001,United Kingdom,openalex_ror,United Kingdom,31,openalex,True
11165856,2001,Unknown,affil_unresolved,,610,openalex,True
11165845,2001,Unknown,no_authors,,,,False
11162971,2001,United States,openalex_ror,United States,53,openalex,True
11159488,2001,Japan,openalex_ror,Japan,113,openalex,True
11158807,2001,Israel,openalex_ror,Israel,50,openalex,True
11158806,2001,South Korea,affil_country_name,South Korea,178,openalex,True
11158804,2001,United States,affil_country_name,United States,56,openalex,True
11158803,2001,Mexico,affil_country_name,Mexico,50,openalex,True
11158781,2001,Unknown,no_affiliation,,47,openalex,True
11151282,2000,Spain,openalex_ror,Spain,0,openalex,True
11151246,2000,Spain,openalex_ror,Spain,0,openalex,True
11151216,2000,Spain,openalex_ror,Spain,4,openalex,True
11151138,2000,Unknown,no_affiliation,,3,openalex,True
11150275,2001,India,openalex_ror,India,107,openalex,True
11150274,2001,United States,openalex_ror,United States,52,openalex,True
11150273,2001,Canada,affil_country_name,Canada,46,openalex,True
11150077,2001,Austria,openalex_ror,Austria,117,openalex,True
11134885,2000,Israel,openalex_ror,Israel,50,openalex,True
11134874,2000,Switzerland,openalex_ror,Switzerland,20,openalex,True
11134873,2000,United States,openalex_ror,United States,17,openalex,True
11134872,2000,United States,affil_country_name,United States,11,openalex,True
11134871,2000,Turkey,openalex_ror,Turkey,127,openalex,True
11134870,2000,United States,openalex_ror,United States,14,openalex,True
11134858,2000,Unknown,no_affiliation,,16,openalex,True
19569262,2001,Unknown,no_affiliation,,0,openalex,True
11130164,2000,Germany,openalex_ror,Germany,1,openalex,True
11127573,2000,United States,openalex_ror,United States,15,openalex,True
11124304,2000,United States,openalex_ror,United States,1,openalex,True
11124285,2000,Germany,openalex_ror,Germany,69,openalex,True
11116705,2000,Japan,openalex_ror,Japan,19,openalex,True
11116506,2000,India,affil_country_name,India,1,openalex,True
11115275,2000,Venezuela,openalex_ror,Venezuela,1,openalex,True
11115274,2000,Unknown,no_affiliation,,,,False
11110322,2000,Unknown,no_affiliation,,7,openalex,True
11110321,2000,Unknown,no_affiliation,,4,openalex,True
11110320,2000,Unknown,no_affiliation,,2,openalex,True
11110318,2000,Unknown,no_affiliation,,0,openalex,True
11110317,2000,United States,openalex_ror,United States,51,openalex,True
11110316,2000,United States,openalex_ror,United States,77,openalex,True
11110315,2000,Brazil,openalex_ror,Brazil,32,openalex,True
11110314,2000,Finland,openalex_ror,Finland,9,openalex,True
11110313,2000,United States,openalex_ror,United States,10,openalex,True
11110312,2000,Argentina,affil_country_name,Argentina,20,openalex,True
11110311,2000,Venezuela,affil_country_name,Venezuela,21,openalex,True
11110310,2000,Egypt,openalex_ror,Egypt,55,openalex,True
11110309,2000,Germany,openalex_ror,Germany,35,openalex,True
11110308,2000,Unknown,no_affiliation,,2,openalex,True
11105549,2000,Germany,openalex_ror,Germany,3,openalex,True
11097585,2000,United States,affil_country_name,United States,101,openalex,True
11097584,2000,United States,openalex_ror,United States,113,openalex,True
11097583,2000,Hong Kong,openalex_ror,Hong Kong,205,openalex,True
11097581,2000,Venezuela,affil_country_name,Venezuela,0,openalex,True
11097579,2000,Unknown,no_affiliation,,4,openalex,True
11097564,2000,Unknown,no_affiliation,,31,openalex,True
11097278,2000,Australia,affil_country_name,Australia,0,openalex,True
11095603,2000,United States,openalex_ror,United States,65,openalex,True
11095063,2000,India,openalex_ror,India,3,openalex,True
11095047,2000,United States,openalex_ror,United States,159,openalex,True
11094170,2000,Japan,affil_country_name,Japan,,,False
11084444,2000,France,openalex_ror,France,6,openalex,True
11084280,2000,Turkey,openalex_ror,Turkey,33,openalex,True
11084266,2000,South Africa,affil_country_name,South Africa,19,openalex,True
11084265,2000,Turkey,openalex_ror,Turkey,118,openalex,True
11084264,2000,Greece,affil_country_name,Greece,28,openalex,True
11084263,2000,United States,openalex_ror,United States,104,openalex,True
11084253,2000,Unknown,unresolved,,2,openalex,True
11078834,2000,Finland,openalex_ror,Finland,74,openalex,True
11076344,2000,Germany,openalex_ror,Germany,22,openalex,True
11076343,2000,Germany,openalex_ror,Germany,6,openalex,True
11071027,2000,Italy,openalex_ror,Italy,21,openalex,True
11066202,2000,Unknown,no_affiliation,,0,openalex,True
11059140,2000,Czechia,affil_city_hint,Czechia,0,openalex,True
11055213,2000,Unknown,no_affiliation,,0,openalex,True
11054333,2000,Germany,openalex_ror,Germany,44,openalex,True
11054311,2000,Unknown,no_affiliation,,7,openalex,True
11054301,2000,Unknown,no_affiliation,,2,openalex,True
11054299,2000,Unknown,no_affiliation,,5,openalex,True
11053271,2000,Hungary,openalex_ror,Hungary,18,openalex,True
11051314,2000,United States,openalex_ror,United States,11,openalex,True
11041724,2000,Unknown,no_affiliation,,55,openalex,True
11041721,2000,Unknown,no_affiliation,,7,openalex,True
11038864,1998,Unknown,no_affiliation,,0,openalex,True
11036448,2000,Denmark,openalex_ror,Denmark,1,openalex,True
11033666,2000,United States,affil_country_name,United States,0,openalex,True
11033407,2000,Germany,openalex_ror,Germany,25,openalex,True
11033396,2000,Spain,openalex_ror,Spain,19,openalex,True
11033395,2000,Turkey,openalex_ror,Turkey,13,openalex,True
11033394,2000,Turkey,affil_country_name,Turkey,37,openalex,True
11033392,2000,United States,openalex_ror,United States,3,openalex,True
11033391,2000,Turkey,openalex_ror,Turkey,69,openalex,True
11033390,2000,United States,openalex_ror,United States,37,openalex,True
11033389,2000,Colombia,affil_country_name,Colombia,48,openalex,True
11033157,2000,Japan,affil_country_name,Japan,,,False
11031875,2000,Unknown,no_affiliation,,0,openalex,True
11031866,2000,Unknown,no_affiliation,,1,openalex,True
11031865,2000,Unknown,no_affiliation,,0,openalex,True
11020629,2000,United States,openalex_ror,United States,4,openalex,True
11020617,2000,South Korea,openalex_ror,South Korea,168,openalex,True
11020616,2000,United States,affil_country_name,United States,11,openalex,True
11020615,2000,United States,openalex_ror,United States,166,openalex,True
11020604,2000,Unknown,no_authors,,,,False
11020408,2000,United States,openalex_ror,United States,77,openalex,True
11019891,2000,United States,openalex_ror,United States,66,openalex,True
11019890,2000,Australia,openalex_ror,Australia,38,openalex,True
11019887,2000,United States,openalex_ror,United States,33,openalex,True
11019886,2000,Switzerland,openalex_ror,Switzerland,81,openalex,True
11019885,2000,United States,affil_country_name,United States,33,openalex,True
11019883,2000,Germany,openalex_ror,Germany,19,openalex,True
11019879,2000,Germany,openalex_ror,Germany,30,openalex,True
11019877,2000,United States,openalex_ror,United States,79,openalex,True
11019871,2000,United States,openalex_ror,United States,190,openalex,True
11019867,2000,Spain,openalex_ror,Spain,118,openalex,True
11019866,2000,United States,openalex_ror,United States,54,openalex,True
11019865,2000,United States,openalex_ror,United States,27,openalex,True
11013188,2000,United States,affil_country_name,United States,122,openalex,True
11013186,2000,United States,openalex_ror,United States,43,openalex,True
11013176,2000,Unknown,no_affiliation,,81,openalex,True
11013167,2000,Unknown,no_affiliation,,24,openalex,True
11011716,2000,United States,openalex_ror,United States,6,openalex,True
11011709,2000,Italy,openalex_ror,Italy,10,openalex,True
11011683,2000,Germany,openalex_ror,Germany,6,openalex,True
11008494,2000,France,openalex_ror,France,0,openalex,True
11008042,2000,Turkey,affil_country_name,Turkey,31,openalex,True
11008041,2000,United States,openalex_ror,United States,20,openalex,True
11008040,2000,Canada,openalex_ror,Canada,61,openalex,True
11008039,2000,Argentina,openalex_ror,Argentina,45,openalex,True
11008038,2000,United States,openalex_ror,United States,51,openalex,True
11008025,2000,Unknown,no_authors,,,,False
11004301,2000,United States,affil_country_name,United States,34,openalex,True
11004254,2000,United States,openalex_ror,United States,12,openalex,True
11004253,2000,United States,openalex_ror,United States,43,openalex,True
10992061,2000,France,affil_country_name,France,5,openalex,True
10991684,2000,Unknown,no_affiliation,,0,openalex,True
10987013,1999,Unknown,unresolved,,0,openalex,True
10981794,2000,Australia,openalex_ror,Australia,13,openalex,True
10980762,2000,United States,openalex_ror,United States,67,openalex,True
10977772,2000,Canada,openalex_ror,Canada,53,openalex,True
10977771,2000,Unknown,no_affiliation,,12,openalex,True
10977770,2000,Australia,openalex_ror,Australia,46,openalex,True
10977769,2000,India,openalex_ror,India,15,openalex,True
10974288,2000,Japan,openalex_ror,Japan,0,openalex,True
10970240,2000,Unknown,no_affiliation,,15,openalex,True
10970239,2000,Unknown,no_affiliation,,9,openalex,True
10969507,2000,Taiwan,openalex_ror,Taiwan,12,openalex,True
10967044,2000,United States,affil_country_name,United States,170,openalex,True
10964847,2000,Canada,openalex_ror,Canada,114,openalex,True
10964846,2000,Canada,openalex_ror,Canada,54,openalex,True
10964817,2000,Unknown,no_affiliation,,18,openalex,True
10960222,2000,Unknown,no_affiliation,,1,openalex,True
10959185,2000,Germany,affil_city_hint,Germany,6,openalex,True
10957898,2000,South Korea,openalex_ror,South Korea,14,openalex,True
10950410,2000,Taiwan,openalex_ror,Taiwan,38,openalex,True
10950409,2000,Venezuela,affil_country_name,Venezuela,38,openalex,True
10946203,2000,Denmark,openalex_ror,Denmark,6,openalex,True
10946202,2000,United States,openalex_ror,United States,251,openalex,True
10946189,2000,United States,openalex_ror,United States,11,openalex,True
10946186,2000,South Africa,affil_country_name,South Africa,237,openalex,True
10946185,2000,Spain,openalex_ror,Spain,40,openalex,True
10941658,2000,United States,openalex_ror,United States,16,openalex,True
10941656,2000,United States,openalex_ror,United States,10,openalex,True
10941655,2000,Germany,openalex_ror,Germany,3,openalex,True
10941654,2000,Spain,openalex_ror,Spain,10,openalex,True
10941653,2000,United States,openalex_ror,United States,10,openalex,True
10941652,2000,Venezuela,affil_country_name,Venezuela,21,openalex,True
10941651,2000,United States,affil_country_name,United States,9,openalex,True
10941650,2000,United States,affil_country_name,United States,12,openalex,True
10941649,2000,United States,openalex_ror,United States,17,openalex,True
10941648,2000,United States,openalex_ror,United States,34,openalex,True
10941647,2000,United States,openalex_ror,United States,28,openalex,True
10941646,2000,United States,openalex_ror,United States,3,openalex,True
10941645,2000,Canada,affil_country_name,Canada,27,openalex,True
10941643,2000,United States,openalex_ror,United States,0,openalex,True
10939816,2000,United Kingdom,openalex_ror,United Kingdom,0,openalex,True
10939731,2000,Unknown,no_affiliation,,3,openalex,True
10939730,2000,Unknown,no_affiliation,,6,openalex,True
10939729,2000,Unknown,no_affiliation,,4,openalex,True
10939728,2000,South Korea,openalex_ror,South Korea,37,openalex,True
10939724,2000,United States,openalex_ror,United States,66,openalex,True
10939723,2000,Turkey,openalex_ror,Turkey,58,openalex,True
10939722,2000,Brazil,affil_country_name,Brazil,51,openalex,True
10939721,2000,United States,openalex_ror,United States,204,openalex,True
10939720,2000,Unknown,no_affiliation,,328,openalex,True
10937559,2000,Japan,openalex_ror,Japan,96,openalex,True
10933770,2000,New Zealand,openalex_ror,New Zealand,27,openalex,True
10933012,2000,South Korea,openalex_ror,South Korea,28,openalex,True
10933011,2000,South Korea,openalex_ror,South Korea,22,openalex,True
10929919,2000,Italy,openalex_ror,Italy,47,openalex,True
10928769,2000,Spain,openalex_ror,Spain,40,openalex,True
10926994,2000,India,affil_country_name,India,68,openalex,True
10926984,2000,United States,openalex_ror,United States,8,openalex,True
10926983,2000,United States,openalex_ror,United States,242,openalex,True
10925524,2000,Unknown,affil_unresolved,,13,openalex,True
10918841,2000,Unknown,no_affiliation,,0,openalex,True
10922207,2000,United States,openalex_ror,United States,37,openalex,True
10919913,2000,Italy,openalex_ror,Italy,57,openalex,True
10919911,2000,United States,openalex_ror,United States,8,openalex,True
10916219,2000,Slovakia,openalex_ror,Slovakia,0,openalex,True
10913658,2000,Japan,affil_country_name,Japan,,,False
10913646,2000,Japan,openalex_ror,Japan,20,openalex,True
10906113,2000,United States,affil_country_name,United States,1,openalex,True
10904604,1999,Unknown,no_affiliation,,0,openalex,True
10904584,1999,Germany,openalex_ror,Germany,0,openalex,True
10897967,1999,Unknown,no_affiliation,,0,openalex,True
10889442,2000,Switzerland,openalex_ror,Switzerland,34,openalex,True
10889441,2000,United States,openalex_ror,United States,44,openalex,True
10889440,2000,France,openalex_ror,France,41,openalex,True
10889439,2000,Unknown,no_affiliation,,93,openalex,True
10889435,2000,Taiwan,openalex_ror,Taiwan,4,openalex,True
10889434,2000,United Kingdom,openalex_ror,United Kingdom,84,openalex,True
10889433,2000,Japan,openalex_ror,Japan,73,openalex,True
10889431,2000,Taiwan,openalex_ror,Taiwan,16,openalex,True
10889430,2000,Italy,openalex_ror,Italy,26,openalex,True
10889092,2000,Denmark,openalex_ror,Denmark,304,openalex,True
10889090,2000,Canada,openalex_ror,Canada,163,openalex,True
10887925,2000,Italy,openalex_ror,Italy,10,openalex,True
10884778,2000,Unknown,no_affiliation,,1,openalex,True
10884777,2000,Unknown,no_affiliation,,1,openalex,True
10881424,2000,Russia,affil_country_name,Russia,1,openalex,True
10880920,2000,Unknown,affil_unresolved,,2,openalex,True
10880274,2000,Denmark,openalex_ror,Denmark,53,openalex,True
10877369,2000,Canada,openalex_ror,Canada,36,openalex,True
10874788,2000,Czechia,openalex_ror,Czechia,7,openalex,True
10858771,1999,India,affil_country_name,India,10,openalex,True
10857834,2000,Germany,affil_country_name,Germany,137,openalex,True
10857833,2000,Mexico,affil_country_name,Mexico,76,openalex,True
10857812,2000,Unknown,no_affiliation,,4,openalex,True
10844087,2000,United States,affil_country_name,United States,,,False
10844064,2000,United States,openalex_ror,United States,95,openalex,True
10850921,2000,Unknown,no_affiliation,,0,openalex,True
10850918,2000,Unknown,no_affiliation,,1,openalex,True
10850917,2000,Unknown,no_affiliation,,4,openalex,True
10850916,2000,Unknown,no_affiliation,,12,openalex,True
10848472,2000,Unknown,no_affiliation,,0,openalex,True
10847037,1999,Unknown,no_affiliation,,0,openalex,True
10845023,2000,Turkey,openalex_ror,Turkey,34,openalex,True
10832994,2000,Unknown,no_affiliation,,4,openalex,True
10832993,2000,Unknown,no_affiliation,,0,openalex,True
10832992,2000,Unknown,no_affiliation,,0,openalex,True
10832991,2000,Unknown,unresolved,,2,openalex,True
10832990,2000,United States,openalex_ror,United States,72,openalex,True
10832989,2000,Lebanon,openalex_ror,Lebanon,32,openalex,True
10832988,2000,France,openalex_ror,France,104,openalex,True
10832987,2000,United States,affil_country_name,United States,20,openalex,True
10832986,2000,Turkey,openalex_ror,Turkey,53,openalex,True
10832985,2000,Germany,openalex_ror,Germany,178,openalex,True
10832984,2000,Germany,openalex_ror,Germany,1,openalex,True
10832982,2000,Spain,openalex_ror,Spain,41,openalex,True
10832980,2000,Netherlands,openalex_ror,Netherlands,25,openalex,True
10832715,2000,United States,openalex_ror,United States,79,openalex,True
10832696,2000,United States,openalex_ror,United States,38,openalex,True
10832695,2000,United States,openalex_ror,United States,92,openalex,True
10832691,2000,Singapore,openalex_ror,Singapore,27,openalex,True
10832681,2000,United States,openalex_ror,United States,144,openalex,True
10831906,2000,United States,openalex_ror,United States,11,openalex,True
10831898,2000,United States,openalex_ror,United States,47,openalex,True
10831897,2000,India,openalex_ror,India,83,openalex,True
10831896,2000,France,openalex_ror,France,53,openalex,True
10831894,2000,United States,openalex_ror,United States,10,openalex,True
10831893,2000,United States,openalex_ror,United States,80,openalex,True
10831879,2000,Unknown,no_affiliation,,8,openalex,True
10820635,2000,Unknown,affil_unresolved,,0,openalex,True
10820627,2000,United States,affil_country_name,United States,6,openalex,True
10819625,2000,Unknown,no_affiliation,,60,openalex,True
10811085,2000,United States,openalex_ror,United States,123,openalex,True
10811084,2000,United States,openalex_ror,United States,123,openalex,True
10811067,2000,Unknown,no_affiliation,,1,openalex,True
10811066,2000,Unknown,no_affiliation,,3,openalex,True
10811062,2000,Unknown,no_affiliation,,1,openalex,True
10810942,2000,Greece,affil_country_name,Greece,17,openalex,True
10810940,2000,United States,openalex_ror,United States,3,openalex,True
10808783,1999,Australia,affil_city_hint,Australia,3,openalex,True
10795201,1999,United States,affil_country_name,United States,0,openalex,True
10794991,2000,France,openalex_ror,France,2,openalex,True
10794982,2000,France,openalex_ror,France,13,openalex,True
10794980,2000,France,openalex_ror,France,0,openalex,True
10787324,2000,Unknown,no_affiliation,,3,openalex,True
10783966,2000,Switzerland,openalex_ror,Switzerland,6,openalex,True
10771242,2000,Mexico,openalex_ror,Mexico,15,openalex,True
10771240,2000,India,affil_country_name,India,82,openalex,True
10771228,2000,Germany,affil_country_name,Germany,1,openalex,True
10771227,2000,United States,openalex_ror,United States,24,openalex,True
10771226,2000,South Korea,openalex_ror,South Korea,32,openalex,True
10771225,2000,United Kingdom,openalex_ror,United Kingdom,27,openalex,True
10771223,2000,United States,openalex_ror,United States,28,openalex,True
10771222,2000,United Kingdom,openalex_ror,United Kingdom,110,openalex,True
10771214,2000,Unknown,no_authors,,,,False
10771210,2000,Unknown,no_affiliation,,2,openalex,True
10768328,2000,United States,openalex_ror,United States,26,openalex,True
10768327,2000,Spain,affil_country_name,Spain,40,openalex,True
10768326,2000,United States,affil_country_name,United States,34,openalex,True
10768325,2000,Canada,openalex_ror,Canada,179,openalex,True
10766390,2000,Unknown,no_affiliation,,2,openalex,True
10766389,2000,United States,openalex_ror,United States,61,openalex,True
10766388,2000,China,openalex_ror,China,21,openalex,True
10766387,2000,United States,openalex_ror,United States,13,openalex,True
10766386,2000,Egypt,openalex_ror,Egypt,27,openalex,True
10766385,2000,Spain,openalex_ror,Spain,16,openalex,True
10766384,2000,United States,openalex_ror,United States,13,openalex,True
10766383,2000,United States,affil_country_name,United States,5,openalex,True
10766382,2000,United Kingdom,openalex_ror,United Kingdom,52,openalex,True
10766381,2000,Italy,openalex_ror,Italy,151,openalex,True
10766380,2000,United States,openalex_ror,United States,11,openalex,True
10766379,2000,Germany,openalex_ror,Germany,197,openalex,True
10764853,2000,United States,openalex_ror,United States,55,openalex,True
10761298,2000,Czechia,openalex_ror,Czechia,0,openalex,True
10752339,2000,Japan,openalex_ror,Japan,4,openalex,True
10746458,2000,United States,openalex_ror,United States,58,openalex,True
10746450,2000,United States,openalex_ror,United States,33,openalex,True
10746449,2000,United States,openalex_ror,United States,16,openalex,True
10746448,2000,United States,openalex_ror,United States,113,openalex,True
10746447,2000,Finland,openalex_ror,Finland,17,openalex,True
10746441,2000,United States,openalex_ror,United States,71,openalex,True
10744204,2000,Italy,openalex_ror,Italy,18,openalex,True
10744203,2000,Italy,openalex_ror,Italy,46,openalex,True
10743922,2000,Turkey,openalex_ror,Turkey,53,openalex,True
10743921,2000,Italy,openalex_ror,Italy,33,openalex,True
10743381,2000,Unknown,no_affiliation,,0,openalex,True
10741310,2000,United Kingdom,openalex_ror,United Kingdom,15,openalex,True
10741255,2000,Unknown,no_affiliation,,0,openalex,True
10733358,2000,France,openalex_ror,France,6,openalex,True
10733357,2000,France,openalex_ror,France,2,openalex,True
10732480,1999,Unknown,no_affiliation,,0,openalex,True
10726787,2000,Denmark,openalex_ror,Denmark,23,openalex,True
10724826,2000,Germany,openalex_ror,Germany,89,openalex,True
10721970,2000,United States,openalex_ror,United States,50,openalex,True
10677905,1999,Czechia,openalex_ror,Czechia,0,openalex,True
10677899,1999,Czechia,openalex_ror,Czechia,0,openalex,True
10713913,2000,United States,openalex_ror,United States,17,openalex,True
10713245,2000,India,openalex_ror,India,47,openalex,True
10713244,2000,India,openalex_ror,India,22,openalex,True
10713242,2000,Sweden,openalex_ror,Sweden,83,openalex,True
10713241,2000,Japan,openalex_ror,Japan,28,openalex,True
10713230,2000,United States,openalex_ror,United States,3,openalex,True
10713229,2000,Hong Kong,openalex_ror,Hong Kong,70,openalex,True
10713228,2000,Turkey,openalex_ror,Turkey,10,openalex,True
10713227,2000,United States,openalex_ror,United States,28,openalex,True
10713226,2000,Spain,openalex_ror,Spain,14,openalex,True
10713225,2000,United States,openalex_ror,United States,62,openalex,True
10713222,2000,Unknown,no_affiliation,,7,openalex,True
10712822,2000,Hungary,openalex_ror,Hungary,17,openalex,True
10711883,2000,Canada,affil_country_name,Canada,10,openalex,True
10710888,2000,Thailand,openalex_ror,Thailand,3,openalex,True
10704558,2000,United States,openalex_ror,United States,68,openalex,True
10704557,2000,United States,openalex_ror,United States,44,openalex,True
10704556,2000,United States,openalex_ror,United States,16,openalex,True
10703127,1999,United States,affil_country_name,United States,41,openalex,True
10703126,1999,United States,openalex_ror,United States,37,openalex,True
24364840,2000,Unknown,no_affiliation,,13,openalex,True
24364821,2000,Unknown,no_affiliation,,11,openalex,True
24364803,2000,Unknown,no_affiliation,,5,openalex,True
24364742,2000,Unknown,no_affiliation,,3,openalex,True
24364730,2000,Unknown,no_affiliation,,8,openalex,True
24364698,2000,Unknown,no_affiliation,,8,openalex,True
24364677,2000,Unknown,no_affiliation,,20,openalex,True
24364666,2000,Unknown,no_affiliation,,11,openalex,True
24364621,2000,Unknown,no_affiliation,,1,openalex,True
24364564,2000,Unknown,no_affiliation,,11,openalex,True
24364539,2000,Unknown,no_affiliation,,6,openalex,True
24364509,2000,Unknown,no_affiliation,,2,openalex,True
24364384,2000,Unknown,no_affiliation,,10,openalex,True
10693625,2000,United States,affil_country_name,United States,21,openalex,True
10693624,2000,Germany,openalex_ror,Germany,57,openalex,True
10693623,2000,United States,openalex_ror,United States,61,openalex,True
10693622,2000,Turkey,openalex_ror,Turkey,6,openalex,True
10693621,2000,Germany,openalex_ror,Germany,6,openalex,True
10693620,2000,United States,openalex_ror,United States,8,openalex,True
10693619,2000,Germany,openalex_ror,Germany,18,openalex,True
10693618,2000,United States,affil_country_name,United States,24,openalex,True
10693617,2000,United States,affil_country_name,United States,14,openalex,True
10693616,2000,Austria,openalex_ror,Austria,7,openalex,True
10693615,2000,Germany,openalex_ror,Germany,54,openalex,True
10690821,2000,Venezuela,affil_country_name,Venezuela,114,openalex,True
10690820,2000,Canada,affil_country_name,Canada,95,openalex,True
10690814,2000,Unknown,no_affiliation,,8,openalex,True
10690813,2000,Unknown,no_affiliation,,2,openalex,True
10690809,2000,Unknown,no_affiliation,,5,openalex,True
10683802,2000,Austria,openalex_ror,Austria,11,openalex,True
10683801,2000,South Korea,openalex_ror,South Korea,109,openalex,True
10683790,2000,United Kingdom,openalex_ror,United Kingdom,12,openalex,True
10683788,2000,United States,openalex_ror,United States,114,openalex,True
10683782,2000,Unknown,no_authors,,,,False
10683775,2000,Unknown,no_affiliation,,1,openalex,True
10676799,2000,United States,openalex_ror,United States,109,openalex,True
10676798,2000,Unknown,no_affiliation,,4,openalex,True
10674314,1999,Switzerland,openalex_ror,Switzerland,0,openalex,True
10672881,1999,Japan,openalex_ror,Japan,30,openalex,True
10670467,2000,Finland,openalex_ror,Finland,241,openalex,True
10670464,2000,Finland,openalex_ror,Finland,239,openalex,True
10669427,2000,United States,imputed_affil_country_over_openalex,United Kingdom,5,openalex,True
10668319,2000,Sweden,affil_city_hint,Sweden,0,openalex,True
10665290,1999,Unknown,no_affiliation,,0,openalex,True
10665278,1999,Unknown,no_affiliation,,0,openalex,True
10664050,2000,Germany,openalex_ror,Germany,231,openalex,True
10656312,2000,United States,openalex_ror,United States,4,openalex,True
10656306,2000,Brazil,affil_country_name,Brazil,27,openalex,True
10653419,2000,Spain,affil_country_name,Spain,26,openalex,True
10653415,2000,United States,openalex_ror,United States,77,openalex,True
10653414,2000,Germany,openalex_ror,Germany,71,openalex,True
10647725,2000,United States,openalex_ror,United States,313,openalex,True
10647724,2000,Spain,openalex_ror,Spain,211,openalex,True
10647722,2000,United Kingdom,affil_country_name,United Kingdom,31,openalex,True
10647711,2000,Unknown,no_affiliation,,1,openalex,True
10647710,2000,Unknown,no_affiliation,,3,openalex,True
10646161,2000,Canada,openalex_ror,Canada,76,openalex,True
10646160,2000,United States,openalex_ror,United States,17,openalex,True
10646159,2000,Hong Kong,openalex_ror,China|Hong Kong,50,openalex,True
10646146,2000,United States,openalex_ror,United States,29,openalex,True
10646145,2000,United States,openalex_ror,United States,52,openalex,True
10646143,2000,Taiwan,openalex_ror,Taiwan,102,openalex,True
10646135,2000,Unknown,no_affiliation,,9,openalex,True
10643315,1999,Germany,openalex_ror,Germany,0,openalex,True
10641127,1999,Colombia,openalex_ror,Colombia,0,openalex,True
10641102,1999,Greece,openalex_ror,Greece,7,openalex,True
10637793,1999,Unknown,no_affiliation,,9,openalex,True
10636408,2000,Germany,openalex_ror,Germany,313,openalex,True
10634603,2000,United States,openalex_ror,United States,40,openalex,True
10632020,2000,United States,openalex_ror,United States,6,openalex,True
10632013,2000,Germany,openalex_ror,Germany,17,openalex,True
10632002,2000,India,affil_country_name_over_openalex,India,15,openalex,True
10631833,1999,United States,openalex_ror,United States,21,openalex,True
10623011,1999,United States,affil_country_name,United States,0,openalex,True
10623004,1999,Unknown,unresolved,,0,openalex,True
10621533,1999,United States,openalex_ror,United States,19,openalex,True
10621531,1999,United Kingdom,openalex_ror,United Kingdom,33,openalex,True
10620931,1999,Unknown,no_affiliation,,2,openalex,True
10612513,1999,United States,openalex_ror,United States,12,openalex,True
10612402,1999,United States,openalex_ror,United States,282,openalex,True
10611102,2000,Japan,openalex_ror,Japan,15,openalex,True
10609240,1999,Germany,openalex_ror,Germany,2,openalex,True
10609216,1999,United States,openalex_ror,United States,46,openalex,True
10609204,1999,United Kingdom,openalex_ror,United Kingdom,61,openalex,True
10609203,1999,United States,openalex_ror,United States,53,openalex,True
10609202,1999,Canada,openalex_ror,Canada,91,openalex,True
10609201,1999,Italy,openalex_ror,Italy,10,openalex,True
10609200,1999,India,openalex_ror,India,91,openalex,True
10609196,1999,Unknown,unresolved,,0,openalex,True
10609191,1999,Unknown,no_affiliation,,5,openalex,True
10599677,1999,Mexico,affil_country_name,Mexico,51,openalex,True
10599238,1999,Unknown,unresolved,,0,openalex,True
10596481,1999,Czechia,openalex_ror,Czechia,0,openalex,True
10541157,1999,Unknown,no_affiliation,,4,openalex,True
10590009,1999,United States,openalex_ror,United States,20,openalex,True
10590007,1999,United States,openalex_ror,United States,23,openalex,True
10590006,1999,Canada,openalex_ror,Canada,2,openalex,True
10590005,1999,Taiwan,affil_country_name,Taiwan,21,openalex,True
10590004,1999,United States,openalex_ror,United States,32,openalex,True
10590003,1999,Egypt,openalex_ror,Egypt,26,openalex,True
10590002,1999,Colombia,affil_country_name,Colombia,86,openalex,True
10589236,1999,Japan,openalex_ror,Japan,2,openalex,True
10582021,1999,Unknown,no_affiliation,,1,openalex,True
10582017,1999,Unknown,no_affiliation,,1,openalex,True
10580656,1999,Japan,openalex_ror,Japan,12,openalex,True
10580655,1999,Japan,openalex_ror,Japan,7,openalex,True
10577595,1999,Japan,openalex_ror,Japan,9,openalex,True
10577536,1999,Hungary,openalex_ror,Hungary,10,openalex,True
10577526,1999,Spain,openalex_ror,Spain,93,openalex,True
10577525,1999,United States,openalex_ror,United States,21,openalex,True
10574814,1999,Finland,openalex_ror,Finland,9,openalex,True
10574496,1999,United States,openalex_ror,United States,47,openalex,True
10572885,1999,Germany,openalex_ror,Germany,2,openalex,True
10571362,1999,United States,affil_country_name,United States,152,openalex,True
10571361,1999,Saudi Arabia,openalex_ror,Saudi Arabia,33,openalex,True
10571360,1999,Germany,openalex_ror,Germany,33,openalex,True
10571335,1999,Unknown,no_affiliation,,4,openalex,True
10571301,1999,United States,openalex_ror,United States,12,openalex,True
10571295,1999,United States,openalex_ror,United States,5,openalex,True
10569175,1999,Unknown,no_affiliation,,35,openalex,True
10569160,1999,Canada,openalex_ror,Canada,45,openalex,True
10569159,1999,Spain,openalex_ror,Spain,39,openalex,True
10569158,1999,South Korea,openalex_ror,South Korea,42,openalex,True
10569157,1999,Hong Kong,openalex_ror,China|Hong Kong,53,openalex,True
10569156,1999,United States,affil_country_name,United States,30,openalex,True
10569153,1999,Unknown,no_affiliation,,5,openalex,True
10558425,1999,Unknown,unresolved,,0,openalex,True
10555738,1999,Singapore,openalex_ror,Singapore,13,openalex,True
10537775,1999,United Kingdom,openalex_ror,United Kingdom,9,openalex,True
10535863,1999,Japan,openalex_ror,Japan,63,openalex,True
10532458,1999,United States,openalex_ror,United States,47,openalex,True
10532457,1999,Japan,openalex_ror,Japan,14,openalex,True
10530309,1999,Unknown,no_affiliation,,1,openalex,True
10530293,1999,Unknown,no_affiliation,,0,openalex,True
10529288,1999,Unknown,unresolved,,0,openalex,True
10529287,1999,Unknown,unresolved,,0,openalex,True
10523968,1999,Unknown,no_affiliation,,1,openalex,True
10519595,1999,Italy,openalex_ror,Italy,27,openalex,True
10519594,1999,United States,openalex_ror,United States,111,openalex,True
10519576,1999,Unknown,no_affiliation,,0,openalex,True
10519575,1999,Unknown,no_affiliation,,0,openalex,True
10511934,1999,Japan,openalex_ror,Japan,56,openalex,True
10511933,1999,Israel,openalex_ror,Israel,102,openalex,True
10511932,1999,Unknown,no_affiliation,,13,openalex,True
10511929,1999,South Africa,affil_country_name,South Africa,18,openalex,True
10511927,1999,Unknown,unresolved,,0,openalex,True
10511922,1999,Unknown,no_affiliation,,45,openalex,True
10509676,1999,Australia,openalex_ror,Australia,34,openalex,True
10509081,1999,United States,openalex_ror,United States,23,openalex,True
20086667,1999,United States,affil_country_name,United States,2,openalex,True
10504088,1999,Unknown,no_affiliation,,6,openalex,True
10504087,1999,Unknown,no_affiliation,,1,openalex,True
10504086,1999,South Korea,openalex_ror,South Korea,3,openalex,True
10504085,1999,Austria,affil_country_name,Austria,3,openalex,True
10504082,1999,France,openalex_ror,France,9,openalex,True
10504081,1999,Germany,openalex_ror,Germany,9,openalex,True
10504080,1999,Italy,openalex_ror,Italy,62,openalex,True
10504079,1999,Netherlands,openalex_ror,Netherlands,4,openalex,True
10504078,1999,United States,openalex_ror,United States,46,openalex,True
10504077,1999,Spain,openalex_ror,Spain,47,openalex,True
10494270,1999,United States,openalex_ror,United States,1,openalex,True
10493015,1999,Czechia,openalex_ror,Czechia,0,openalex,True
10493014,1999,Czechia,openalex_ror,Czechia,0,openalex,True
10487433,1999,United States,affil_country_name,United States,,,False
10487077,1999,Singapore,openalex_ror,Singapore,4,openalex,True
10486688,1999,Canada,openalex_ror,Canada,20,openalex,True
10485535,1999,United States,openalex_ror,United States,22,openalex,True
10482087,1999,United States,openalex_ror,United States,37,openalex,True
10477505,1999,Germany,openalex_ror,Germany,9,openalex,True
10476501,1999,Colombia,openalex_ror,Colombia,38,openalex,True
10476500,1999,United States,openalex_ror,United States,44,openalex,True
10476498,1999,United States,openalex_ror,United States,26,openalex,True
10476493,1999,Unknown,no_affiliation,,0,openalex,True
10472771,1998,Turkey,openalex_ror,Turkey,5,openalex,True
10463406,1999,Denmark,openalex_ror,Denmark,19,openalex,True
10460767,1999,Australia,affil_country_name,Australia,78,openalex,True
10460766,1999,Germany,openalex_ror,Germany,48,openalex,True
10458302,1999,Spain,openalex_ror,Spain,18,openalex,True
10458198,1999,Unknown,no_affiliation,,0,openalex,True
10458073,1999,Czechia,openalex_ror,Czechia,0,openalex,True
10458072,1999,Czechia,openalex_ror,Czechia,0,openalex,True
10458071,1999,Czechia,affil_city_hint,Czechia,9,openalex,True
10457689,1999,Unknown,no_affiliation,,15,openalex,True
10457672,1998,United States,openalex_ror,United States,25,openalex,True
10447646,1999,Germany,affil_country_name,Germany,81,openalex,True
10445722,1999,Saudi Arabia,openalex_ror,Saudi Arabia,26,openalex,True
10445719,1999,Belgium,affil_country_name,Belgium,18,openalex,True
10445718,1999,Germany,openalex_ror,Germany,100,openalex,True
10445717,1999,Canada,openalex_ror,Canada,12,openalex,True
10445715,1999,Germany,openalex_ror,Germany,19,openalex,True
10445714,1999,Egypt,openalex_ror,Egypt,65,openalex,True
10445713,1999,Brazil,openalex_ror,Brazil,17,openalex,True
10445711,1999,Qatar,affil_country_name,Qatar,74,openalex,True
10445207,1999,South Korea,openalex_ror,South Korea,36,openalex,True
10445195,1999,United States,openalex_ror,United States,27,openalex,True
10445194,1999,South Korea,openalex_ror,South Korea,75,openalex,True
10445193,1999,United States,openalex_ror,United States,35,openalex,True
10445191,1999,Unknown,no_affiliation,,25,openalex,True
10445190,1999,France,affil_country_name,France,22,openalex,True
10445189,1999,United States,openalex_ror,United States,15,openalex,True
10445182,1999,Unknown,no_affiliation,,20,openalex,True
10445181,1999,Unknown,no_affiliation,,2,openalex,True
10442893,1999,United States,openalex_ror,United States,42,openalex,True
10442891,1999,United States,affil_country_name,United States,58,openalex,True
10442890,1999,Canada,affil_country_name,Canada,10,openalex,True
10442889,1999,Canada,openalex_ror,Canada,87,openalex,True
10442888,1999,Unknown,no_affiliation,,3,openalex,True
10442887,1999,Unknown,no_affiliation,,5,openalex,True
10442722,1999,United States,openalex_ror,United States,22,openalex,True
10434198,1999,France,openalex_ror,France,0,openalex,True
10432847,1999,Unknown,no_affiliation,,0,openalex,True
10432790,1999,Unknown,no_affiliation,,0,openalex,True
10429498,1999,Germany,openalex_ror,Germany,4,openalex,True
10429497,1999,Germany,openalex_ror,Germany|Russia,0,openalex,True
10424313,1999,Argentina,affil_country_name,Argentina,80,openalex,True
10422856,1999,Turkey,openalex_ror,Turkey,47,openalex,True
10422855,1999,United States,affil_country_name,United States,57,openalex,True
10414119,1999,Germany,openalex_ror,Germany,3,openalex,True
10412332,1999,South Korea,openalex_ror,South Korea,10,openalex,True
10409851,1999,Germany,openalex_ror,Germany,17,openalex,True
10409849,1999,Germany,openalex_ror,Germany,0,openalex,True
10408467,1999,Unknown,no_affiliation,,35,openalex,True
10407800,1999,Germany,openalex_ror,Germany,5,openalex,True
10404381,1999,United States,openalex_ror,United States,110,openalex,True
10404380,1999,China,affil_country_name_over_openalex,China,22,openalex,True
10404375,1999,United States,openalex_ror,United States,82,openalex,True
10404368,1999,New Zealand,affil_country_name,New Zealand,25,openalex,True
10404365,1999,France,openalex_ror,France,21,openalex,True
10404357,1999,Unknown,no_affiliation,,1,openalex,True
10393035,1999,United States,openalex_ror,United States,83,openalex,True
10392731,1999,Italy,openalex_ror,Italy,13,openalex,True
10387471,1998,United States,openalex_ror,United States,67,openalex,True
10387465,1998,Canada,openalex_ror,Canada,35,openalex,True
10387463,1998,United States,affil_country_name,United States,125,openalex,True
10387322,1999,Venezuela,affil_city_hint,United States|Venezuela,3,openalex,True
10381679,1999,Unknown,no_affiliation,,4,openalex,True
10377868,1999,Unknown,no_affiliation,,0,openalex,True
10374404,1998,China,openalex_ror,China,5,openalex,True
10374171,1999,Canada,openalex_ror,Canada|United Kingdom,27,openalex,True
10374167,1999,South Korea,openalex_ror,South Korea,108,openalex,True
10374166,1999,Argentina,affil_country_name,Argentina,10,openalex,True
10374165,1999,Austria,affil_country_name,Austria,42,openalex,True
10372883,1999,United States,openalex_ror,United States,23,openalex,True
10368010,1999,Austria,openalex_ror,Austria,7,openalex,True
10367582,1999,Unknown,no_affiliation,,3,openalex,True
10367581,1999,Unknown,no_affiliation,,0,openalex,True
10367579,1999,Japan,openalex_ror,Japan,2,openalex,True
10367577,1999,Greece,openalex_ror,Greece,52,openalex,True
10367576,1999,Israel,openalex_ror,Israel,7,openalex,True
10367575,1999,United Kingdom,openalex_ror,United Kingdom,12,openalex,True
10367571,1999,Argentina,openalex_ror,Argentina,122,openalex,True
10366276,1999,Unknown,unresolved,,0,openalex,True
10366086,1999,Germany,openalex_ror,Germany,219,openalex,True
10363508,1999,Japan,openalex_ror,Japan,5,openalex,True
10363507,1999,Japan,openalex_ror,Japan,13,openalex,True
10360290,1998,United States,openalex_ror,United States,43,openalex,True
10340797,1999,Japan,openalex_ror,Japan,19,openalex,True
10336042,1999,Australia,affil_country_name,Australia,58,openalex,True
10336040,1999,United States,affil_country_name,United States,25,openalex,True
10336033,1999,France,openalex_ror,France,33,openalex,True
10334340,1999,Spain,openalex_ror,Spain,179,openalex,True
10334022,1999,Japan,openalex_ror,Japan,35,openalex,True
10334021,1999,United States,openalex_ror,United States,73,openalex,True
10334020,1999,Spain,openalex_ror,Spain,62,openalex,True
10333840,1999,Canada,openalex_ror,Canada,16,openalex,True
10330651,1999,Germany,openalex_ror,Germany,85,openalex,True
10330650,1999,France,openalex_ror,France,3,openalex,True
10330646,1999,United States,openalex_ror,United States,65,openalex,True
10330645,1999,Turkey,openalex_ror,Turkey,11,openalex,True
10330644,1999,United States,openalex_ror,United States,29,openalex,True
10330643,1999,Spain,openalex_ror,Spain,26,openalex,True
10330642,1999,United States,openalex_ror,United States,310,openalex,True
10330628,1999,Unknown,no_affiliation,,5,openalex,True
10330624,1999,Unknown,no_affiliation,,24,openalex,True
10328407,1999,United States,openalex_ror,United States,40,openalex,True
10327360,1999,France,openalex_ror,France,2,openalex,True
10327358,1999,France,openalex_ror,France,0,openalex,True
10327347,1999,France,openalex_ror,France,11,openalex,True
10327346,1999,France,affil_city_hint,France,2,openalex,True
10326963,1999,United States,openalex_ror,United States,85,openalex,True
10321525,1999,Sweden,openalex_ror,Sweden,60,openalex,True
10235559,1999,Japan,openalex_ror,Japan,63,openalex,True
10226660,1999,Unknown,no_affiliation,,0,openalex,True
10224844,1999,Hungary,openalex_ror,Hungary,3,openalex,True
10224503,1999,South Korea,openalex_ror,South Korea,3,openalex,True
10221185,1999,France,openalex_ror,France,7,openalex,True
10220724,1999,Germany,openalex_ror,Germany,17,openalex,True
10216064,1999,Japan,openalex_ror,Japan,11,openalex,True
10214060,1999,Japan,openalex_ror,Japan,3,openalex,True
10214055,1999,Japan,openalex_ror,Japan,0,openalex,True
10211324,1998,United Kingdom,openalex_ror,United Kingdom,4,openalex,True
10208268,1999,Germany,openalex_ror,Germany,14,openalex,True
10202739,1999,Russia,affil_country_name,Russia,2,openalex,True
10202738,1999,United States,affil_country_name,United States,1,openalex,True
10202737,1999,Mexico,affil_country_name,Mexico,3,openalex,True
10202736,1999,Germany,openalex_ror,Germany,5,openalex,True
10202735,1999,United States,openalex_ror,United States,6,openalex,True
10202734,1999,United States,openalex_ror,United States,44,openalex,True
10202733,1999,India,openalex_ror,India,9,openalex,True
10202732,1999,Italy,affil_country_name,Italy,8,openalex,True
10202731,1999,United States,affil_country_name,United States,7,openalex,True
10202730,1999,Russia,affil_country_name,Russia,13,openalex,True
10202729,1999,Canada,affil_country_name,Canada,18,openalex,True
10202728,1999,Australia,openalex_ror,Australia,45,openalex,True
10202727,1999,Israel,affil_country_name,Israel,10,openalex,True
10202726,1999,Russia,affil_country_name,Russia,16,openalex,True
10202725,1999,Brazil,affil_country_name,Brazil,10,openalex,True
10202724,1999,Bahrain,affil_country_name,Bahrain,34,openalex,True
10202723,1999,Unknown,no_affiliation,,23,openalex,True
10202722,1999,Brazil,affil_country_name,Brazil,8,openalex,True
10202721,1999,Argentina,openalex_ror,Argentina,1,openalex,True
10202720,1999,Germany,affil_country_name,Germany,31,openalex,True
10202719,1999,Bolivia,openalex_ror,Bolivia,3,openalex,True
10202718,1999,Russia,affil_country_name,Russia,0,openalex,True
10202717,1999,United Kingdom,affil_country_name,United Kingdom,3,openalex,True
10202716,1999,Italy,openalex_ror,Italy,10,openalex,True
10202715,1999,Italy,openalex_ror,Italy,43,openalex,True
10202714,1999,Unknown,no_affiliation,,8,openalex,True
10202712,1999,Unknown,no_affiliation,,0,openalex,True
10202710,1999,United States,affil_country_name,United States,32,openalex,True
10202709,1999,United States,openalex_ror,United States,19,openalex,True
10202708,1999,Greece,openalex_ror,Greece,20,openalex,True
10202707,1999,United Kingdom,openalex_ror,United Kingdom,11,openalex,True
10202706,1999,United States,openalex_ror,United States,21,openalex,True
10202704,1999,Australia,affil_country_name,Australia,15,openalex,True
10202703,1999,Mexico,openalex_ror,Mexico,30,openalex,True
10201594,1999,United States,openalex_ror,United States,52,openalex,True
10201589,1999,Germany,openalex_ror,Germany,267,openalex,True
10198868,1999,United States,openalex_ror,United States,235,openalex,True
10198855,1999,United States,openalex_ror,United States,11,openalex,True
10198853,1999,United States,openalex_ror,United States,5,openalex,True
10198852,1999,Israel,openalex_ror,Israel,43,openalex,True
10198851,1999,Brazil,openalex_ror,Brazil,93,openalex,True
10198842,1999,Unknown,no_affiliation,,67,openalex,True
10192809,1999,Japan,openalex_ror,Japan,10,openalex,True
10192516,1999,United States,openalex_ror,United States,458,openalex,True
10188371,1998,South Korea,openalex_ror,South Korea,35,openalex,True
10102278,1999,United States,openalex_ror,United States,21,openalex,True
10095355,1999,Germany,openalex_ror,Germany,24,openalex,True
10091371,1999,Slovakia,openalex_ror,Slovakia,1,openalex,True
10090375,1999,Turkey,openalex_ror,Turkey,15,openalex,True
10089747,1999,Japan,openalex_ror,Japan,2,openalex,True
10088057,1999,Unknown,affil_unresolved,,1,openalex,True
10083905,1999,United States,openalex_ror,United States,7,openalex,True
10080204,1999,Germany,openalex_ror,Germany,12,openalex,True
10080203,1999,United States,openalex_ror,United States,61,openalex,True
10080202,1999,United States,openalex_ror,United States,184,openalex,True
10080201,1999,Israel,affil_country_name,Israel,31,openalex,True
10080199,1999,Saudi Arabia,affil_country_name,Saudi Arabia,190,openalex,True
10079445,1999,United States,openalex_ror,United States,59,openalex,True
10079444,1999,Turkey,openalex_ror,Turkey,19,openalex,True
10079443,1999,Argentina,openalex_ror,Argentina,14,openalex,True
10079442,1999,South Korea,openalex_ror,South Korea,81,openalex,True
10079427,1999,Unknown,no_affiliation,,3,openalex,True
10067960,1999,Sweden,openalex_ror,Sweden,64,openalex,True
10030552,1999,United States,openalex_ror,United States,272,openalex,True
9987728,1999,Argentina,affil_country_name,Argentina,34,openalex,True
9987726,1999,United States,openalex_ror,United States,37,openalex,True
9987725,1999,Colombia,affil_country_name,Colombia,2,openalex,True
9987724,1999,United States,openalex_ror,United States,6,openalex,True
9987723,1999,Australia,openalex_ror,Australia,16,openalex,True
9987722,1999,United Kingdom,openalex_ror,United Kingdom,42,openalex,True
9987634,1999,United States,openalex_ror,United States,10,openalex,True
9987627,1999,Germany,openalex_ror,Germany,4,openalex,True
9951664,1999,United States,openalex_ror,United States,54,openalex,True
9951663,1999,Canada,openalex_ror,Canada,8,openalex,True
9951662,1999,United States,openalex_ror,United States,11,openalex,True
9951661,1999,United States,affil_country_name,United States,142,openalex,True
9951655,1999,Unknown,no_affiliation,,2,openalex,True
9951501,1999,Unknown,unresolved,,14,openalex,True
9951500,1999,United Arab Emirates,affil_country_name,United Arab Emirates,140,openalex,True
9951499,1999,China,openalex_ror,China,264,openalex,True
9951463,1999,United States,openalex_ror,United States,0,openalex,True
9951379,1998,Unknown,no_affiliation,,0,openalex,True
9933005,1999,United States,openalex_ror,United States,21,openalex,True
9932992,1999,Japan,openalex_ror,Japan,440,openalex,True
9930270,1998,Switzerland,openalex_ror,Switzerland,50,openalex,True
9922880,1998,France,openalex_ror,France,0,openalex,True
9917777,1999,United States,openalex_ror,United States,10,openalex,True
9917776,1999,Spain,openalex_ror,Spain,130,openalex,True
9917775,1999,United States,openalex_ror,United States,497,openalex,True
9917770,1999,Unknown,no_affiliation,,5,openalex,True
9894933,1999,Greece,openalex_ror,Greece,33,openalex,True
9888422,1999,United States,openalex_ror,United States,65,openalex,True
9888090,1999,Austria,openalex_ror,Austria,15,openalex,True
9888089,1999,Denmark,openalex_ror,Denmark,16,openalex,True
9888073,1999,Germany,openalex_ror,Germany,15,openalex,True
9888072,1999,United States,openalex_ror,United States,46,openalex,True
9888069,1999,Unknown,no_authors,,,,False
9888068,1999,Unknown,no_affiliation,,9,openalex,True
9885699,1998,Singapore,openalex_ror,Singapore,0,openalex,True
9881569,1998,Unknown,no_affiliation,,9,openalex,True
9881553,1998,Hungary,openalex_ror,Hungary,4,openalex,True
9869466,1998,United States,openalex_ror,United States,43,openalex,True
9866111,1998,Unknown,no_affiliation,,4,openalex,True
9866110,1998,Unknown,no_affiliation,,42,openalex,True
9866109,1998,Unknown,unresolved,,5,openalex,True
9866108,1998,Greece,openalex_ror,Greece,24,openalex,True
9866107,1998,Australia,openalex_ror,Australia,32,openalex,True
9866106,1998,Greece,openalex_ror,Greece,12,openalex,True
9866102,1998,Greece,openalex_ror,Greece,29,openalex,True
9866100,1998,Finland,openalex_ror,Finland,20,openalex,True
9866099,1998,United States,openalex_ror,United States,9,openalex,True
9866098,1998,Spain,openalex_ror,Spain,75,openalex,True
9865178,1998,Unknown,no_affiliation,,0,openalex,True
9865125,1998,Switzerland,openalex_ror,Switzerland,0,openalex,True
9860010,1998,United States,openalex_ror,United States,22,openalex,True
9860009,1998,United States,openalex_ror,United States,53,openalex,True
9855147,1998,United States,openalex_ror,United States,14,openalex,True
9855146,1998,United States,openalex_ror,United States,73,openalex,True
9855144,1998,United Kingdom,affil_country_name,United Kingdom,28,openalex,True
9855141,1998,Unknown,no_affiliation,,0,openalex,True
9850895,1998,United States,openalex_ror,United States,126,openalex,True
9850894,1998,Israel,affil_country_name,Israel,41,openalex,True
9850893,1998,Japan,openalex_ror,Japan,42,openalex,True
9850892,1998,South Korea,openalex_ror,South Korea,11,openalex,True
9848072,1998,Austria,affil_city_hint,Austria,47,openalex,True
9843266,1998,Unknown,no_affiliation,,4,openalex,True
9841456,1998,United States,openalex_ror,United States,1,openalex,True
9841455,1998,United States,openalex_ror,United States,54,openalex,True
9838253,1999,South Korea,openalex_ror,South Korea,28,openalex,True
9834896,1998,France,openalex_ror,France,9,openalex,True
9834895,1998,Turkey,openalex_ror,Turkey,3,openalex,True
9829443,1998,Italy,affil_country_name,Italy,34,openalex,True
9828643,1998,Germany,openalex_ror,Germany,11,openalex,True
9828632,1998,Germany,openalex_ror,Germany,2,openalex,True
9826041,1998,Sweden,openalex_ror,Sweden,8,openalex,True
9826038,1998,Italy,openalex_ror,Italy,51,openalex,True
9826035,1998,Sweden,openalex_ror,Sweden,5,openalex,True
9825721,1998,Unknown,unresolved,,0,openalex,True
9825259,1998,Japan,openalex_ror,Japan,42,openalex,True
9824862,1998,Turkey,affil_country_name,Turkey,6,openalex,True
9823373,1998,Unknown,no_affiliation,,8,openalex,True
9823348,1998,United States,openalex_ror,United States,118,openalex,True
9823340,1998,Switzerland,openalex_ror,Switzerland,70,openalex,True
9822225,1998,United States,openalex_ror,United States,19,openalex,True
9820944,1998,Denmark,openalex_ror,Denmark,221,openalex,True
9820940,1998,Brazil,openalex_ror,Brazil,16,openalex,True
9820937,1998,Sweden,openalex_ror,Sweden,43,openalex,True
9818487,1998,Czechia,openalex_ror,Czechia,0,openalex,True
9818334,1998,South Korea,openalex_ror,South Korea,16,openalex,True
9818333,1998,United Kingdom,openalex_ror,United Kingdom,31,openalex,True
9818332,1998,Japan,openalex_ror,Japan,24,openalex,True
9818331,1998,United States,openalex_ror,United States,18,openalex,True
9818324,1998,Unknown,no_affiliation,,1,openalex,True
9810078,1998,Unknown,affil_unresolved,,9,openalex,True
9807191,1998,Unknown,affil_unresolved,,2,openalex,True
9795860,1998,Germany,affil_country_name,Germany,116,openalex,True
9795846,1998,Turkey,openalex_ror,Turkey,41,openalex,True
9795845,1998,Canada,affil_country_name,Canada,144,openalex,True
9795844,1998,Unknown,no_affiliation,,9,openalex,True
9793950,1998,United States,openalex_ror,United States,3,openalex,True
9793910,1998,Germany,openalex_ror,Germany,9,openalex,True
9793908,1998,Unknown,no_affiliation,,0,openalex,True
9793387,1998,Germany,affil_city_hint,Germany,1,openalex,True
9793382,1998,Germany,openalex_ror,Germany,16,openalex,True
9791825,1998,Australia,affil_country_name,Australia,54,openalex,True
9791824,1998,United States,affil_country_name,United States,7,openalex,True
9791821,1998,United States,openalex_ror,United States,162,openalex,True
9791820,1998,United States,openalex_ror,United States,63,openalex,True
9791819,1998,United States,openalex_ror,United States,48,openalex,True
9791818,1998,Italy,affil_country_name,Italy,56,openalex,True
9791817,1998,United Arab Emirates,affil_country_name,United Arab Emirates,67,openalex,True
9791816,1998,Italy,openalex_ror,Italy,20,openalex,True
9791814,1998,Unknown,no_affiliation,,4,openalex,True
9791813,1998,Unknown,no_affiliation,,2,openalex,True
9790646,1998,Unknown,no_affiliation,,16,openalex,True
9787353,1998,Canada,openalex_ror,Canada,298,openalex,True
9787335,1998,Unknown,no_affiliation,,0,openalex,True
9785523,1998,Australia,openalex_ror,Australia,13,openalex,True
9771079,1998,Unknown,no_affiliation,,0,openalex,True
9770986,1998,Unknown,affil_unresolved,,0,openalex,True
9768409,1998,United States,affil_country_name,United States,14,openalex,True
9768393,1998,Turkey,openalex_ror,Turkey,22,openalex,True
9768391,1998,Spain,openalex_ror,Spain,21,openalex,True
9763139,1998,United States,openalex_ror,United States,20,openalex,True
9758653,1998,Germany,affil_country_name,Germany,20,openalex,True
9758652,1998,Germany,openalex_ror,Germany,132,openalex,True
9758651,1998,United States,openalex_ror,United States,13,openalex,True
9758650,1998,Japan,openalex_ror,Japan,13,openalex,True
9756445,1998,United States,openalex_ror,United States,26,openalex,True
9756438,1998,United States,openalex_ror,United States,175,openalex,True
9754184,1998,Canada,openalex_ror,Canada,68,openalex,True
9754183,1998,United States,openalex_ror,United States,301,openalex,True
9754160,1998,Unknown,no_affiliation,,1,openalex,True
9753948,1998,South Korea,openalex_ror,South Korea,7,openalex,True
9752797,1998,South Korea,openalex_ror,South Korea,8,openalex,True
9747680,1998,United States,openalex_ror,United States,50,openalex,True
9738381,1998,Germany,openalex_ror,Germany,17,openalex,True
9734802,1998,Australia,openalex_ror,Australia,10,openalex,True
9729870,1998,United States,openalex_ror,United States,58,openalex,True
9727540,1998,Unknown,no_affiliation,,0,openalex,True
9724000,1998,United States,openalex_ror,United States,20,openalex,True
9720432,1998,Unknown,no_affiliation,,0,openalex,True
9719967,1998,United States,openalex_ror,United States,13,openalex,True
9719966,1998,Canada,openalex_ror,Canada,47,openalex,True
9719965,1998,United States,openalex_ror,United States,50,openalex,True
9719964,1998,Spain,openalex_ror,Spain,18,openalex,True
9719963,1998,Argentina,openalex_ror,Argentina,68,openalex,True
9716336,1998,Sweden,openalex_ror,Sweden,1,openalex,True
9716331,1998,Norway,openalex_ror,Norway,0,openalex,True
9715693,1998,United States,openalex_ror,United States,2,openalex,True
9715686,1998,United States,openalex_ror,United States,270,openalex,True
9715485,1998,Turkey,openalex_ror,Turkey,35,openalex,True
9715463,1998,Germany,openalex_ror,Germany,9,openalex,True
9709772,1998,Spain,openalex_ror,Spain,20,openalex,True
9709767,1998,United States,openalex_ror,United States,275,openalex,True
9709766,1998,United States,openalex_ror,United States,35,openalex,True
9709742,1998,Unknown,no_affiliation,,50,openalex,True
9703722,1998,Germany,affil_city_hint,Germany,12,openalex,True
9703721,1998,Germany,openalex_ror,Germany,4,openalex,True
9699173,1998,United States,openalex_ror,United States,74,openalex,True
9699171,1998,United States,openalex_ror,United States,19,openalex,True
9699169,1998,Finland,openalex_ror,Finland,34,openalex,True
9699168,1998,Finland,openalex_ror,Finland,30,openalex,True
9699162,1998,Australia,openalex_ror,Australia,20,openalex,True
9686842,1998,Denmark,openalex_ror,Denmark,22,openalex,True
9684565,1998,Unknown,no_affiliation,,2,openalex,True
9684078,1998,United States,openalex_ror,United States,41,openalex,True
9683969,1998,United Kingdom,openalex_ror,United Kingdom,17,openalex,True
9682628,1998,United States,openalex_ror,United States,35,openalex,True
9682124,1998,Germany,affil_country_name,Germany,436,openalex,True
9682123,1998,United States,openalex_ror,United States,283,openalex,True
9682110,1998,United States,openalex_ror,United States,22,openalex,True
9682109,1998,Australia,openalex_ror,Australia,10,openalex,True
9682108,1998,Canada,openalex_ror,Canada,90,openalex,True
9682107,1998,Germany,openalex_ror,Germany,17,openalex,True
9682106,1998,Sweden,affil_country_name,Sweden,35,openalex,True
9682092,1998,Unknown,unresolved,,1,openalex,True
9678420,1998,Denmark,openalex_ror,Denmark,174,openalex,True
9677593,1998,Unknown,no_affiliation,Switzerland,7,openalex,True
9677581,1998,Switzerland,openalex_ror,Switzerland,7,openalex,True
9677580,1998,Switzerland,openalex_ror,Switzerland,0,openalex,True
9676923,1998,United States,imputed_affil_country_over_openalex,Colombia,2,openalex,True
9676914,1998,Germany,openalex_ror,Germany,22,openalex,True
9676911,1998,South Korea,openalex_ror,South Korea,114,openalex,True
9676903,1998,Sweden,openalex_ror,Sweden,31,openalex,True
9664828,1998,South Korea,openalex_ror,South Korea,10,openalex,True
9663221,1998,Mexico,affil_country_name,Mexico,201,openalex,True
9663220,1998,Czechia,openalex_ror,Czechia,17,openalex,True
9663219,1998,France,openalex_ror,France,18,openalex,True
9657908,1998,Finland,openalex_ror,Finland,105,openalex,True
9643024,1998,Unknown,no_affiliation,,0,openalex,True
9642601,1998,Australia,affil_country_name,Australia,12,openalex,True
9642584,1998,United States,affil_country_name,United States,33,openalex,True
9564702,1998,Turkey,openalex_ror,Turkey,87,openalex,True
9641431,1998,Unknown,no_affiliation,,,,False
9641429,1998,Unknown,no_affiliation,,2,openalex,True
9641428,1998,Argentina,affil_country_name,Argentina,113,openalex,True
9641427,1998,United States,affil_country_name,United States,6,openalex,True
9641423,1998,United States,openalex_ror,United States,11,openalex,True
9641422,1998,Germany,openalex_ror,Germany,660,openalex,True
9640571,1998,Italy,affil_country_name,Italy,14,openalex,True
9640208,1998,Japan,openalex_ror,Japan,27,openalex,True
9634930,1998,Finland,openalex_ror,Finland,11,openalex,True
9633252,1998,Unknown,no_affiliation,,0,openalex,True
9614039,1998,Unknown,no_affiliation,,1,openalex,True
9593632,1998,South Korea,openalex_ror,South Korea,18,openalex,True
9613396,1998,Switzerland,openalex_ror,Switzerland,0,openalex,True
9610459,1998,United States,openalex_ror,United States,32,openalex,True
9610445,1998,Australia,openalex_ror,Australia,9,openalex,True
9610444,1998,Spain,openalex_ror,Spain,127,openalex,True
9610436,1998,Unknown,no_authors,,,,False
9606572,1998,Canada,openalex_ror,Canada,50,openalex,True
9602629,1998,Turkey,openalex_ror,Turkey,14,openalex,True
9599360,1998,France,openalex_ror,France,54,openalex,True
9596506,1998,Unknown,no_affiliation,,3,openalex,True
9596505,1998,United States,openalex_ror,United States,3,openalex,True
9596498,1998,United States,openalex_ror,United States,27,openalex,True
9594539,1998,Japan,openalex_ror,Japan,15,openalex,True
9593423,1998,Unknown,no_affiliation,,1,openalex,True
9593400,1998,Germany,openalex_ror,Germany,169,openalex,True
9593399,1998,Canada,openalex_ror,Canada,23,openalex,True
9593366,1998,Unknown,no_affiliation,,0,openalex,True
9592737,1998,Germany,openalex_ror,Germany,26,openalex,True
9591939,1998,Denmark,openalex_ror,Denmark,3,openalex,True
9584239,1998,United States,openalex_ror,United States,29,openalex,True
9584237,1998,Israel,openalex_ror,Israel,44,openalex,True
9584233,1998,Unknown,no_affiliation,,0,openalex,True
9579471,1998,United States,openalex_ror,United States,178,openalex,True
9578690,1998,Austria,affil_city_hint,Austria,5,openalex,True
9578689,1998,Germany,openalex_ror,Germany,10,openalex,True
9574748,1998,Turkey,openalex_ror,Turkey,39,openalex,True
9574746,1998,United States,openalex_ror,United States,12,openalex,True
9574745,1998,Switzerland,openalex_ror,Switzerland,44,openalex,True
9574743,1998,Sweden,openalex_ror,Sweden,56,openalex,True
9574742,1998,Australia,openalex_ror,Australia,9,openalex,True
9574741,1998,Argentina,openalex_ror,Argentina,107,openalex,True
9574739,1998,Unknown,no_affiliation,,45,openalex,True
9571563,1998,Russia,affil_country_name,Russia,13,openalex,True
9571562,1998,United Kingdom,affil_country_name,United Kingdom,1,openalex,True
9571561,1998,United Kingdom,affil_country_name,United Kingdom,11,openalex,True
9571560,1998,China,affil_country_name,China,11,openalex,True
9571559,1998,Italy,openalex_ror,Italy,27,openalex,True
9571558,1998,Malaysia,affil_country_name,Malaysia,0,openalex,True
9571557,1998,United Kingdom,affil_country_name,United Kingdom,28,openalex,True
9571556,1998,China,affil_country_name,China,2,openalex,True
9571555,1998,United Kingdom,openalex_ror,United Kingdom,15,openalex,True
9571554,1998,Italy,openalex_ror,Italy,53,openalex,True
9571553,1998,Italy,openalex_ror,Italy,102,openalex,True
9571552,1998,Russia,affil_country_name,Russia,6,openalex,True
9571551,1998,Germany,openalex_ror,Germany,7,openalex,True
9571550,1998,Germany,openalex_ror,Germany,11,openalex,True
9571549,1998,Italy,openalex_ror,Italy,44,openalex,True
9571548,1998,Egypt,openalex_ror,Egypt,73,openalex,True
9571547,1998,Ireland,affil_country_name,Ireland,9,openalex,True
9571546,1998,Mexico,openalex_ror,Mexico,56,openalex,True
9571545,1998,Unknown,unresolved,,0,openalex,True
9559734,1998,United States,openalex_ror,United States,32,openalex,True
9559731,1998,United States,openalex_ror,United States,54,openalex,True
9559469,1998,United Kingdom,openalex_ror,United Kingdom,17,openalex,True
9559467,1998,Spain,openalex_ror,Spain,99,openalex,True
9559466,1998,Canada,openalex_ror,Canada,17,openalex,True
9559465,1998,Canada,openalex_ror,Canada,6,openalex,True
9559464,1998,United Kingdom,affil_country_name,United Kingdom,5,openalex,True
9559463,1998,United States,openalex_ror,United States,37,openalex,True
9559461,1998,Unknown,unresolved,,0,openalex,True
9559458,1998,Unknown,no_affiliation,,2,openalex,True
9559456,1998,Unknown,no_affiliation,,8,openalex,True
9553615,1998,Denmark,openalex_ror,Denmark,37,openalex,True
9553332,1998,United States,openalex_ror,United States,38,openalex,True
9549264,1998,Taiwan,openalex_ror,Taiwan,1,openalex,True
9545788,1998,Germany,openalex_ror,Germany,9,openalex,True
9545784,1998,Germany,openalex_ror,Germany,14,openalex,True
9544634,1998,Israel,openalex_ror,Israel,28,openalex,True
9544633,1998,United States,openalex_ror,United States,67,openalex,True
9544632,1998,Argentina,affil_country_name,Argentina,75,openalex,True
9531089,1998,Unknown,no_affiliation,,0,openalex,True
9531088,1998,Argentina,openalex_ror,Argentina,1,openalex,True
9531087,1998,Spain,affil_country_name,Spain,71,openalex,True
9531086,1998,United States,affil_country_name,United States,7,openalex,True
9531084,1998,Canada,affil_country_name,Canada,20,openalex,True
9531083,1998,Italy,openalex_ror,Italy,40,openalex,True
9531082,1998,Turkey,affil_country_name,Turkey,75,openalex,True
9531081,1998,Argentina,openalex_ror,Argentina,55,openalex,True
9531080,1998,Unknown,no_affiliation,,1,openalex,True
9530595,1998,Italy,openalex_ror,Italy,63,openalex,True
9530593,1998,Canada,affil_country_name,Canada,109,openalex,True
9530592,1998,Spain,openalex_ror,Spain,141,openalex,True
9530591,1998,Germany,openalex_ror,Germany,48,openalex,True
9530590,1998,Germany,openalex_ror,Germany,70,openalex,True
9530587,1998,Canada,affil_country_name,Canada,74,openalex,True
9530581,1998,Unknown,no_affiliation,,16,openalex,True
9529702,1998,Unknown,no_affiliation,,4,openalex,True
9524031,1998,Australia,openalex_ror,Australia,10,openalex,True
9520198,1998,United States,openalex_ror,United States,13,openalex,True
9520191,1998,Brazil,openalex_ror,Brazil,20,openalex,True
9513768,1998,Unknown,affil_unresolved,,14,openalex,True
9507253,1998,Germany,openalex_ror,Germany,46,openalex,True
9501858,1998,Denmark,openalex_ror,Denmark,227,openalex,True
9499783,1998,United States,openalex_ror,United States,8,openalex,True
9494900,1998,United States,openalex_ror,United States,192,openalex,True
9494898,1998,Germany,affil_country_name,Germany,126,openalex,True
9494896,1998,United Kingdom,affil_country_name,United Kingdom,0,openalex,True
9494892,1998,Unknown,no_authors,,,,False
9494888,1998,Unknown,no_affiliation,,18,openalex,True
9477983,1998,United States,openalex_ror,United States,328,openalex,True
9482624,1998,United States,openalex_ror,United States,0,openalex,True
9479287,1998,United Kingdom,openalex_ror,United Kingdom,80,openalex,True
9467457,1998,Germany,openalex_ror,Germany,35,openalex,True
9467443,1998,Germany,openalex_ror,Germany,28,openalex,True
9467442,1998,United States,openalex_ror,United States,60,openalex,True
9445203,1998,Egypt,openalex_ror,Egypt,106,openalex,True
9442790,1998,United States,openalex_ror,United States,4,openalex,True
9442789,1998,United Kingdom,openalex_ror,United Kingdom,42,openalex,True
9437313,1998,Japan,openalex_ror,Japan,18,openalex,True
9437312,1998,United States,openalex_ror,United States,44,openalex,True
10178630,1998,United States,openalex_ror,United States,1,openalex,True
29988925,2017,Iran,openalex_ror,Iran,19,openalex,True
29942179,2017,Saudi Arabia,openalex_ror,Saudi Arabia,59,openalex,True
29784166,2017,Canada,openalex_ror,Canada,4,openalex,True
29631836,2017,Thailand,openalex_ror,Thailand,4,openalex,True
29564408,2017,Iran,openalex_ror,Iran,10,openalex,True
29450375,2017,Romania,openalex_ror,Romania,4,openalex,True
29450367,2017,Romania,openalex_ror,Romania,9,openalex,True
29403662,2017,Spain,openalex_ror,Argentina|Spain|United Kingdom,32,openalex,True
29403606,2017,Iran,openalex_ror,Iran,3,openalex,True
29390522,2017,South Korea,openalex_ror,South Korea,16,openalex,True
29379652,2017,Spain,openalex_ror,Spain,48,openalex,True
29335117,2017,Colombia,affil_country_name,Colombia,0,openalex,True
29335115,2017,Italy,affil_country_name,Italy,0,openalex,True
29335114,2017,Brazil,affil_country_name,Brazil,0,openalex,True
29335113,2017,Argentina,affil_country_name,Argentina,0,openalex,True
29335112,2017,United States,affil_country_name,United States,0,openalex,True
29335111,2017,Unknown,no_affiliation,,0,openalex,True
29335110,2017,Mexico,affil_country_name,Mexico,0,openalex,True
29335097,2017,Iran,openalex_ror,Iran,6,openalex,True
29335096,2017,Canada,openalex_ror,Canada,35,openalex,True
29335095,2017,Spain,openalex_ror,Spain,9,openalex,True
29335094,2017,Oman,affil_country_name_over_openalex,Oman,33,openalex,True
29335093,2017,South Korea,openalex_ror,South Korea,87,openalex,True
29319666,2017,Russia,openalex_ror,Russia,2,openalex,True
29310395,2017,Taiwan,openalex_ror,Taiwan,12,openalex,True
29285479,2017,Iran,openalex_ror,Iran,3,openalex,True
29284455,2017,South Korea,openalex_ror,South Korea,23,openalex,True
29270472,2017,Iran,openalex_ror,Iran,16,openalex,True
29270316,2017,Turkey,affil_country_name,Turkey,3,openalex,True
29260098,2017,South Korea,openalex_ror,South Korea,2,openalex,True
29259313,2017,China,openalex_ror,Australia|China,17,openalex,True
29251814,2017,China,openalex_ror,China|Germany,28,openalex,True
29242903,2017,United States,openalex_ror,United States,11,openalex,True
29233738,2017,China,openalex_ror,China,11,openalex,True
29227515,2017,Unknown,no_affiliation,,15,openalex,True
29227514,2017,Unknown,no_affiliation,,17,openalex,True
29227512,2017,Unknown,no_affiliation,,24,openalex,True
29227511,2017,Unknown,no_affiliation,,41,openalex,True
29227510,2017,Unknown,no_affiliation,,22,openalex,True
29227509,2017,Unknown,no_affiliation,,14,openalex,True
29223235,2017,China,openalex_ror,China,6,openalex,True
29223234,2017,United States,openalex_ror,United States,3,openalex,True
29223233,2017,Germany,openalex_ror,Germany,6,openalex,True
29217044,2017,United States,openalex_ror,United States,5,openalex,True
29216872,2017,China,openalex_ror,China|United States,12,openalex,True
29208347,2017,Spain,openalex_ror,Spain,7,openalex,True
29206194,2017,Italy,openalex_ror,Italy|Spain,45,openalex,True
29200820,2017,Egypt,openalex_ror,Egypt,5,openalex,True
29192679,2017,United Kingdom,openalex_ror,China|United Kingdom|United States,17,openalex,True
29183707,2017,Spain,openalex_ror,Spain,48,openalex,True
29182030,2017,United Kingdom,openalex_ror,United Kingdom,43,openalex,True
29181310,2017,China,openalex_ror,China,12,openalex,True
29180340,2017,China,openalex_ror,China,0,openalex,True
29167808,2017,Spain,openalex_ror,Spain,76,openalex,True
29160536,2017,Brazil,openalex_ror,Brazil,19,openalex,True
29148031,2017,Germany,openalex_ror,Germany,30,openalex,True
29141390,2017,China,affil_country_name,China,0,openalex,True
29134403,2017,Turkey,affil_country_name,Turkey,0,openalex,True
29123364,2017,Singapore,openalex_ror,Singapore,34,openalex,True
29122820,2017,Hong Kong,openalex_ror,Hong Kong|United States,15,openalex,True
29121878,2017,China,openalex_ror,China,18,openalex,True
29120718,2017,Germany,affil_country_name_over_openalex,Germany,6,openalex,True
29120711,2017,Greece,openalex_ror,Greece,57,openalex,True
29120709,2017,India,openalex_ror,India,20,openalex,True
29119072,2017,Pakistan,openalex_ror,Pakistan,12,openalex,True
29117420,2017,Unknown,no_affiliation,,20,openalex,True
29117419,2017,Unknown,no_affiliation,,8,openalex,True
29117416,2017,Unknown,no_affiliation,,2,openalex,True
29117415,2017,Unknown,no_affiliation,,28,openalex,True
29117414,2017,Unknown,no_affiliation,,36,openalex,True
29102130,2017,United Kingdom,openalex_ror,United Kingdom,13,openalex,True
29101408,2017,India,openalex_ror,India|Netherlands,100,openalex,True
29099496,2017,United States,openalex_ror,Australia|United Kingdom|United States,9,openalex,True
29095506,2017,China,openalex_ror,China,21,openalex,True
29090052,2017,Iran,openalex_ror,Iran,16,openalex,True
29090046,2017,Iran,openalex_ror,Iran,1,openalex,True
29090045,2017,Iran,openalex_ror,Iran,5,openalex,True
29090044,2017,Iraq,openalex_ror,Iraq,2,openalex,True
29090041,2017,United States,openalex_ror,United States,1,openalex,True
29087882,2017,United States,openalex_ror,United States,5,openalex,True
29083509,2017,Hong Kong,openalex_ror,China|Hong Kong,7,openalex,True
29081490,2017,China,openalex_ror,China,61,openalex,True
29077186,2017,Spain,openalex_ror,Spain,13,openalex,True
29075941,2017,Israel,openalex_ror,Israel,27,openalex,True
29066773,2017,Taiwan,openalex_ror,Taiwan,48,openalex,True
29064187,2017,China,openalex_ror,China|Italy,12,openalex,True
29063473,2017,Iran,openalex_ror,Iran,2,openalex,True
29062786,2017,Spain,openalex_ror,Spain,3,openalex,True
29062785,2017,China,openalex_ror,China|Singapore,1,openalex,True
29062777,2017,China,openalex_ror,China,4,openalex,True
29055377,2017,Germany,openalex_ror,Germany,0,openalex,True
29042748,2017,Unknown,affil_unresolved,United States,17,openalex,True
29042747,2017,Colombia,affil_country_name,Colombia,14,openalex,True
29033538,2017,Netherlands,affil_country_name,Netherlands,8,openalex,True
29032414,2017,Spain,openalex_ror,Spain,10,openalex,True
29030795,2017,India,openalex_ror,India,1,openalex,True
29030369,2017,India,openalex_ror,India,2,openalex,True
29018820,2017,Serbia,openalex_ror,Greece|Serbia|Switzerland,13,openalex,True
29018762,2017,Taiwan,openalex_ror,Taiwan,10,openalex,True
28991621,2017,Lebanon,openalex_ror,Lebanon,0,openalex,True
28991620,2017,Spain,openalex_ror,Spain,111,openalex,True
28991341,2017,Unknown,no_affiliation,,14,openalex,True
28991336,2017,Unknown,no_affiliation,,38,openalex,True
28985110,2017,Australia,openalex_ror,Australia|Nepal,38,openalex,True
28979096,2017,United States,openalex_ror,United States,91,openalex,True
28969525,2017,Turkey,openalex_ror,Turkey,1,openalex,True
28965357,2017,China,openalex_ror,China,22,openalex,True
28963702,2017,China,openalex_ror,China,15,openalex,True
28953492,2017,United States,affil_city_hint,United States,4,openalex,True
28944210,2017,Lithuania,openalex_ror,Belarus|Lithuania,3,openalex,True
28944205,2017,China,openalex_ror,China,55,openalex,True
28944201,2017,China,openalex_ror,China,15,openalex,True
28940146,2017,China,openalex_ror,China,14,openalex,True
28938922,2017,Sweden,openalex_ror,Sweden,5,openalex,True
28932339,2017,Germany,openalex_ror,Germany,34,openalex,True
28932334,2017,Brazil,openalex_ror,Brazil|Italy|Portugal|United Kingdom|United States,79,openalex,True
28931183,2017,Unknown,no_affiliation,,3,openalex,True
28928982,2017,China,openalex_ror,China,31,openalex,True
28924408,2016,United States,openalex_ror,United States,0,openalex,True
28919909,2017,Iran,openalex_ror,Iran,4,openalex,True
28917415,2017,Lebanon,openalex_ror,Lebanon,2,openalex,True
28914632,2017,Canada,openalex_ror,Canada,29,openalex,True
28913996,2017,South Korea,openalex_ror,South Korea,23,openalex,True
28913504,2017,China,affil_country_name,China,19,openalex,True
28912848,2017,China,openalex_ror,China,7,openalex,True
28902914,2017,India,openalex_ror,India|Netherlands,82,openalex,True
28885242,2017,Unknown,no_affiliation,,5,openalex,True
28880340,2017,Unknown,no_affiliation,,8,openalex,True
28880337,2017,Unknown,no_affiliation,,21,openalex,True
28880334,2017,Japan,openalex_ror,Japan,9,openalex,True
28880333,2017,Unknown,no_affiliation,,45,openalex,True
28880332,2017,Unknown,no_affiliation,,21,openalex,True
28876968,2017,United States,openalex_ror,United States,50,openalex,True
28875960,2017,China,openalex_ror,China,10,openalex,True
28875760,2017,China,affil_country_name,China,2,openalex,True
28875250,2017,Iran,openalex_ror,Iran,4,openalex,True
28866013,2017,United States,openalex_ror,United States,11,openalex,True
28860701,2017,United States,openalex_ror,United States,7,openalex,True
28848137,2017,China,openalex_ror,China,5,openalex,True
28844325,2017,France,affil_country_name,France,5,openalex,True
28837530,2017,Spain,openalex_ror,Spain,1,openalex,True
28837529,2017,Netherlands,openalex_ror,Netherlands,2,openalex,True
28831306,2017,China,affil_country_name,China,2,openalex,True
28823447,2017,United Kingdom,openalex_ror,United Kingdom,23,openalex,True
28823442,2017,France,affil_country_name_over_openalex,France,20,openalex,True
28823441,2017,South Korea,openalex_ror,South Korea,48,openalex,True
28823437,2017,Netherlands,openalex_ror,Netherlands,49,openalex,True
28822026,2017,China,openalex_ror,China,14,openalex,True
28820793,2017,Brazil,openalex_ror,Brazil,16,openalex,True
28815089,2017,Israel,openalex_ror,Israel,37,openalex,True
28810283,2017,Germany,openalex_ror,Germany,5,openalex,True
28808774,2017,Germany,openalex_ror,Germany,4,openalex,True
28799958,2017,India,openalex_ror,India,91,openalex,True
28791058,2017,Iran,openalex_ror,Iran,18,openalex,True
28791056,2017,Iran,openalex_ror,Iran,7,openalex,True
28787523,2017,Unknown,no_affiliation,,17,openalex,True
28787521,2017,Unknown,no_affiliation,,6,openalex,True
28787515,2017,Unknown,no_affiliation,,47,openalex,True
28787514,2017,Unknown,no_affiliation,,109,openalex,True
28780779,2017,Brazil,affil_country_name_over_openalex,Brazil|United States,26,openalex,True
28780776,2017,Israel,openalex_ror,Israel|United States,16,openalex,True
28777775,2017,Israel,openalex_ror,Israel,8,openalex,True
28777102,2017,Iran,openalex_ror,Iran,0,openalex,True
28775931,2017,Pakistan,openalex_ror,Pakistan,7,openalex,True
28771950,2017,Germany,openalex_ror,Germany,4,openalex,True
28771544,2017,China,openalex_ror,China,20,openalex,True
28761329,2017,Egypt,openalex_ror,Egypt,20,openalex,True
28749894,2017,South Korea,openalex_ror,South Korea,21,openalex,True
28747621,2017,China,openalex_ror,China,16,openalex,True
28746183,2017,China,openalex_ror,China,10,openalex,True
28745654,2017,Russia,openalex_ror,Russia,2,openalex,True
28742618,2017,Turkey,affil_country_name,Turkey,14,openalex,True
28740361,2017,India,openalex_ror,India,70,openalex,True
28736341,2017,Brazil,openalex_ror,Australia|Austria|Brazil|France|Germany|India|Japan|Singapore|United Kingdom|United States,465,openalex,True
28732624,2017,Unknown,no_affiliation,,0,openalex,True
28732618,2017,Israel,openalex_ror,Israel,29,openalex,True
28732617,2017,Egypt,openalex_ror,Egypt,73,openalex,True
28732616,2017,Austria,openalex_ror,Austria,39,openalex,True
28732615,2017,Spain,openalex_ror,Spain,45,openalex,True
28732614,2017,China,openalex_ror,China,78,openalex,True
28731880,2017,United States,openalex_ror,United States,7,openalex,True
28730109,2017,China,affil_country_name,China|Taiwan,5,openalex,True
28727706,2017,Brazil,openalex_ror,Brazil,21,openalex,True
28724823,2017,India,openalex_ror,India,3,openalex,True
28718904,2017,Turkey,affil_country_name,Turkey,27,openalex,True
28716114,2017,Egypt,openalex_ror,Egypt|Kuwait,20,openalex,True
28712892,2017,Australia,openalex_ror,Australia,12,openalex,True
28708898,2017,Singapore,openalex_ror,Singapore,20,openalex,True
28708815,2017,Egypt,openalex_ror,Egypt,14,openalex,True
28706442,2017,Australia,openalex_ror,Australia,2,openalex,True
28700139,2017,India,openalex_ror,India,15,openalex,True
28690535,2017,Hong Kong,openalex_ror,Hong Kong,2,openalex,True
28683793,2017,China,openalex_ror,China,70,openalex,True
28683485,2017,Germany,openalex_ror,Germany|Ireland,9,openalex,True
28681906,2017,Unknown,no_affiliation,,10,openalex,True
28681903,2017,United States,openalex_ror,Denmark|United States,70,openalex,True
28680704,2017,China,openalex_ror,China,15,openalex,True
28676989,2017,Italy,openalex_ror,Italy,8,openalex,True
28674958,2017,Croatia,openalex_ror,Croatia|Sweden,31,openalex,True
28674318,2017,Japan,openalex_ror,Japan,4,openalex,True
28672926,2017,China,openalex_ror,China,9,openalex,True
28671411,2017,Unknown,unresolved,,0,openalex,True
28671403,2017,United States,openalex_ror,United States,38,openalex,True
28663837,2017,Spain,openalex_ror,Netherlands|Spain,6,openalex,True
28655538,2017,United States,openalex_ror,Australia|United States,112,openalex,True
28652697,2017,United States,openalex_ror,United States,21,openalex,True
28651810,2017,Spain,affil_country_name,Germany|Spain,16,openalex,True
28647783,2017,Turkey,openalex_ror,Turkey,3,openalex,True
28646441,2017,Mexico,openalex_ror,Mexico,10,openalex,True
28645265,2017,China,openalex_ror,China,7,openalex,True
28644239,2017,Hong Kong,openalex_ror,China|Hong Kong,24,openalex,True
28644232,2017,United States,openalex_ror,United States,10,openalex,True
28631305,2017,Japan,openalex_ror,Japan,44,openalex,True
28628503,2017,China,openalex_ror,China|Hong Kong,13,openalex,True
28626819,2016,Iran,openalex_ror,Iran,20,openalex,True
28626818,2017,Iran,openalex_ror,Iran|Malaysia,4,openalex,True
28624312,2017,Spain,affil_country_name,Spain,3,openalex,True
28623041,2017,France,openalex_ror,France,3,openalex,True
28622316,2017,Spain,affil_country_name,Spain,40,openalex,True
28620156,2017,China,openalex_ror,Canada|China,5,openalex,True
28612330,2017,Iran,openalex_ror,Iran|United States,18,openalex,True
28608800,2017,Switzerland,affil_country_name_over_openalex,Serbia|Switzerland,10,openalex,True
28606616,2017,Ireland,openalex_ror,Ireland|United Kingdom,8,openalex,True
28602333,2017,United States,openalex_ror,United States,10,openalex,True
28601344,2017,France,affil_country_name,France,18,openalex,True
28600502,2017,China,openalex_ror,China|United Kingdom,8,openalex,True
28596969,2017,Japan,openalex_ror,Japan,31,openalex,True
28595130,2017,Turkey,openalex_ror,Turkey,8,openalex,True
28594648,2017,United States,openalex_ror,United States,101,openalex,True
28591507,2017,Colombia,affil_country_name,Colombia,0,openalex,True
28589448,2017,Germany,openalex_ror,Germany,3,openalex,True
28587100,2017,Switzerland,affil_country_name_over_openalex,Serbia|Switzerland|United Kingdom,6,openalex,True
28586502,2017,Unknown,no_affiliation,,26,openalex,True
28586497,2017,Unknown,no_affiliation,,25,openalex,True
28586496,2017,Unknown,no_affiliation,,50,openalex,True
28586495,2017,Unknown,no_affiliation,,31,openalex,True
28585430,2017,China,openalex_ror,China,2,openalex,True
28583694,2017,France,openalex_ror,France,30,openalex,True
28582374,2017,United States,openalex_ror,United States,22,openalex,True
28579752,2017,Pakistan,openalex_ror,Pakistan,21,openalex,True
28579751,2017,United States,affil_city_hint,United States,19,openalex,True
28576227,2017,Spain,openalex_ror,Spain,7,openalex,True
28576226,2017,Canada,openalex_ror,Canada,7,openalex,True
28576215,2017,Turkey,openalex_ror,Turkey,18,openalex,True
30555962,2017,Iran,openalex_ror,Iran,2,openalex,True
28562575,2017,Hong Kong,openalex_ror,Hong Kong,4,openalex,True
28553423,2017,United States,openalex_ror,United States,13,openalex,True
28553071,2017,United States,affil_country_name,United States,48,openalex,True
28553070,2017,United States,affil_country_name,United States,25,openalex,True
28553069,2017,United States,affil_country_name,United States,41,openalex,True
28551832,2017,India,openalex_ror,India,37,openalex,True
28549845,2017,Germany,openalex_ror,Germany,32,openalex,True
28545414,2017,China,openalex_ror,China,3,openalex,True
28544605,2017,South Korea,openalex_ror,South Korea,44,openalex,True
28542088,2017,Israel,openalex_ror,Israel,71,openalex,True
28540005,2017,Iran,openalex_ror,Iran,11,openalex,True
28532958,2017,Unknown,no_affiliation,,0,openalex,True
28532957,2017,Italy,affil_country_name,Italy,1,openalex,True
28532955,2017,Germany,affil_country_name,Germany,0,openalex,True
28532948,2017,Unknown,no_affiliation,,0,openalex,True
28532945,2017,Lebanon,openalex_ror,Lebanon,2,openalex,True
28532939,2017,United States,openalex_ror,United States,15,openalex,True
28532931,2017,United States,openalex_ror,United States,50,openalex,True
28532930,2017,South Korea,openalex_ror,South Korea,22,openalex,True
28532929,2017,Egypt,openalex_ror,Egypt,27,openalex,True
28532926,2017,India,openalex_ror,India,9,openalex,True
28523525,2017,Japan,openalex_ror,Japan,3,openalex,True
28513498,2017,Taiwan,openalex_ror,Taiwan,8,openalex,True
28503439,2017,China,openalex_ror,China,38,openalex,True
28503438,2017,China,openalex_ror,China,6,openalex,True
28499707,2017,South Korea,openalex_ror,South Korea|United Kingdom,73,openalex,True
28494492,2017,Germany,openalex_ror,Germany|Switzerland|United States,34,openalex,True
28493426,2017,Russia,openalex_ror,Canada|Russia,75,openalex,True
28491472,2017,Greece,openalex_ror,Greece,8,openalex,True
28486727,2017,Unknown,no_affiliation,,26,openalex,True
28486726,2017,Unknown,no_affiliation,,18,openalex,True
28486725,2017,Brazil,imputed_affil_country_over_openalex,Brazil|United States,69,openalex,True
28486723,2017,Unknown,no_affiliation,,7,openalex,True
28486722,2017,United Kingdom,openalex_ror,United Kingdom,42,openalex,True
28486721,2017,Unknown,no_affiliation,,73,openalex,True
28486720,2017,Unknown,no_affiliation,,33,openalex,True
28486719,2017,Unknown,no_affiliation,,72,openalex,True
28471588,2016,Israel,openalex_ror,Israel,0,openalex,True
28461870,2017,Egypt,openalex_ror,Egypt,16,openalex,True
28458585,2017,Unknown,affil_unresolved,Taiwan,15,openalex,True
28450791,2017,Greece,affil_country_name,Greece,8,openalex,True
28450380,2017,India,openalex_ror,Hong Kong|India|Netherlands,24,openalex,True
28445315,2017,China,openalex_ror,China,10,openalex,True
28445204,2017,United States,openalex_ror,United States,8,openalex,True
28445203,2017,United States,openalex_ror,United States,9,openalex,True
28435210,2017,Egypt,openalex_ror,Egypt,12,openalex,True
28424534,2017,Turkey,openalex_ror,Turkey,5,openalex,True
28422822,2017,Singapore,openalex_ror,Singapore,30,openalex,True
28421140,2017,China,openalex_ror,Australia|China,27,openalex,True
28420926,2017,Pakistan,openalex_ror,Pakistan,24,openalex,True
28413804,2017,Spain,openalex_ror,Spain,40,openalex,True
28412070,2017,United States,openalex_ror,United States,14,openalex,True
28410732,2017,Netherlands,openalex_ror,Netherlands,0,openalex,True
28410723,2017,Israel,openalex_ror,Israel,27,openalex,True
28410722,2017,Israel,openalex_ror,Israel,9,openalex,True
28410354,2017,China,openalex_ror,China,26,openalex,True
28409225,2017,Egypt,openalex_ror,Egypt,38,openalex,True
28407171,2017,Unknown,no_affiliation,,1,openalex,True
28407169,2017,Unknown,no_affiliation,,25,openalex,True
28407165,2017,Unknown,no_affiliation,,91,openalex,True
28407161,2017,Unknown,no_affiliation,,97,openalex,True
28403194,2017,South Korea,openalex_ror,South Korea,9,openalex,True
28399068,2017,Netherlands,openalex_ror,Netherlands,20,openalex,True
28399067,2017,Portugal,affil_country_name_over_openalex,Portugal,64,openalex,True
28396804,2017,China,openalex_ror,China,25,openalex,True
28396803,2017,Germany,openalex_ror,Germany,33,openalex,True
28394810,2017,Italy,openalex_ror,Italy,4,openalex,True
28393039,2017,Italy,openalex_ror,Italy,16,openalex,True
28393038,2017,Iran,openalex_ror,Iran,21,openalex,True
28392938,2017,Saudi Arabia,openalex_ror,Egypt|Saudi Arabia,3,openalex,True
28390411,2017,China,openalex_ror,China,33,openalex,True
28388896,2017,China,openalex_ror,China|United States,78,openalex,True
28387767,2017,Italy,openalex_ror,Italy,17,openalex,True
28384723,2017,Germany,openalex_ror,Germany,15,openalex,True
28380104,2017,Brazil,openalex_ror,Brazil,2,openalex,True
28379654,2017,Australia,openalex_ror,Australia,21,openalex,True
28379651,2017,China,openalex_ror,China,15,openalex,True
28379648,2017,India,openalex_ror,India,24,openalex,True
28377594,2017,China,openalex_ror,China|United Kingdom,7,openalex,True
28367530,2016,Iran,openalex_ror,Iran,5,openalex,True
28366365,2017,United States,openalex_ror,United States,31,openalex,True
28366364,2017,United States,openalex_ror,United States,3,openalex,True
28366363,2017,South Korea,openalex_ror,South Korea,38,openalex,True
28366362,2017,Spain,openalex_ror,Spain,15,openalex,True
28362808,2017,Japan,openalex_ror,Japan,4,openalex,True
28361175,2017,Denmark,openalex_ror,Denmark,0,openalex,True
28359626,2017,Lebanon,openalex_ror,Lebanon,0,openalex,True
28359625,2017,France,openalex_ror,France,0,openalex,True
28356712,2017,United States,affil_country_name,United States,18,openalex,True
28356099,2017,China,openalex_ror,China|India,22,openalex,True
28349952,2017,Singapore,openalex_ror,Singapore,54,openalex,True
28349503,2017,Turkey,affil_country_name,Turkey,19,openalex,True
28339457,2017,United States,openalex_ror,India|United States,85,openalex,True
28337058,2017,Saudi Arabia,openalex_ror,Saudi Arabia,2,openalex,True
28336402,2017,China,openalex_ror,China|Ireland|Spain|United Kingdom,185,openalex,True
28335951,2017,India,affil_country_name,India,0,openalex,True
28335944,2017,India,openalex_ror,India,0,openalex,True
28331285,2017,Egypt,openalex_ror,Egypt,11,openalex,True
28321498,2017,Iran,openalex_ror,Iran,0,openalex,True
28318639,2017,Singapore,openalex_ror,Singapore,86,openalex,True
28317680,2017,United States,openalex_ror,United States,24,openalex,True
28317678,2017,United States,openalex_ror,United States,12,openalex,True
28317667,2017,South Korea,openalex_ror,South Korea,2,openalex,True
28317666,2017,United States,openalex_ror,United States,8,openalex,True
28316192,2017,China,openalex_ror,China,5,openalex,True
28299001,2017,Iran,openalex_ror,Iran,15,openalex,True
28293649,2016,Iran,openalex_ror,Iran,9,openalex,True
28293648,2016,Iran,openalex_ror,Iran,0,openalex,True
28291201,2017,Russia,openalex_ror,Russia,5,openalex,True
28285388,2017,South Korea,openalex_ror,South Korea,6,openalex,True
28283925,2017,United States,openalex_ror,United States,8,openalex,True
28275314,2017,United States,openalex_ror,Brazil|United States,40,openalex,True
28270007,2017,Hungary,openalex_ror,Germany|Hungary,2,openalex,True
28265465,2017,China,openalex_ror,China,7,openalex,True
28264221,2017,Switzerland,openalex_ror,Germany|Switzerland,19,openalex,True
28264136,2017,Unknown,no_affiliation,,50,openalex,True
28264135,2017,Unknown,no_affiliation,,9,openalex,True
28264134,2017,Unknown,no_affiliation,,34,openalex,True
28264132,2017,Taiwan,openalex_ror,Saudi Arabia|Taiwan|United States,6,openalex,True
28264128,2017,Unknown,no_affiliation,,50,openalex,True
28256362,2017,Spain,affil_country_name,Spain,32,openalex,True
28251095,2017,Italy,openalex_ror,Italy,13,openalex,True
28251090,2017,Egypt,openalex_ror,Egypt|Spain,12,openalex,True
30088408,2017,Unknown,no_affiliation,,0,openalex,True
28243058,2017,Spain,openalex_ror,Spain,23,openalex,True
28243028,2017,South Korea,openalex_ror,South Korea,0,openalex,True
28243023,2017,South Korea,openalex_ror,South Korea,5,openalex,True
28243019,2017,South Korea,openalex_ror,South Korea,4,openalex,True
28210178,2016,Saudi Arabia,openalex_ror,Saudi Arabia|Spain,0,openalex,True
28209504,2017,Spain,openalex_ror,Italy|Spain,5,openalex,True
28207886,2017,United States,openalex_ror,United States,3,openalex,True
28197998,2017,United States,openalex_ror,United States,41,openalex,True
28192838,2017,Switzerland,openalex_ror,Switzerland,11,openalex,True
28192591,2017,Unknown,no_affiliation,,22,openalex,True
28192589,2017,Unknown,no_affiliation,,6,openalex,True
28192588,2017,Unknown,no_affiliation,,12,openalex,True
28192587,2017,Unknown,no_affiliation,,37,openalex,True
28192586,2017,Unknown,no_affiliation,,49,openalex,True
28188942,2017,Iran,openalex_ror,Iran,10,openalex,True
28187472,2017,Germany,openalex_ror,Germany,1,openalex,True
28187180,2017,South Korea,openalex_ror,China|South Korea|United States,24,openalex,True
28168049,2017,Egypt,openalex_ror,Egypt,9,openalex,True
28163860,2016,Egypt,openalex_ror,Egypt,2,openalex,True
28162196,2017,China,openalex_ror,China,3,openalex,True
28162195,2017,China,openalex_ror,China,0,openalex,True
28162194,2017,China,openalex_ror,China,4,openalex,True
28155208,2017,Egypt,openalex_ror,Egypt,20,openalex,True
28151939,2017,Australia,openalex_ror,Australia,13,openalex,True
28149787,2017,China,openalex_ror,China,3,openalex,True
28135749,2017,Switzerland,affil_country_name,Switzerland,3,openalex,True
28135748,2017,Germany,openalex_ror,Germany,0,openalex,True
28135746,2017,Germany,affil_city_hint,Germany,4,openalex,True
28133543,2017,Hong Kong,openalex_ror,Hong Kong,33,openalex,True
28127465,2016,Egypt,openalex_ror,Egypt,13,openalex,True
28115827,2017,United States,openalex_ror,United States,44,openalex,True
28101037,2016,Canada,affil_country_name,Canada,13,openalex,True
28097345,2017,United States,openalex_ror,United States,37,openalex,True
28095867,2017,China,openalex_ror,China,31,openalex,True
28086248,2017,Germany,openalex_ror,Germany,2,openalex,True
28069283,2017,France,openalex_ror,France,5,openalex,True
28068452,2017,Unknown,no_affiliation,,7,openalex,True
28068448,2017,Unknown,no_affiliation,,6,openalex,True
28068447,2017,Unknown,no_affiliation,,14,openalex,True
28068445,2017,Unknown,no_affiliation,,25,openalex,True
28068444,2017,Unknown,no_affiliation,,33,openalex,True
28068443,2017,Unknown,no_affiliation,,39,openalex,True
28068442,2017,Brazil,imputed_affil_country_over_openalex,Brazil|United States,13,openalex,True
28068441,2017,Denmark,openalex_ror,Denmark,95,openalex,True
28068440,2017,Unknown,no_affiliation,,39,openalex,True
28060071,2017,China,openalex_ror,China,32,openalex,True
28060063,2017,India,openalex_ror,India,17,openalex,True
28060029,2017,Canada,affil_country_name_over_openalex,Canada,6,openalex,True
28058160,2016,Turkey,affil_country_name,Turkey,34,openalex,True
28051986,2017,United States,openalex_ror,United States,23,openalex,True
28034710,2016,Japan,openalex_ror,Japan,41,openalex,True
28031696,2016,Canada,openalex_ror,Canada,20,openalex,True
28018671,2016,Italy,openalex_ror,Italy,49,openalex,True
28009399,2016,Switzerland,affil_country_name,Switzerland,13,openalex,True
28007122,2016,Unknown,no_affiliation,,0,openalex,True
28007112,2016,Germany,openalex_ror,Germany,31,openalex,True
28007105,2016,United States,openalex_ror,United States,27,openalex,True
28007101,2016,Egypt,openalex_ror,Egypt,12,openalex,True
28003982,2016,Taiwan,openalex_ror,China|Taiwan,9,openalex,True
28003790,2016,China,openalex_ror,China,2,openalex,True
28003777,2016,Saudi Arabia,openalex_ror,Saudi Arabia,11,openalex,True
28003739,2016,Austria,openalex_ror,Austria,15,openalex,True
27994803,2016,Iran,openalex_ror,Iran,56,openalex,True
27994802,2016,Iran,openalex_ror,Iran,28,openalex,True
27992482,2016,China,openalex_ror,China,62,openalex,True
27990379,2016,China,openalex_ror,China,9,openalex,True
27981059,2016,Philippines,openalex_ror,Germany|Philippines,22,openalex,True
27975341,2016,Germany,openalex_ror,Germany,7,openalex,True
27957338,2016,China,openalex_ror,China,20,openalex,True
27956824,2016,United States,openalex_ror,United States,3,openalex,True
27956311,2016,United States,affil_country_name,United States,0,openalex,True
27956297,2016,United States,openalex_ror,United States,5,openalex,True
27956284,2016,Netherlands,affil_country_name_over_openalex,Netherlands,52,openalex,True
27956283,2016,Iran,openalex_ror,Iran,48,openalex,True
27941045,2016,Lebanon,openalex_ror,Germany|Lebanon,60,openalex,True
27938979,2016,Lebanon,affil_country_name_over_openalex,Lebanon,6,openalex,True
27938971,2016,Canada,openalex_ror,Canada,1,openalex,True
27938951,2016,Italy,affil_country_name_over_openalex,Canada|Italy|Mexico,4,openalex,True
27936474,2016,Germany,openalex_ror,Germany,9,openalex,True
27936473,2016,Russia,affil_country_name,Russia,1,openalex,True
27932862,2016,United States,openalex_ror,United Kingdom|United States,3,openalex,True
27930801,2016,Unknown,unresolved,,1,openalex,True
27930800,2016,Unknown,no_affiliation,,2,openalex,True
27930797,2016,Unknown,no_affiliation,,8,openalex,True
27930794,2016,Unknown,no_affiliation,,32,openalex,True
27930793,2016,Unknown,no_affiliation,,85,openalex,True
27930792,2016,Unknown,no_affiliation,,11,openalex,True
27930791,2016,United States,openalex_ror,United States,24,openalex,True
27930768,2017,United States,openalex_ror,United States,1,openalex,True
27920492,2016,Egypt,openalex_ror,Egypt,5,openalex,True
27916313,2016,Spain,openalex_ror,Bulgaria|Spain,1,openalex,True
27911432,2016,Russia,openalex_ror,Russia,16,openalex,True
27911101,2016,Italy,openalex_ror,Italy,12,openalex,True
27910295,2016,Hong Kong,openalex_ror,China|Hong Kong,14,openalex,True
27899387,2016,Singapore,openalex_ror,Singapore,7,openalex,True
27899371,2016,Sweden,openalex_ror,Sweden,60,openalex,True
27898450,2016,China,openalex_ror,China,34,openalex,True
27898449,2016,China,affil_country_name_over_openalex,China,33,openalex,True
27898448,2016,United States,openalex_ror,United States,23,openalex,True
27893524,2017,South Korea,openalex_ror,South Korea,16,openalex,True
27893094,2016,United States,openalex_ror,United States,51,openalex,True
27893066,2017,United States,openalex_ror,United States,124,openalex,True
27893063,2017,United States,openalex_ror,United States,41,openalex,True
27884617,2016,Greece,affil_country_name,Greece,45,openalex,True
27877015,2016,United States,openalex_ror,United States,11,openalex,True
27865691,2016,France,openalex_ror,France,1,openalex,True
27863469,2016,China,openalex_ror,China,15,openalex,True
27853351,2016,United States,openalex_ror,United States,8,openalex,True
27846894,2016,Poland,openalex_ror,Italy|Poland,44,openalex,True
27846649,2016,Germany,affil_city_hint,Germany,3,openalex,True
27843292,2016,Greece,openalex_ror,Greece,72,openalex,True
27843289,2016,United States,openalex_ror,United States,15,openalex,True
27843230,2016,India,openalex_ror,India,2,openalex,True
27839622,2016,Italy,affil_country_name,Italy|United States,0,openalex,True
27839596,2016,Germany,openalex_ror,Germany,3,openalex,True
27839595,2016,France,openalex_ror,France,26,openalex,True
27839594,2016,Israel,openalex_ror,Israel,56,openalex,True
27835728,2016,United States,openalex_ror,United States,1,openalex,True
27830202,2016,Iran,openalex_ror,Iran,3,openalex,True
27830201,2016,China,affil_country_name,China,30,openalex,True
27830200,2016,Iran,openalex_ror,Iran,5,openalex,True
27824385,2016,Unknown,no_affiliation,,31,openalex,True
27824384,2016,Unknown,no_affiliation,,22,openalex,True
27824382,2016,Unknown,no_affiliation,,11,openalex,True
27824376,2016,Unknown,no_affiliation,,41,openalex,True
27824375,2016,Unknown,no_affiliation,,21,openalex,True
27818792,2016,China,openalex_ror,China,43,openalex,True
27811566,2017,India,openalex_ror,India,4,openalex,True
27732879,2016,United States,openalex_ror,United States,27,openalex,True
27803858,2016,China,openalex_ror,China,13,openalex,True
27803856,2016,China,openalex_ror,China,5,openalex,True
27800259,2016,Turkey,affil_country_name,Turkey,21,openalex,True
27799731,2016,Egypt,openalex_ror,Egypt|Germany,1,openalex,True
27466722,2016,United States,openalex_ror,United States,11,openalex,True
27028185,2016,China,openalex_ror,China,53,openalex,True
26657666,2016,Iran,openalex_ror,Iran,28,openalex,True
27423631,2016,Spain,openalex_ror,Egypt|Spain,35,openalex,True
27739562,2016,Austria,openalex_ror,Austria,10,openalex,True
27739560,2016,Israel,openalex_ror,Israel,22,openalex,True
27469426,2016,Germany,affil_country_name,Germany,19,openalex,True
27445075,2016,Spain,openalex_ror,Spain,29,openalex,True
27784987,2016,Japan,affil_country_name,Japan,21,openalex,True
27391537,2016,India,openalex_ror,India,28,openalex,True
27777827,2016,India,openalex_ror,India,27,openalex,True
27350387,2016,Spain,affil_country_name,Spain,3,openalex,True
27775085,2016,Hong Kong,openalex_ror,China|Hong Kong,16,openalex,True
27774802,2016,Hungary,openalex_ror,Hungary,1,openalex,True
27767357,2016,India,openalex_ror,India|Netherlands,5,openalex,True
27757993,2016,China,openalex_ror,China,20,openalex,True
27757010,2016,Unknown,affil_unresolved,Turkey,32,openalex,True
27757009,2016,Egypt,openalex_ror,Egypt,24,openalex,True
27751694,2016,Spain,openalex_ror,Spain,1,openalex,True
27227481,2016,Sweden,openalex_ror,Sweden,11,openalex,True
27130377,2016,China,openalex_ror,China,35,openalex,True
27748658,2017,United States,openalex_ror,United States,11,openalex,True
27617868,2016,Brazil,openalex_ror,Brazil,7,openalex,True
27583801,2016,Unknown,affil_unresolved,,1,openalex,True
27467042,2016,Israel,openalex_ror,Israel,6,openalex,True
27729752,2016,South Korea,openalex_ror,South Korea,12,openalex,True
27722762,2016,Unknown,no_affiliation,,1,openalex,True
27722761,2016,Unknown,no_affiliation,,17,openalex,True
27722756,2016,Unknown,no_affiliation,,31,openalex,True
27722755,2016,Unknown,no_affiliation,,23,openalex,True
27722753,2016,Unknown,no_affiliation,,13,openalex,True
27716112,2016,China,openalex_ror,China,23,openalex,True
27713617,2016,Japan,openalex_ror,Japan,5,openalex,True
27699605,2016,Iran,openalex_ror,Iran,20,openalex,True
27697260,2016,Unknown,no_affiliation,,0,openalex,True
27697248,2016,India,openalex_ror,India,44,openalex,True
27697241,2016,India,openalex_ror,India,23,openalex,True
27689082,2016,China,openalex_ror,China,17,openalex,True
27686663,2016,China,openalex_ror,China,20,openalex,True
27672447,2016,China,openalex_ror,China,52,openalex,True
27668956,2016,Unknown,no_affiliation,,0,openalex,True
27655417,2016,China,openalex_ror,China,22,openalex,True
27655258,2016,China,openalex_ror,China,42,openalex,True
27651001,2016,China,openalex_ror,China,40,openalex,True
27647249,2016,China,openalex_ror,China,3,openalex,True
27643602,2016,Germany,openalex_ror,Germany,6,openalex,True
27631415,2017,Germany,openalex_ror,Germany,2,openalex,True
27630372,2016,United States,openalex_ror,United States,20,openalex,True
27628587,2016,Italy,openalex_ror,Italy,39,openalex,True
27623389,2016,Spain,openalex_ror,Spain,14,openalex,True
27621794,2016,India,openalex_ror,India,5,openalex,True
27621782,2016,Mexico,openalex_ror,Mexico,15,openalex,True
27621589,2016,United States,openalex_ror,United States,9,openalex,True
27620918,2017,Germany,openalex_ror,Germany,2,openalex,True
27602074,2016,China,openalex_ror,China,34,openalex,True
27601880,2016,Greece,openalex_ror,Greece,10,openalex,True
27601090,2016,Hong Kong,openalex_ror,China|Hong Kong,15,openalex,True
27600891,2016,Russia,openalex_ror,Russia,5,openalex,True
27598735,2016,Unknown,no_affiliation,,6,openalex,True
27598734,2016,Unknown,no_affiliation,,58,openalex,True
27598733,2016,Unknown,no_affiliation,,24,openalex,True
27598731,2016,Unknown,no_affiliation,,11,openalex,True
27598730,2016,Unknown,no_affiliation,,28,openalex,True
27583797,2017,Hong Kong,openalex_ror,Hong Kong,13,openalex,True
27580699,2016,South Korea,openalex_ror,South Korea,23,openalex,True
27577086,2016,China,openalex_ror,China,87,openalex,True
27563677,2016,India,openalex_ror,India,6,openalex,True
27560032,2017,Japan,affil_country_name_over_openalex,Japan,132,openalex,True
27549891,2016,United States,openalex_ror,Colombia|United States,6,openalex,True
27548888,2016,China,openalex_ror,China,61,openalex,True
27543291,2016,China,openalex_ror,China|Hong Kong,17,openalex,True
27531300,2016,United States,openalex_ror,United States,150,openalex,True
27531299,2016,Brazil,openalex_ror,Brazil,1,openalex,True
27531296,2016,France,openalex_ror,France,31,openalex,True
27531295,2016,United States,openalex_ror,United States,16,openalex,True
27531294,2016,Singapore,openalex_ror,Singapore,18,openalex,True
27531283,2016,Unknown,no_affiliation,,5,openalex,True
27531111,2016,China,openalex_ror,China,3,openalex,True
27531110,2016,China,openalex_ror,China,5,openalex,True
27531109,2016,China,openalex_ror,China,3,openalex,True
27531108,2016,China,openalex_ror,China,0,openalex,True
27529906,2016,Unknown,no_affiliation,,0,openalex,True
27518898,2016,Italy,openalex_ror,Italy,25,openalex,True
27515941,2016,Japan,openalex_ror,Japan,1,openalex,True
27513239,2016,Turkey,openalex_ror,Turkey,8,openalex,True
27505318,2016,Unknown,no_affiliation,,14,openalex,True
27505315,2016,Unknown,no_affiliation,,6,openalex,True
27505312,2016,Unknown,no_affiliation,,48,openalex,True
27505311,2016,Unknown,no_affiliation,,52,openalex,True
27504514,2016,Brazil,openalex_ror,Brazil,32,openalex,True
27502494,2016,South Korea,openalex_ror,South Korea,18,openalex,True
27500109,2016,China,openalex_ror,China,9,openalex,True
27498450,2016,Serbia,openalex_ror,Serbia,2,openalex,True
27494682,2016,Switzerland,affil_country_name,Switzerland,0,openalex,True
27492109,2016,Spain,openalex_ror,Spain,41,openalex,True
27490052,2016,Netherlands,openalex_ror,Netherlands,25,openalex,True
27478365,2016,Switzerland,affil_country_name,Serbia|Switzerland,12,openalex,True
27469194,2016,Egypt,openalex_ror,Egypt,5,openalex,True
27467046,2016,United States,openalex_ror,United States,4,openalex,True
27467038,2016,China,openalex_ror,China,24,openalex,True
27462264,2016,Turkey,openalex_ror,Turkey,7,openalex,True
27457241,2016,Egypt,openalex_ror,Egypt,73,openalex,True
27456563,2016,Russia,openalex_ror,Azerbaijan|Russia,4,openalex,True
27446606,2016,Egypt,openalex_ror,Egypt,6,openalex,True
27430523,2016,South Korea,openalex_ror,South Korea,7,openalex,True
27418804,2016,United States,openalex_ror,United States,12,openalex,True
27418330,2016,Singapore,openalex_ror,Singapore,46,openalex,True
27413492,2016,Iran,openalex_ror,Iran,2,openalex,True
27413491,2016,Iran,openalex_ror,Iran,3,openalex,True
27409470,2016,Austria,openalex_ror,Austria|Germany,105,openalex,True
27400085,2016,Unknown,no_affiliation,,0,openalex,True
27400084,2016,Unknown,no_affiliation,,0,openalex,True
27400083,2016,Finland,openalex_ror,Finland,55,openalex,True
27400079,2016,Unknown,no_affiliation,,54,openalex,True
27400073,2016,Unknown,no_affiliation,,26,openalex,True
27392604,2016,Spain,openalex_ror,Spain,33,openalex,True
27373399,2016,United States,openalex_ror,United States,0,openalex,True
27373397,2016,Iran,openalex_ror,Iran,10,openalex,True
27373396,2016,South Korea,openalex_ror,South Korea,9,openalex,True
27373395,2016,United States,openalex_ror,United States,34,openalex,True
27367803,2016,China,openalex_ror,China,103,openalex,True
27367533,2016,China,openalex_ror,China,11,openalex,True
30070441,2016,Unknown,no_affiliation,,4,openalex,True
27348719,2016,China,openalex_ror,China,5,openalex,True
27341094,2016,Unknown,no_affiliation,,15,openalex,True
27331149,2016,Egypt,openalex_ror,Egypt|United States,0,openalex,True
27315294,2016,Germany,openalex_ror,Germany,21,openalex,True
27315288,2016,Germany,openalex_ror,Germany,4,openalex,True
27313444,2016,Serbia,openalex_ror,Serbia|Switzerland,16,openalex,True
27311271,2016,Unknown,no_affiliation,,0,openalex,True
27304606,2016,Unknown,no_affiliation,,8,openalex,True
27304601,2016,Unknown,no_affiliation,,24,openalex,True
27304599,2016,Unknown,no_affiliation,,3,openalex,True
27275436,2016,China,openalex_ror,China,9,openalex,True
27267450,2016,Hong Kong,openalex_ror,Hong Kong|United Kingdom,3,openalex,True
27257731,2016,Unknown,no_affiliation,,11,openalex,True
27257728,2016,Unknown,no_affiliation,,11,openalex,True
27257609,2016,Egypt,openalex_ror,Egypt,6,openalex,True
27255258,2016,South Korea,openalex_ror,South Korea,4,openalex,True
27255248,2016,United Kingdom,openalex_ror,United Kingdom,35,openalex,True
27255247,2016,Singapore,openalex_ror,Singapore,27,openalex,True
27255246,2016,Japan,openalex_ror,Japan,17,openalex,True
27243355,2017,Iran,openalex_ror,Iran,30,openalex,True
27239597,2016,Iran,openalex_ror,Iran,10,openalex,True
27239584,2015,Iran,openalex_ror,Iran|United States,7,openalex,True
27239583,2015,Iran,openalex_ror,Iran,0,openalex,True
27239334,2016,Hong Kong,openalex_ror,Hong Kong,27,openalex,True
27224070,2016,Brazil,openalex_ror,Brazil,3,openalex,True
27220224,2016,Unknown,no_affiliation,,3,openalex,True
27210519,2016,Singapore,openalex_ror,Singapore,92,openalex,True
27208981,2016,United States,openalex_ror,United States,52,openalex,True
27196994,2017,China,openalex_ror,China,6,openalex,True
27191671,2016,Egypt,openalex_ror,Egypt,28,openalex,True
27186081,2016,Lebanon,openalex_ror,Lebanon,1,openalex,True
27183291,2016,United States,openalex_ror,United States,5,openalex,True
27175371,2016,Norway,affil_country_name_over_openalex,Norway,30,openalex,True
27175059,2016,United States,openalex_ror,United Kingdom|United States,16,openalex,True
27163621,2016,Unknown,no_affiliation,,56,openalex,True
27163619,2016,Unknown,no_affiliation,,9,openalex,True
27163615,2016,Unknown,no_affiliation,,10,openalex,True
27163614,2016,Unknown,no_affiliation,,20,openalex,True
27163613,2016,Nepal,imputed_affil_country_over_openalex,United Kingdom,29,openalex,True
27162734,2016,China,openalex_ror,China,9,openalex,True
27162732,2016,China,openalex_ror,China,23,openalex,True
27162724,2016,China,openalex_ror,China|Hong Kong,2,openalex,True
27160843,2016,Japan,openalex_ror,Japan,16,openalex,True
27158811,2016,United Kingdom,affil_country_name_over_openalex,United Kingdom,34,openalex,True
27158808,2016,Japan,openalex_ror,Japan,6,openalex,True
27158619,2016,China,openalex_ror,China,1,openalex,True
27156103,2016,Australia,openalex_ror,Australia,25,openalex,True
27152484,2016,Japan,affil_country_name,Japan,22,openalex,True
27143849,2016,Brazil,openalex_ror,Brazil|Israel,150,openalex,True
27143847,2016,Brazil,openalex_ror,Brazil,40,openalex,True
27138639,2016,United States,openalex_ror,United States,13,openalex,True
27138638,2016,United States,openalex_ror,United States,21,openalex,True
27130976,2016,Germany,openalex_ror,Germany|South Korea,4,openalex,True
27124781,2016,Brazil,openalex_ror,Brazil,20,openalex,True
27124776,2016,United Arab Emirates,affil_country_name,United Arab Emirates,37,openalex,True
27116483,2016,Switzerland,affil_country_name,Switzerland,17,openalex,True
27116482,2016,Switzerland,openalex_ror,Switzerland,2,openalex,True
27113888,2016,France,openalex_ror,France,44,openalex,True
27113883,2016,United States,openalex_ror,United States,1,openalex,True
27099467,2016,Russia,openalex_ror,Azerbaijan|Russia,8,openalex,True
27099464,2016,Greece,openalex_ror,Greece,6,openalex,True
27099463,2016,Germany,openalex_ror,Germany,29,openalex,True
27099459,2016,Spain,affil_country_name,Spain,17,openalex,True
27096376,2016,Brazil,openalex_ror,Brazil,63,openalex,True
27080489,2016,China,openalex_ror,China,33,openalex,True
27079610,2016,Brazil,openalex_ror,Brazil,9,openalex,True
27078188,2016,Turkey,openalex_ror,Turkey,2,openalex,True
27070238,2016,Unknown,no_affiliation,,1,openalex,True
27070234,2016,Unknown,no_affiliation,,2,openalex,True
27070233,2016,Unknown,no_affiliation,,193,openalex,True
27070229,2016,Unknown,no_affiliation,,28,openalex,True
27070228,2016,Unknown,no_affiliation,,10,openalex,True
27063542,2016,Colombia,affil_country_name,Colombia,2,openalex,True
27063541,2016,Spain,affil_country_name,Spain,0,openalex,True
27063531,2016,Unknown,no_affiliation,,0,openalex,True
27063526,2016,Egypt,openalex_ror,Egypt,18,openalex,True
27063525,2016,United States,openalex_ror,United States,23,openalex,True
27063524,2016,Russia,openalex_ror,Russia,35,openalex,True
27063522,2016,Hong Kong,openalex_ror,Hong Kong,29,openalex,True
27063516,2016,Unknown,no_affiliation,,4,openalex,True
27059801,2016,Ireland,openalex_ror,Ireland,3,openalex,True
27051527,2016,United States,openalex_ror,United States,14,openalex,True
27051256,2016,South Korea,openalex_ror,South Korea,25,openalex,True
27050350,2016,India,openalex_ror,India,12,openalex,True
27049689,2016,United States,openalex_ror,United States,19,openalex,True
27044473,2016,India,openalex_ror,India,26,openalex,True
27032022,2016,Germany,openalex_ror,Germany,18,openalex,True
27031540,2016,United States,openalex_ror,United States,31,openalex,True
27030438,2016,Russia,openalex_ror,Russia,5,openalex,True
27027916,2016,Austria,openalex_ror,Austria,14,openalex,True
27027625,2016,Unknown,no_affiliation,,10,openalex,True
27027624,2016,Unknown,no_affiliation,,27,openalex,True
27027623,2016,Unknown,no_affiliation,,18,openalex,True
27026456,2016,United Kingdom,openalex_ror,United Kingdom,16,openalex,True
27026452,2016,Nepal,openalex_ror,Nepal,37,openalex,True
27026451,2016,United Kingdom,openalex_ror,United Kingdom,22,openalex,True
27026449,2016,Egypt,openalex_ror,Egypt,42,openalex,True
27026446,2016,Germany,openalex_ror,Germany,32,openalex,True
27022380,2016,Iran,openalex_ror,Iran,8,openalex,True
27022236,2016,Finland,openalex_ror,Finland,33,openalex,True
27014386,2016,Australia,openalex_ror,Australia,21,openalex,True
27012841,2016,Italy,affil_country_name,Germany|Italy,21,openalex,True
27012690,2016,China,openalex_ror,China,19,openalex,True
27006324,2016,Israel,openalex_ror,Israel,190,openalex,True
27003814,2016,Turkey,openalex_ror,Turkey,8,openalex,True
27000109,2016,Saudi Arabia,openalex_ror,Australia|Saudi Arabia,39,openalex,True
26996546,2016,Thailand,openalex_ror,Thailand,7,openalex,True
26995709,2016,Germany,openalex_ror,Germany,38,openalex,True
26979117,2016,China,openalex_ror,China,0,openalex,True
26978869,2015,Unknown,no_affiliation,,0,openalex,True
26968722,2016,Germany,openalex_ror,Germany,3,openalex,True
26967106,2016,Israel,openalex_ror,Israel,60,openalex,True
26957851,2016,Egypt,openalex_ror,Egypt,22,openalex,True
26950834,2016,China,openalex_ror,China|Norway,10,openalex,True
26949354,2015,India,openalex_ror,India,22,openalex,True
26949353,2015,Saudi Arabia,openalex_ror,Saudi Arabia,2,openalex,True
26948792,2016,China,openalex_ror,China,69,openalex,True
26948787,2016,Italy,affil_country_name_over_openalex,Italy,6,openalex,True
26948786,2016,Spain,openalex_ror,Spain,24,openalex,True
26948773,2016,United States,affil_country_name,United States,105,openalex,True
26938343,2016,Unknown,no_affiliation,,73,openalex,True
26938341,2016,Unknown,no_affiliation,,31,openalex,True
26938340,2016,Unknown,no_affiliation,,6,openalex,True
26938339,2016,Unknown,no_affiliation,,15,openalex,True
26938338,2016,United States,openalex_ror,United States,19,openalex,True
26938337,2016,Unknown,no_affiliation,,17,openalex,True
26938336,2016,United States,openalex_ror,United States,33,openalex,True
26937680,2016,China,openalex_ror,China,30,openalex,True
26935202,2016,Germany,openalex_ror,Germany,18,openalex,True
26909354,2016,Greece,openalex_ror,Greece|Philippines,14,openalex,True
26899224,2016,China,openalex_ror,China,5,openalex,True
26899223,2016,China,openalex_ror,China,1,openalex,True
26899220,2016,China,openalex_ror,China,3,openalex,True
26899219,2016,China,openalex_ror,China,4,openalex,True
26899218,2016,China,openalex_ror,China,2,openalex,True
26899217,2016,China,openalex_ror,China,3,openalex,True
26899216,2016,China,openalex_ror,China,1,openalex,True
26899152,2016,China,openalex_ror,China,41,openalex,True
26896122,2016,Greece,openalex_ror,Greece,70,openalex,True
26896060,2016,Spain,openalex_ror,Spain,6,openalex,True
26890667,2016,Japan,affil_country_name_over_openalex,Japan,2,openalex,True
26890662,2016,China,openalex_ror,China,84,openalex,True
26889153,2016,United States,openalex_ror,United States,7,openalex,True
26881295,2016,Switzerland,openalex_ror,Switzerland,4,openalex,True
26871764,2016,Poland,openalex_ror,Poland,77,openalex,True
26870742,2016,United States,openalex_ror,United States,17,openalex,True
26870114,2015,China,openalex_ror,China,8,openalex,True
26868029,2016,Germany,openalex_ror,Germany|United Kingdom,44,openalex,True
26865052,2016,United States,openalex_ror,Singapore|United States,46,openalex,True
26864644,2016,Denmark,openalex_ror,Denmark|South Korea,24,openalex,True
26863612,2016,China,openalex_ror,China|Germany,36,openalex,True
26863271,2016,China,openalex_ror,China,48,openalex,True
26862244,2015,Unknown,affil_unresolved,Albania|Germany,2,openalex,True
26859302,2016,India,openalex_ror,India,17,openalex,True
26856434,2016,Unknown,no_affiliation,,11,openalex,True
26856430,2016,Unknown,no_affiliation,,8,openalex,True
26856429,2016,Brazil,imputed_affil_country_over_openalex,Brazil|United States,40,openalex,True
26856428,2016,Unknown,no_affiliation,,14,openalex,True
26856423,2016,Unknown,no_affiliation,,27,openalex,True
26852167,2016,China,openalex_ror,Australia|China,84,openalex,True
26840597,2016,United Kingdom,openalex_ror,United Kingdom,0,openalex,True
26840170,2016,United States,openalex_ror,United States,4,openalex,True
26833247,2016,China,openalex_ror,China,54,openalex,True
26826744,2016,France,openalex_ror,France,4,openalex,True
26824754,2016,Taiwan,openalex_ror,Taiwan,12,openalex,True
26817133,2015,Unknown,no_affiliation,,1,openalex,True
26814286,2015,Unknown,affil_unresolved,United States,40,openalex,True
26812715,2016,Brazil,openalex_ror,Brazil|United States,64,openalex,True
26812710,2016,Italy,openalex_ror,China|Greece|Italy,29,openalex,True
26812709,2016,Unknown,no_affiliation,,10,openalex,True
26812708,2016,Unknown,no_affiliation,,26,openalex,True
26807903,2016,United States,openalex_ror,United States,18,openalex,True
26798507,2015,China,openalex_ror,China,24,openalex,True
26796459,2015,United States,openalex_ror,United States,14,openalex,True
26796454,2015,United States,openalex_ror,United States,39,openalex,True
26796452,2015,United Kingdom,affil_country_name_over_openalex,United Kingdom,17,openalex,True
26796448,2015,Brazil,affil_country_name,Brazil,5,openalex,True
26796443,2015,United States,openalex_ror,United States,117,openalex,True
26788024,2015,United States,openalex_ror,Brazil|United States,28,openalex,True
26777318,2016,Brazil,openalex_ror,Brazil|United States,72,openalex,True
26768916,2016,United Kingdom,openalex_ror,United Kingdom,13,openalex,True
26764882,2016,India,openalex_ror,India,67,openalex,True
26751996,2016,India,openalex_ror,India,1,openalex,True
26746577,2016,Germany,openalex_ror,Germany,155,openalex,True
29190059,2016,Unknown,no_affiliation,,1,openalex,True
26711296,2015,United States,openalex_ror,United States,4,openalex,True
26709983,2017,Spain,openalex_ror,Spain,24,openalex,True
26709375,2015,Thailand,affil_country_name,Australia|Thailand,40,openalex,True
26707444,2016,United States,openalex_ror,United States,0,openalex,True
26707442,2016,Italy,openalex_ror,Italy,0,openalex,True
26703523,2015,United States,affil_country_name,United States,1,openalex,True
26703503,2015,Mexico,openalex_ror,Mexico,26,openalex,True
26703502,2015,Spain,affil_country_name,Spain,8,openalex,True
26703501,2015,United States,openalex_ror,United States,36,openalex,True
26703500,2015,United States,openalex_ror,United States,10,openalex,True
26703499,2015,China,openalex_ror,China,28,openalex,True
26703498,2015,United Kingdom,openalex_ror,United Kingdom,14,openalex,True
26703483,2015,Ireland,openalex_ror,Ireland,26,openalex,True
26703302,2015,Egypt,openalex_ror,Egypt,8,openalex,True
26703293,2015,United States,openalex_ror,United States,14,openalex,True
26703292,2015,Germany,openalex_ror,Germany,42,openalex,True
26703291,2015,United States,openalex_ror,United States,37,openalex,True
26703289,2015,Singapore,openalex_ror,Singapore,63,openalex,True
26693649,2015,China,openalex_ror,China,9,openalex,True
26693347,2015,Egypt,openalex_ror,Egypt,17,openalex,True
26692722,2015,Iran,openalex_ror,Iran,8,openalex,True
26684046,2016,China,openalex_ror,China,138,openalex,True
26683931,2015,Italy,openalex_ror,Italy,8,openalex,True
26682569,2015,Hong Kong,openalex_ror,Australia|Hong Kong,36,openalex,True
26682160,2015,China,openalex_ror,China,12,openalex,True
26682153,2015,China,openalex_ror,China,1,openalex,True
26677039,2015,Brazil,openalex_ror,Brazil,4,openalex,True
26675407,2016,United States,openalex_ror,India|United States,291,openalex,True
26669348,2015,United Kingdom,openalex_ror,United Kingdom,1,openalex,True
26657665,2017,United States,openalex_ror,United States,13,openalex,True
26655482,2016,Brazil,openalex_ror,Brazil,22,openalex,True
26653732,2015,Unknown,no_affiliation,,10,openalex,True
26653731,2015,Unknown,no_affiliation,,29,openalex,True
26653724,2015,Unknown,no_affiliation,,32,openalex,True
26653723,2015,Unknown,no_affiliation,,41,openalex,True
33429679,2015,Singapore,openalex_ror,Singapore,31,openalex,True
26649190,2015,China,openalex_ror,Australia|China,67,openalex,True
26649018,2015,Pakistan,affil_country_name,Pakistan,12,openalex,True
26626047,2015,India,openalex_ror,India,15,openalex,True
26621902,2015,United Kingdom,openalex_ror,Egypt|United Kingdom,6,openalex,True
26613941,2015,Germany,openalex_ror,Germany,6,openalex,True
26613089,2015,Sweden,openalex_ror,Ireland|Netherlands|Sweden|United Kingdom,64,openalex,True
26610755,2015,Japan,openalex_ror,Japan,28,openalex,True
26609219,2015,United States,affil_country_name,United States,8,openalex,True
26605367,2015,Thailand,affil_country_name,Australia|Thailand,60,openalex,True
26605365,2015,Greece,affil_country_name,Australia|Greece|United Kingdom|United States,94,openalex,True
26605363,2015,Australia,openalex_ror,Australia,39,openalex,True
26605362,2015,Spain,affil_country_name,Spain,37,openalex,True
26605360,2015,Germany,openalex_ror,Australia|Germany,108,openalex,True
26604052,2015,South Korea,openalex_ror,South Korea,8,openalex,True
26603421,2015,Germany,affil_country_name,Germany,0,openalex,True
26603420,2015,Spain,affil_country_name,Spain,1,openalex,True
26603419,2015,France,affil_country_name,France,0,openalex,True
26603418,2015,Ireland,affil_country_name,Ireland,0,openalex,True
26603417,2015,Greece,affil_country_name,Greece,0,openalex,True
26603416,2015,Germany,affil_country_name,Germany,0,openalex,True
26603415,2015,France,affil_country_name,France,0,openalex,True
26603414,2015,United Kingdom,affil_country_name,United Kingdom,0,openalex,True
26603413,2015,Netherlands,openalex_ror,Netherlands,0,openalex,True
26603410,2015,India,openalex_ror,India,79,openalex,True
26603398,2015,South Korea,openalex_ror,South Korea,4,openalex,True
26603397,2015,Italy,affil_country_name_over_openalex,Italy,45,openalex,True
26603390,2015,United States,affil_country_name,United States,19,openalex,True
26603389,2015,United States,openalex_ror,United States,5,openalex,True
26603388,2015,United States,openalex_ror,United States,16,openalex,True
26589231,2015,Denmark,openalex_ror,Denmark,53,openalex,True
26558204,2015,Iran,openalex_ror,Iran,27,openalex,True
26556008,2015,China,openalex_ror,China,23,openalex,True
26554611,2015,Germany,affil_country_name,Germany,73,openalex,True
26550981,2016,Greece,affil_country_name_over_openalex,Greece,13,openalex,True
26549141,2015,Spain,affil_city_hint,Spain,0,openalex,True
26546564,2015,Iran,openalex_ror,Iran,5,openalex,True
26544566,2015,Unknown,no_affiliation,,18,openalex,True
26544565,2015,Unknown,no_affiliation,,23,openalex,True
26544564,2015,Unknown,no_affiliation,,54,openalex,True
26544563,2015,Unknown,no_affiliation,,22,openalex,True
26544560,2015,Unknown,no_affiliation,,22,openalex,True
26544559,2015,Unknown,no_affiliation,,61,openalex,True
26528400,2015,Spain,openalex_ror,Spain,2,openalex,True
26525345,2015,Italy,openalex_ror,Italy,2,openalex,True
26516449,2015,Egypt,openalex_ror,Egypt,2,openalex,True
26509761,2016,Portugal,openalex_ror,Portugal,53,openalex,True
26509759,2016,United Kingdom,openalex_ror,United Kingdom,21,openalex,True
26504595,2015,United States,openalex_ror,United Kingdom|United States,10,openalex,True
26499875,2015,China,openalex_ror,China,42,openalex,True
26499330,2015,United States,affil_country_name,Canada|United States,25,openalex,True
26492452,2015,Unknown,no_affiliation,United States,25,openalex,True
26488625,2015,Taiwan,openalex_ror,Taiwan,2,openalex,True
26488623,2015,Iran,openalex_ror,Iran,12,openalex,True
26483975,2015,China,openalex_ror,China,36,openalex,True
26483972,2015,Italy,openalex_ror,Italy,8,openalex,True
26481062,2015,Italy,openalex_ror,Italy,19,openalex,True
26477066,2015,Unknown,no_affiliation,,3,openalex,True
26469078,2015,Unknown,no_affiliation,,46,openalex,True
26469075,2015,Unknown,no_affiliation,,52,openalex,True
26459996,2015,United States,openalex_ror,United States,147,openalex,True
26452432,2015,Brazil,affil_country_name_over_openalex,Brazil,46,openalex,True
26444906,2015,Denmark,openalex_ror,Denmark,106,openalex,True
26432116,2015,Lebanon,openalex_ror,Lebanon,22,openalex,True
26432115,2015,Italy,affil_country_name_over_openalex,Italy,10,openalex,True
26432114,2015,Israel,openalex_ror,Israel,9,openalex,True
26432113,2015,United Kingdom,openalex_ror,United Kingdom,38,openalex,True
26426645,2015,Japan,openalex_ror,Japan,12,openalex,True
29450310,2015,Romania,affil_country_name,Romania,15,openalex,True
26418429,2015,South Korea,openalex_ror,South Korea,14,openalex,True
26417926,2015,United States,openalex_ror,United States,5,openalex,True
26415316,2015,Unknown,no_affiliation,,8,openalex,True
26406080,2015,China,openalex_ror,China,0,openalex,True
26405102,2015,Italy,openalex_ror,Italy,51,openalex,True
26400154,2015,Croatia,openalex_ror,Croatia,10,openalex,True
26390799,2015,Unknown,no_affiliation,,1,openalex,True
26390348,2015,United States,openalex_ror,United States,4,openalex,True
26379419,2015,Spain,openalex_ror,Spain,27,openalex,True
26375342,2015,Turkey,affil_city_hint,Turkey,6,openalex,True
26375333,2015,Brazil,openalex_ror,Brazil,8,openalex,True
26372786,2015,Unknown,no_affiliation,,2,openalex,True
26368867,2015,China,openalex_ror,China,3,openalex,True
26366293,2015,Egypt,openalex_ror,Egypt,17,openalex,True
26359809,2015,United States,openalex_ror,South Korea|United States,8,openalex,True
26359339,2015,Spain,openalex_ror,Spain,26,openalex,True
26356749,2015,United States,openalex_ror,United States,6,openalex,True
26352793,2015,Unknown,no_affiliation,,6,openalex,True
26352571,2015,Unknown,no_affiliation,,5,openalex,True
26352570,2015,Unknown,no_affiliation,,13,openalex,True
26352569,2015,Unknown,no_affiliation,,17,openalex,True
26352568,2015,Unknown,no_affiliation,,13,openalex,True
26352566,2015,Unknown,no_affiliation,,40,openalex,True
26352565,2015,Unknown,no_affiliation,,11,openalex,True
26352564,2015,Unknown,no_affiliation,,31,openalex,True
26352563,2015,Unknown,no_affiliation,,79,openalex,True
26352562,2015,Unknown,no_affiliation,,35,openalex,True
26340340,2015,Taiwan,openalex_ror,Taiwan,9,openalex,True
26327912,2015,Denmark,openalex_ror,Denmark,18,openalex,True
26323191,2015,Unknown,no_affiliation,,1,openalex,True
26310256,2015,China,openalex_ror,China,3,openalex,True
26309880,2015,China,openalex_ror,China,39,openalex,True
26309879,2015,China,openalex_ror,China,10,openalex,True
26307330,2015,Spain,openalex_ror,Spain,59,openalex,True
26289725,2015,Japan,openalex_ror,Japan,11,openalex,True
26287909,2015,Germany,affil_country_name,Germany,5,openalex,True
26287883,2015,Italy,openalex_ror,Italy,9,openalex,True
26287882,2015,Iran,openalex_ror,Iran,16,openalex,True
26287881,2015,Greece,openalex_ror,Greece,82,openalex,True
26287878,2015,United States,openalex_ror,United States,11,openalex,True
26287877,2015,United Kingdom,openalex_ror,United Kingdom,25,openalex,True
26287724,2015,Turkey,affil_country_name,Turkey,,,False
26287453,2015,Turkey,openalex_ror,Turkey,8,openalex,True
26281814,2015,United States,openalex_ror,Canada|United States,35,openalex,True
26273659,2015,Singapore,openalex_ror,Singapore,14,openalex,True
26268642,2015,China,openalex_ror,China,7,openalex,True
26268641,2015,China,openalex_ror,China,4,openalex,True
26266431,2015,India,openalex_ror,India,19,openalex,True
26266430,2015,Egypt,openalex_ror,Egypt,31,openalex,True
26259635,2015,Australia,affil_country_name_over_openalex,Australia|China,83,openalex,True
26253540,2015,United Kingdom,openalex_ror,United Kingdom,10,openalex,True
26253460,2015,China,openalex_ror,China,8,openalex,True
26248347,2015,Unknown,no_affiliation,,27,openalex,True
26248346,2015,Unknown,no_affiliation,,39,openalex,True
26229428,2015,India,openalex_ror,India,43,openalex,True
26226476,2015,Mexico,openalex_ror,Mexico,68,openalex,True
26226471,2015,China,openalex_ror,China,46,openalex,True
26225777,2015,India,openalex_ror,India,3,openalex,True
26222852,2015,Hong Kong,openalex_ror,Hong Kong,38,openalex,True
26221538,2015,India,openalex_ror,India,49,openalex,True
26220189,2015,China,openalex_ror,China,14,openalex,True
26210054,2015,United Kingdom,openalex_ror,United Kingdom,5,openalex,True
26210052,2015,South Korea,openalex_ror,South Korea,30,openalex,True
26206791,2015,Hong Kong,openalex_ror,Australia|China|Hong Kong,112,openalex,True
26203750,2015,Germany,openalex_ror,Germany,3,openalex,True
26203219,2015,United States,openalex_ror,United Kingdom|United States,20,openalex,True
26199776,2015,Turkey,affil_country_name,Turkey,3,openalex,True
26189402,2015,Italy,affil_country_name,Italy,21,openalex,True
26189399,2015,Brazil,affil_country_name,Brazil|Portugal|United States,15,openalex,True
26189383,2015,Germany,openalex_ror,Germany,16,openalex,True
26189377,2015,Germany,openalex_ror,Germany,6,openalex,True
26187142,2015,Iran,openalex_ror,Iran,28,openalex,True
26186563,2015,Unknown,no_affiliation,,67,openalex,True
26186562,2015,United Kingdom,imputed_affil_country_over_openalex,United States,87,openalex,True
26167293,2015,Spain,affil_country_name,Spain,24,openalex,True
26165793,2015,Singapore,openalex_ror,Singapore,78,openalex,True
26156840,2015,United Arab Emirates,affil_country_name,United Arab Emirates,5,openalex,True
26156299,2015,United States,openalex_ror,United States,53,openalex,True
26154691,2015,United States,openalex_ror,United States,69,openalex,True
26140460,2015,Germany,openalex_ror,Germany,14,openalex,True
26135012,2015,South Korea,affil_country_name,South Korea,14,openalex,True
29018680,2015,Taiwan,openalex_ror,Taiwan,8,openalex,True
26124460,2015,Ireland,openalex_ror,Ireland,34,openalex,True
26105540,2015,Spain,openalex_ror,Spain,0,openalex,True
26101128,2015,Spain,openalex_ror,Spain,20,openalex,True
26100961,2015,United States,openalex_ror,United States,3,openalex,True
26098104,2015,Italy,openalex_ror,Italy,100,openalex,True
26097749,2015,Japan,openalex_ror,Japan,9,openalex,True
26096523,2015,Spain,openalex_ror,Spain,44,openalex,True
26096522,2015,United States,openalex_ror,United States,62,openalex,True
26095261,2015,India,openalex_ror,India,22,openalex,True
26087672,2015,China,affil_country_name,China,41,openalex,True
26086011,2015,Italy,openalex_ror,Italy,5,openalex,True
26065356,2015,United States,openalex_ror,United States,19,openalex,True
26060579,2015,United States,openalex_ror,United States,35,openalex,True
26059895,2015,South Korea,openalex_ror,South Korea,60,openalex,True
26058025,2015,Egypt,openalex_ror,Egypt,22,openalex,True
26058023,2015,Greece,openalex_ror,Greece,34,openalex,True
26058022,2015,South Korea,affil_country_name_over_openalex,South Korea,60,openalex,True
26058021,2015,United States,openalex_ror,United States,29,openalex,True
26058020,2015,Unknown,no_affiliation,,24,openalex,True
26058019,2015,United States,openalex_ror,United States,31,openalex,True
26049857,2015,Unknown,no_affiliation,,0,openalex,True
26049856,2015,United States,affil_country_name,United States,0,openalex,True
26049837,2015,China,openalex_ror,China,32,openalex,True
26049836,2015,Netherlands,affil_country_name_over_openalex,Netherlands,23,openalex,True
26049835,2015,South Korea,openalex_ror,South Korea,46,openalex,True
26049834,2015,United Kingdom,openalex_ror,United Kingdom,19,openalex,True
26049833,2015,United Kingdom,openalex_ror,United Kingdom,16,openalex,True
26047173,2015,China,openalex_ror,China,65,openalex,True
26046709,2015,Unknown,no_affiliation,,18,openalex,True
26046708,2015,Unknown,no_affiliation,,14,openalex,True
26046707,2015,South Korea,openalex_ror,South Korea,7,openalex,True
26046704,2015,Unknown,no_affiliation,,47,openalex,True
26046703,2015,Unknown,no_affiliation,,144,openalex,True
26040181,2015,Serbia,openalex_ror,Serbia,6,openalex,True
26028949,2015,South Korea,openalex_ror,South Korea,9,openalex,True
26025425,2015,Netherlands,openalex_ror,Australia|Germany|Netherlands|United Kingdom,61,openalex,True
26020826,2015,India,openalex_ror,India,9,openalex,True
26020821,2015,Japan,openalex_ror,Japan,29,openalex,True
26011971,2014,Unknown,no_affiliation,,18,openalex,True
26011954,2014,Unknown,no_affiliation,,3,openalex,True
26005545,2015,Iran,openalex_ror,Iran,44,openalex,True
25994984,2015,Japan,openalex_ror,Japan,10,openalex,True
25992866,2015,China,openalex_ror,China,16,openalex,True
25985886,2015,Mexico,openalex_ror,Mexico,5,openalex,True
25982158,2015,Egypt,openalex_ror,Egypt,0,openalex,True
25976638,2015,Iran,openalex_ror,Iran,10,openalex,True
25974975,2015,Unknown,no_affiliation,,11,openalex,True
25974972,2015,Unknown,no_affiliation,,5,openalex,True
25974971,2015,Unknown,no_affiliation,,11,openalex,True
25974970,2015,Unknown,no_affiliation,,34,openalex,True
25970433,2015,United States,openalex_ror,United States,10,openalex,True
25969687,2015,United States,openalex_ror,United States,5,openalex,True
25966249,2015,China,openalex_ror,China,0,openalex,True
25959784,2015,Unknown,no_affiliation,,6,openalex,True
25954511,2015,United States,openalex_ror,United States,19,openalex,True
25953471,2015,China,openalex_ror,China,76,openalex,True
25953470,2015,India,openalex_ror,India,91,openalex,True
25951479,2015,India,openalex_ror,India,13,openalex,True
25949084,2015,Iran,openalex_ror,Iran,13,openalex,True
25947557,2015,United States,openalex_ror,United States,14,openalex,True
25941959,2015,India,openalex_ror,India,11,openalex,True
25938492,2015,China,openalex_ror,China|United States,4,openalex,True
25938004,2015,Singapore,openalex_ror,Singapore,17,openalex,True
25935340,2015,United States,openalex_ror,United States,5,openalex,True
25935339,2015,Philippines,affil_country_name_over_openalex,Philippines,4,openalex,True
25931809,2015,Greece,affil_country_name,Greece,20,openalex,True
25920621,2015,China,openalex_ror,China,15,openalex,True
25920105,2015,Unknown,no_affiliation,,0,openalex,True
25910743,2015,Spain,affil_city_hint,Spain,16,openalex,True
25896684,2015,United States,openalex_ror,United States,116,openalex,True
25890919,2015,Germany,openalex_ror,Germany,7,openalex,True
25886489,2015,China,openalex_ror,China|Norway,10,openalex,True
25884584,2015,United Kingdom,imputed_affil_country_over_openalex,Italy,28,openalex,True
25884583,2015,Unknown,no_affiliation,,6,openalex,True
25884581,2015,Unknown,no_affiliation,,71,openalex,True
25884506,2015,China,openalex_ror,China,19,openalex,True
25881684,2015,Australia,openalex_ror,Australia,5,openalex,True
25877711,2015,China,openalex_ror,China,1,openalex,True
25877710,2015,China,openalex_ror,China,1,openalex,True
25877709,2015,China,openalex_ror,China,2,openalex,True
25875476,2015,Germany,openalex_ror,Germany,11,openalex,True
25874145,2015,United States,openalex_ror,United States,8,openalex,True
25871871,2015,China,openalex_ror,China,23,openalex,True
25870865,2015,Unknown,no_affiliation,,,,False
25868758,2015,United States,openalex_ror,United States,15,openalex,True
25865651,2015,Cuba,openalex_ror,Cuba,1,openalex,True
25855501,2015,Japan,openalex_ror,Japan,38,openalex,True
25853948,2015,Germany,openalex_ror,Germany,11,openalex,True
25853655,2015,Thailand,openalex_ror,Thailand,11,openalex,True
25849381,2015,Japan,openalex_ror,Egypt|Japan,26,openalex,True
25843674,2015,Iran,openalex_ror,Iran,38,openalex,True
25842151,2015,France,openalex_ror,France,4,openalex,True
25840319,2015,Ukraine,affil_country_name,Ukraine,0,openalex,True
25840308,2015,United Kingdom,openalex_ror,United Kingdom,138,openalex,True
25840299,2015,South Korea,openalex_ror,South Korea,14,openalex,True
25840298,2015,United States,openalex_ror,United States,21,openalex,True
25839343,2015,Saudi Arabia,affil_country_name_over_openalex,Saudi Arabia,26,openalex,True
25830759,2015,Spain,openalex_ror,Spain,9,openalex,True
25828539,2015,Australia,openalex_ror,Australia,16,openalex,True
25827548,2015,Iran,openalex_ror,Iran,22,openalex,True
25824826,2015,United Kingdom,openalex_ror,Italy|United Kingdom,28,openalex,True
25817948,2015,Chile,openalex_ror,Chile,7,openalex,True
25811718,2015,China,openalex_ror,China,85,openalex,True
25807232,2015,China,openalex_ror,China,5,openalex,True
25804597,2015,Germany,affil_country_name,Germany,0,openalex,True
25804596,2015,Netherlands,affil_country_name,Netherlands,0,openalex,True
25804595,2015,United States,affil_country_name,United States,0,openalex,True
25804594,2015,United States,affil_country_name,United States,0,openalex,True
25804593,2015,United States,affil_country_name,United States,1,openalex,True
25804592,2015,Austria,affil_country_name,Austria,0,openalex,True
25804591,2015,Greece,affil_country_name,Greece,0,openalex,True
25804590,2015,Spain,affil_country_name,Spain,0,openalex,True
25804589,2015,Netherlands,openalex_ror,Netherlands,0,openalex,True
25804588,2015,Belgium,affil_country_name,Belgium,0,openalex,True
25804585,2015,United States,openalex_ror,United States,238,openalex,True
25804583,2015,Singapore,openalex_ror,Singapore,25,openalex,True
25795914,2015,United States,affil_country_name_over_openalex,Greece|United States,29,openalex,True
25795477,2015,United States,openalex_ror,Greece|United States,62,openalex,True
25793238,2015,Unknown,no_affiliation,,,,False
25793237,2015,Unknown,no_affiliation,,,,False
25785529,2015,United Kingdom,openalex_ror,United Kingdom,11,openalex,True
25782402,2015,United States,openalex_ror,United States,5,openalex,True
25766733,2015,United States,openalex_ror,United States,111,openalex,True
25763261,2014,Iran,openalex_ror,Iran,35,openalex,True
25760913,2015,Turkey,openalex_ror,Turkey,7,openalex,True
25754008,2015,United Kingdom,openalex_ror,United Kingdom,6,openalex,True
25751843,2015,Unknown,no_affiliation,,11,openalex,True
25751842,2015,Denmark,openalex_ror,Denmark,127,openalex,True
25751841,2015,Unknown,no_affiliation,,8,openalex,True
25751833,2015,Unknown,no_affiliation,United States,0,openalex,True
25751832,2015,Unknown,no_affiliation,,25,openalex,True
25750516,2015,Germany,affil_country_name,Germany,13,openalex,True
25747651,2015,United States,openalex_ror,United States,1,openalex,True
25747165,2015,United States,openalex_ror,United States,16,openalex,True
25747164,2015,Egypt,affil_country_name,Egypt,85,openalex,True
25746152,2015,United States,affil_country_name,United States,18,openalex,True
25744332,2015,China,openalex_ror,China,24,openalex,True
25742387,2015,China,openalex_ror,China,67,openalex,True
25741883,2015,Lithuania,affil_country_name,Lithuania,2,openalex,True
25735050,2015,Unknown,no_affiliation,,3,openalex,True
25735049,2015,Unknown,no_affiliation,,14,openalex,True
25735048,2015,Unknown,no_affiliation,,19,openalex,True
25735043,2015,Unknown,no_affiliation,,43,openalex,True
25727604,2015,China,openalex_ror,China,0,openalex,True
25727603,2015,India,openalex_ror,India,3,openalex,True
25724477,2015,France,affil_country_name,France,9,openalex,True
25711064,2014,Unknown,no_affiliation,,1,openalex,True
25709767,2014,Iran,openalex_ror,Iran,12,openalex,True
25709393,2015,Germany,openalex_ror,Germany,30,openalex,True
25709385,2015,Greece,openalex_ror,Greece,18,openalex,True
25709270,2015,Iran,openalex_ror,Iran,12,openalex,True
25707929,2015,Turkey,openalex_ror,Turkey,22,openalex,True
25703372,2015,Denmark,openalex_ror,Denmark,30,openalex,True
25701484,2015,Singapore,openalex_ror,Singapore,36,openalex,True
25692489,2015,China,openalex_ror,China|United States,9,openalex,True
25681001,2015,Hong Kong,openalex_ror,Hong Kong,14,openalex,True
25678767,2015,Iran,affil_country_name_over_openalex,Iran|United States,13,openalex,True
25677294,2015,Spain,openalex_ror,Spain,1,openalex,True
25668710,2015,Germany,openalex_ror,Germany,9,openalex,True
25667649,2015,China,openalex_ror,China,3,openalex,True
25666571,2015,Germany,openalex_ror,Germany,5,openalex,True
25663845,2014,United States,openalex_ror,Puerto Rico|United States,25,openalex,True
25661134,2015,China,openalex_ror,China,69,openalex,True
25661128,2015,Israel,openalex_ror,Israel,5,openalex,True
25661127,2015,United States,openalex_ror,United States,83,openalex,True
25661126,2015,Japan,openalex_ror,Japan,31,openalex,True
25661123,2015,Mexico,openalex_ror,Mexico,25,openalex,True
25651497,2015,Greece,openalex_ror,Greece,9,openalex,True
25651495,2015,Hong Kong,openalex_ror,Hong Kong,10,openalex,True
25649638,2014,Greece,affil_country_name,Greece,35,openalex,True
25649615,2015,China,openalex_ror,China,0,openalex,True
25646067,2015,South Korea,openalex_ror,South Korea,6,openalex,True
25630007,2015,Turkey,openalex_ror,Turkey,11,openalex,True
25624684,2015,Sudan,affil_country_name_over_openalex,Sudan,35,openalex,True
25618419,2015,China,openalex_ror,China,96,openalex,True
25613944,2015,Spain,openalex_ror,Spain,15,openalex,True
25611183,2015,Turkey,openalex_ror,Turkey,13,openalex,True
25609912,2015,Philippines,openalex_ror,Philippines,12,openalex,True
25603437,2015,Brazil,openalex_ror,Brazil,8,openalex,True
25603229,2015,China,openalex_ror,China,24,openalex,True
25599543,2015,Unknown,no_affiliation,,40,openalex,True
25599540,2015,Unknown,no_affiliation,,11,openalex,True
25599539,2015,Unknown,no_affiliation,,27,openalex,True
25599538,2015,Unknown,no_affiliation,,44,openalex,True
25588591,2014,Singapore,affil_country_name,Singapore,34,openalex,True
25582070,2015,Denmark,openalex_ror,Denmark,8,openalex,True
25567376,2015,United Kingdom,openalex_ror,United Kingdom,25,openalex,True
25566065,2014,Switzerland,affil_country_name,Switzerland,1,openalex,True
25565766,2014,Greece,affil_country_name,Greece,52,openalex,True
25564642,2015,United States,openalex_ror,United States,16,openalex,True
25558174,2014,United States,openalex_ror,United States,15,openalex,True
25555532,2014,India,openalex_ror,India,9,openalex,True
25555173,2015,Thailand,openalex_ror,Thailand,10,openalex,True
25554500,2014,Italy,openalex_ror,Italy,8,openalex,True
27800501,2015,Iran,openalex_ror,Iran,11,openalex,True
25551164,2014,Unknown,no_affiliation,,4,openalex,True
25551163,2014,Unknown,no_affiliation,,,,False
25550989,2014,China,openalex_ror,China,27,openalex,True
25542556,2015,Unknown,affil_unresolved,,4,openalex,True
25542555,2015,Unknown,affil_unresolved,United States,0,openalex,True
25537686,2014,South Korea,openalex_ror,South Korea,7,openalex,True
25533558,2014,China,openalex_ror,China,12,openalex,True
25532664,2015,Unknown,no_affiliation,,0,openalex,True
25532662,2015,Turkey,affil_country_name,Turkey,1,openalex,True
25532642,2015,Japan,affil_country_name_over_openalex,Japan,24,openalex,True
25514703,2015,Brazil,affil_country_name_over_openalex,Brazil,15,openalex,True
25514702,2015,China,openalex_ror,China,6,openalex,True
25506449,2014,Russia,affil_country_name,Russia,3,openalex,True
25503905,2015,China,openalex_ror,China,8,openalex,True
25503904,2015,United Kingdom,openalex_ror,United Kingdom,6,openalex,True
25497617,2014,Denmark,openalex_ror,Denmark,0,openalex,True
25488641,2015,Italy,affil_country_name,Italy,0,openalex,True
25488640,2015,Greece,affil_country_name,Greece|United States,3,openalex,True
25487425,2014,Hong Kong,openalex_ror,Hong Kong,59,openalex,True
25487424,2014,United States,openalex_ror,United States,38,openalex,True
25477952,2014,China,openalex_ror,China,13,openalex,True
25473264,2014,Greece,openalex_ror,Greece,58,openalex,True
25473256,2014,South Korea,affil_country_name_over_openalex,Germany|South Korea,9,openalex,True
25467133,2014,United Kingdom,openalex_ror,United Kingdom,31,openalex,True
25465694,2014,Unknown,no_affiliation,,0,openalex,True
25465693,2014,Unknown,no_affiliation,,3,openalex,True
25465685,2014,Singapore,openalex_ror,Singapore,57,openalex,True
25465684,2014,Italy,affil_country_name_over_openalex,Italy,18,openalex,True
25465218,2014,Japan,affil_country_name_over_openalex,Japan,4,openalex,True
25465210,2014,Spain,openalex_ror,Spain,75,openalex,True
25461261,2014,India,openalex_ror,India|Netherlands,41,openalex,True
25458707,2014,France,openalex_ror,France,296,openalex,True
25457711,2014,Brazil,affil_country_name,Brazil|France|United States,0,openalex,True
25457710,2014,Brazil,affil_country_name,Brazil,28,openalex,True
25457709,2014,Unknown,affil_unresolved,,0,openalex,True
25457707,2014,South Korea,affil_country_name,South Korea,2,openalex,True
25457380,2014,Iran,openalex_ror,Iran,6,openalex,True
25455559,2014,Lebanon,openalex_ror,Lebanon,1,openalex,True
25447196,2014,Japan,openalex_ror,Japan,63,openalex,True
25444646,2014,Unknown,affil_unresolved,Spain,150,openalex,True
25444636,2014,United States,openalex_ror,United Kingdom|United States,47,openalex,True
25444348,2014,France,openalex_ror,France|Spain,32,openalex,True
25442902,2014,United States,openalex_ror,United States,0,openalex,True
25442901,2014,Japan,affil_country_name,Japan,0,openalex,True
25442883,2014,South Korea,openalex_ror,South Korea,11,openalex,True
25442882,2014,Australia,affil_country_name,Australia,16,openalex,True
25437487,2014,Unknown,no_affiliation,,5,openalex,True
25437481,2014,Unknown,no_affiliation,United States,11,openalex,True
25437479,2014,Unknown,no_affiliation,,148,openalex,True
25437478,2014,Unknown,no_affiliation,,11,openalex,True
25437477,2014,Unknown,no_affiliation,,85,openalex,True
25437476,2014,Unknown,no_affiliation,,6,openalex,True
25436451,2014,Singapore,openalex_ror,Singapore,34,openalex,True
25420001,2014,Unknown,no_affiliation,,8,openalex,True
25419115,2014,United States,openalex_ror,United States,17,openalex,True
25405804,2014,China,openalex_ror,China,18,openalex,True
25402842,2014,Israel,openalex_ror,Israel,1,openalex,True
25397926,2015,China,openalex_ror,China,47,openalex,True
25397924,2015,Italy,openalex_ror,Italy,12,openalex,True
25397788,2014,South Korea,affil_country_name,South Korea,3,openalex,True
25380555,2014,Unknown,no_affiliation,,13,openalex,True
25375851,2014,Unknown,no_affiliation,,28,openalex,True
25357081,2015,United States,openalex_ror,United States,17,openalex,True
25354821,2014,Unknown,no_affiliation,,2,openalex,True
25349796,2014,Saudi Arabia,openalex_ror,Australia|Saudi Arabia,27,openalex,True
25343698,2014,India,openalex_ror,India,169,openalex,True
25334042,2014,Italy,openalex_ror,Italy,37,openalex,True
25333239,2014,Germany,openalex_ror,Germany,10,openalex,True
25325898,2014,Unknown,no_affiliation,,69,openalex,True
25325897,2014,Brazil,openalex_ror,Brazil,29,openalex,True
25325896,2014,United States,openalex_ror,United States,22,openalex,True
25325862,2014,United States,openalex_ror,United States,47,openalex,True
25325861,2014,United States,openalex_ror,United States,44,openalex,True
25325206,2014,Iran,openalex_ror,Iran,6,openalex,True
25321951,2015,United States,openalex_ror,United States,36,openalex,True
25321938,2014,South Korea,openalex_ror,South Korea,16,openalex,True
25321937,2014,Spain,openalex_ror,Spain,7,openalex,True
25321444,2015,Egypt,openalex_ror,Egypt,34,openalex,True
25316247,2014,China,openalex_ror,China,1,openalex,True
25312665,2014,China,openalex_ror,China,0,openalex,True
25311411,2014,India,openalex_ror,India,18,openalex,True
25309907,2014,Italy,openalex_ror,Italy,43,openalex,True
25308112,2014,China,openalex_ror,China,23,openalex,True
25307289,2014,United States,openalex_ror,United States,29,openalex,True
25305150,2014,Philippines,affil_country_name_over_openalex,Philippines,27,openalex,True
25302580,2014,Norway,openalex_ror,China|Norway,48,openalex,True
25300123,2014,Unknown,no_affiliation,,0,openalex,True
25295910,2014,Brazil,openalex_ror,Brazil,7,openalex,True
25295902,2014,Unknown,no_affiliation,,15,openalex,True
25291754,2014,China,openalex_ror,China|Hong Kong,112,openalex,True
25291753,2014,Unknown,no_affiliation,,29,openalex,True
25291752,2014,Unknown,no_affiliation,,32,openalex,True
25291751,2014,Unknown,no_affiliation,,91,openalex,True
25289720,2014,Japan,openalex_ror,Japan,4,openalex,True
25284975,2014,Switzerland,affil_country_name_over_openalex,Switzerland,29,openalex,True
25280533,2014,South Korea,openalex_ror,South Korea,53,openalex,True
25278800,2013,Saudi Arabia,openalex_ror,Saudi Arabia,7,openalex,True
25276076,2014,South Korea,openalex_ror,South Korea,3,openalex,True
25272083,2014,Germany,openalex_ror,Germany,13,openalex,True
25263044,2014,United States,openalex_ror,United States,7,openalex,True
25263042,2014,United States,openalex_ror,United States,43,openalex,True
25262053,2014,France,openalex_ror,France,8,openalex,True
25261393,2014,Saudi Arabia,openalex_ror,Saudi Arabia,0,openalex,True
25259759,2014,United States,openalex_ror,United States,5,openalex,True
25255834,2014,Australia,openalex_ror,Australia,1,openalex,True
25250420,2014,Switzerland,openalex_ror,Switzerland,16,openalex,True
25250419,2014,Unknown,no_affiliation,,11,openalex,True
25250416,2014,Unknown,no_affiliation,,18,openalex,True
25250415,2014,Unknown,no_affiliation,,216,openalex,True
25230081,2015,United States,openalex_ror,United States,17,openalex,True
25230078,2015,China,openalex_ror,China,16,openalex,True
27843416,2014,United Kingdom,openalex_ror,United Kingdom,2,openalex,True
25217073,2014,United States,openalex_ror,United States,35,openalex,True
25211490,2014,China,openalex_ror,China,88,openalex,True
25208349,2014,Unknown,no_affiliation,,14,openalex,True
25198157,2014,South Korea,openalex_ror,South Korea,1,openalex,True
25190533,2014,South Korea,openalex_ror,South Korea,12,openalex,True
25189682,2014,India,openalex_ror,India,3,openalex,True
25185255,2014,Germany,openalex_ror,Germany,20,openalex,True
25178805,2014,United States,openalex_ror,United States,20,openalex,True
25176071,2014,China,openalex_ror,China,4,openalex,True
25176050,2014,United States,affil_country_name_over_openalex,United States,46,openalex,True
25176049,2014,Turkey,openalex_ror,Turkey,62,openalex,True
25171668,2014,Netherlands,openalex_ror,Netherlands,5,openalex,True
25170582,2014,India,openalex_ror,India,15,openalex,True
25170578,2014,Spain,affil_country_name_over_openalex,Spain,6,openalex,True
25161934,2014,China,openalex_ror,China,23,openalex,True
25151176,2014,Italy,openalex_ror,Italy,17,openalex,True
25150049,2014,Croatia,openalex_ror,Croatia,29,openalex,True
25149555,2014,South Korea,openalex_ror,South Korea,17,openalex,True
25146992,2014,China,openalex_ror,China,18,openalex,True
25136609,2014,Italy,openalex_ror,Italy,35,openalex,True
25135560,2014,Singapore,affil_country_name,Singapore,0,openalex,True
25135559,2014,Greece,affil_country_name,Greece,0,openalex,True
25135558,2014,Spain,affil_country_name,Spain,0,openalex,True
25135557,2014,Netherlands,affil_country_name,Netherlands,0,openalex,True
25135556,2014,France,affil_country_name,France,0,openalex,True
25135555,2014,United Kingdom,affil_country_name,United Kingdom,0,openalex,True
25135554,2014,Unknown,no_affiliation,,0,openalex,True
25135535,2014,United States,affil_country_name_over_openalex,United States,81,openalex,True
25135534,2014,United Arab Emirates,affil_country_name,United Arab Emirates,47,openalex,True
25135533,2014,Germany,openalex_ror,Germany,25,openalex,True
25135532,2014,Singapore,openalex_ror,Singapore,72,openalex,True
25135527,2014,Unknown,no_affiliation,,6,openalex,True
25132409,2014,Australia,openalex_ror,Australia,0,openalex,True
25130067,2014,Bosnia and Herzegovina,affil_country_name,Bosnia and Herzegovina|Croatia,1,openalex,True
25129535,2014,Turkey,openalex_ror,Turkey,15,openalex,True
25127929,2014,Spain,openalex_ror,Poland|Spain,103,openalex,True
25127189,2014,France,openalex_ror,France,9,openalex,True
25122544,2014,United States,openalex_ror,Brazil|United States,33,openalex,True
25121508,2014,China,openalex_ror,China,34,openalex,True
25120924,2014,Turkey,openalex_ror,Turkey,14,openalex,True
25120336,2014,South Korea,openalex_ror,South Korea,15,openalex,True
25116788,2014,Singapore,openalex_ror,Singapore,3,openalex,True
25104416,2014,Germany,openalex_ror,Germany,11,openalex,True
25100905,2014,United States,openalex_ror,United States,8,openalex,True
25097457,2014,United States,openalex_ror,United States,3,openalex,True
25090163,2014,Spain,openalex_ror,Spain,28,openalex,True
25087646,2014,China,openalex_ror,China,20,openalex,True
25084539,2014,China,openalex_ror,China,1,openalex,True
25081522,2014,Turkey,openalex_ror,Turkey,57,openalex,True
25078253,2014,Australia,openalex_ror,Australia,2,openalex,True
25076479,2014,Argentina,affil_country_name,Argentina,5,openalex,True
25076475,2014,Spain,openalex_ror,Spain,4,openalex,True
25075806,2014,Unknown,no_affiliation,,11,openalex,True
25075805,2014,Unknown,no_affiliation,,1,openalex,True
25072409,2014,Japan,openalex_ror,Japan,9,openalex,True
25062131,2014,Iran,openalex_ror,Iran,5,openalex,True
25061267,2014,United States,openalex_ror,United States,16,openalex,True
25057528,2014,Unknown,no_affiliation,,,,False
25054144,2014,Italy,openalex_ror,Italy,45,openalex,True
25051681,2014,Unknown,no_affiliation,,2,openalex,True
25045743,2014,Italy,openalex_ror,Italy,21,openalex,True
25043790,2014,Denmark,affil_country_name,Denmark,,,False
25043677,2014,China,openalex_ror,China,2,openalex,True
25036805,2014,Germany,openalex_ror,Germany,1,openalex,True
25029377,2014,South Korea,openalex_ror,South Korea,10,openalex,True
25019353,2014,Unknown,no_affiliation,,13,openalex,True
25016655,2014,Unknown,no_affiliation,,14,openalex,True
25014146,2014,Brazil,affil_country_name_over_openalex,Brazil,66,openalex,True
25002971,2014,Turkey,openalex_ror,Turkey,54,openalex,True
25000869,2014,Netherlands,affil_country_name,Germany|Netherlands,6,openalex,True
24994125,2014,United States,openalex_ror,United States,25,openalex,True
24993326,2014,Iran,openalex_ror,Iran,22,openalex,True
24990872,2014,United States,openalex_ror,United States,17,openalex,True
24983830,2014,Unknown,no_affiliation,,14,openalex,True
24983828,2014,Unknown,no_affiliation,,1,openalex,True
24982743,2014,Lebanon,affil_country_name,Lebanon,3,openalex,True
24982727,2014,Iran,openalex_ror,Iran|United States,13,openalex,True
24980419,2014,Egypt,openalex_ror,Egypt,18,openalex,True
24977054,2014,China,openalex_ror,China,17,openalex,True
24973609,2014,United Kingdom,openalex_ror,United Kingdom,37,openalex,True
24972410,2014,Denmark,openalex_ror,Denmark,28,openalex,True
24972405,2014,Unknown,no_affiliation,Denmark|United States,47,openalex,True
24972404,2014,Unknown,no_affiliation,,63,openalex,True
24971989,2014,Spain,openalex_ror,Greece|Spain,20,openalex,True
24971495,2014,United States,openalex_ror,United States,33,openalex,True
24968759,2014,South Korea,openalex_ror,South Korea,22,openalex,True
24967190,2014,China,openalex_ror,China,6,openalex,True
24966665,2014,Germany,openalex_ror,Germany,1,openalex,True
24961087,2013,Unknown,no_affiliation,,2,openalex,True
24957454,2014,Australia,affil_country_name,Australia,3,openalex,True
24957444,2014,Unknown,no_affiliation,,6,openalex,True
24957434,2014,Germany,openalex_ror,Germany,8,openalex,True
24957433,2014,United States,openalex_ror,United States,17,openalex,True
24942120,2014,Switzerland,affil_country_name,Switzerland,5,openalex,True
24942119,2014,Germany,openalex_ror,Germany,6,openalex,True
24940043,2014,Greece,openalex_ror,Greece,4,openalex,True
24938366,2014,Germany,affil_country_name,Germany,0,openalex,True
24937100,2014,United Kingdom,openalex_ror,United Kingdom,118,openalex,True
24931147,2014,China,openalex_ror,China,0,openalex,True
24926349,2014,China,openalex_ror,China,3,openalex,True
24914779,2014,United States,openalex_ror,United States,12,openalex,True
24904933,2014,Unknown,no_affiliation,,108,openalex,True
24901422,2014,Germany,openalex_ror,Germany,2,openalex,True
24894545,2014,Hungary,affil_country_name,Hungary,52,openalex,True
24893359,2014,Unknown,no_affiliation,,22,openalex,True
24893357,2014,Unknown,no_affiliation,,13,openalex,True
24893355,2014,Unknown,no_affiliation,,76,openalex,True
24893354,2014,Unknown,no_affiliation,Denmark,67,openalex,True
24891945,2014,China,openalex_ror,China,12,openalex,True
24890172,2014,China,openalex_ror,China,9,openalex,True
24890087,2014,Australia,openalex_ror,Australia,2,openalex,True
24884873,2014,China,openalex_ror,China,4,openalex,True
24882962,2014,Iran,openalex_ror,Iran,2,openalex,True
24881619,2014,India,affil_country_name,India,2,openalex,True
24878307,2014,Italy,openalex_ror,Italy,14,openalex,True
24877554,2014,Unknown,no_affiliation,,6,openalex,True
24876282,2014,Japan,openalex_ror,Japan,16,openalex,True
24875351,2014,Spain,openalex_ror,Spain,6,openalex,True
24874770,2014,United Kingdom,openalex_ror,United Kingdom,20,openalex,True
24874768,2014,Italy,openalex_ror,Italy,37,openalex,True
24868564,2014,Unknown,no_affiliation,,27,openalex,True
24868456,2014,Greece,openalex_ror,Greece|United States,19,openalex,True
24865172,2014,United States,openalex_ror,United States,42,openalex,True
24865171,2014,Egypt,openalex_ror,Egypt,50,openalex,True
24862302,2014,Denmark,openalex_ror,Denmark,126,openalex,True
24858017,2014,Japan,openalex_ror,Japan,40,openalex,True
24857455,2014,India,affil_country_name,India,0,openalex,True
24857451,2014,Brazil,affil_country_name,Brazil,0,openalex,True
24857450,2014,India,affil_country_name,India,0,openalex,True
24857449,2014,Mexico,affil_country_name,Mexico,0,openalex,True
24857448,2014,France,affil_country_name,France,0,openalex,True
24857447,2014,Japan,affil_country_name,Japan,0,openalex,True
24857446,2014,Turkey,affil_country_name,Turkey,0,openalex,True
24857445,2014,United States,affil_country_name,United States,0,openalex,True
24857444,2014,Unknown,no_affiliation,,0,openalex,True
24857441,2014,Japan,affil_country_name_over_openalex,Japan,56,openalex,True
24857440,2014,United States,openalex_ror,United States,195,openalex,True
24857438,2014,Netherlands,affil_country_name_over_openalex,Netherlands,76,openalex,True
24857434,2014,Unknown,no_affiliation,,6,openalex,True
24853261,2014,Japan,openalex_ror,Japan,8,openalex,True
24852149,2014,United States,openalex_ror,United States,7,openalex,True
24849701,2014,United States,openalex_ror,United States,10,openalex,True
24847258,2014,Italy,openalex_ror,Italy,18,openalex,True
24845636,2014,China,openalex_ror,China|United States,126,openalex,True
24840663,2014,United States,openalex_ror,United States,0,openalex,True
24837579,2014,United States,openalex_ror,United States,78,openalex,True
24837577,2014,United States,openalex_ror,United States,11,openalex,True
24837576,2014,United States,openalex_ror,United States,53,openalex,True
24830371,2014,United States,openalex_ror,United States,88,openalex,True
24807066,2014,United States,openalex_ror,United States,19,openalex,True
24803178,2014,Unknown,no_affiliation,,2,openalex,True
24801511,2014,India,openalex_ror,India|Singapore,19,openalex,True
24799799,2014,India,openalex_ror,India,13,openalex,True
24792107,2014,United States,openalex_ror,United States,50,openalex,True
24790869,2014,China,openalex_ror,China,8,openalex,True
24788604,2014,Germany,openalex_ror,Germany,1,openalex,True
24771160,2014,Switzerland,openalex_ror,Switzerland,1,openalex,True
24771152,2014,Switzerland,openalex_ror,Switzerland,3,openalex,True
24767918,2014,Unknown,no_affiliation,,5,openalex,True
24767912,2014,Turkey,openalex_ror,Turkey,20,openalex,True
24764066,2014,Singapore,openalex_ror,Singapore,76,openalex,True
24763726,2014,United Kingdom,imputed_affil_country_over_openalex,Italy|United States,52,openalex,True
24763723,2014,Unknown,no_affiliation,,102,openalex,True
24763720,2014,Unknown,no_affiliation,,36,openalex,True
24763480,2014,Unknown,no_affiliation,,18,openalex,True
24763477,2014,Unknown,no_affiliation,,9,openalex,True
24763476,2014,Unknown,no_affiliation,,22,openalex,True
24763475,2014,Unknown,no_affiliation,Denmark,69,openalex,True
24763474,2014,Unknown,no_affiliation,,63,openalex,True
24763473,2014,Unknown,no_affiliation,,144,openalex,True
24761291,2014,Poland,openalex_ror,Poland,26,openalex,True
24757560,2014,France,affil_country_name,France,2,openalex,True
24751146,2014,China,openalex_ror,China,198,openalex,True
24746381,2014,Japan,openalex_ror,Japan,48,openalex,True
24735774,2014,China,openalex_ror,China,22,openalex,True
24734168,2014,Turkey,affil_country_name,Turkey,71,openalex,True
24729818,2014,Poland,openalex_ror,Poland,1,openalex,True
24727635,2014,Italy,openalex_ror,Italy,9,openalex,True
24727263,2014,Brazil,openalex_ror,Brazil|France|United States,219,openalex,True
24726160,2014,United States,openalex_ror,United States,49,openalex,True
24726159,2014,Iran,openalex_ror,Iran,15,openalex,True
24716827,2014,United Kingdom,openalex_ror,United Kingdom,127,openalex,True
24709133,2014,China,openalex_ror,China,2,openalex,True
24709130,2014,China,openalex_ror,China,0,openalex,True
24707568,2014,Unknown,no_affiliation,,0,openalex,True
24706349,2014,Iran,affil_country_name,Iran,13,openalex,True
24702582,2014,Unknown,no_affiliation,,26,openalex,True
24702579,2014,Unknown,no_affiliation,,26,openalex,True
24702578,2014,Unknown,no_affiliation,,21,openalex,True
24702577,2014,United States,openalex_ror,United States,49,openalex,True
24702576,2014,Unknown,no_affiliation,,194,openalex,True
24702575,2014,Denmark,openalex_ror,Denmark,137,openalex,True
24699565,2014,Spain,openalex_ror,Spain,0,openalex,True
24699561,2014,Spain,openalex_ror,Spain,53,openalex,True
24698652,2014,Iran,openalex_ror,Iran,10,openalex,True
24688261,2014,South Korea,openalex_ror,France|South Korea|United States,5,openalex,True
24684074,2014,Unknown,no_affiliation,,0,openalex,True
24682177,2014,Iran,openalex_ror,Iran,1,openalex,True
24679983,2014,Turkey,affil_country_name,Turkey,65,openalex,True
24679443,2014,United States,openalex_ror,United States,59,openalex,True
24669152,2014,Saudi Arabia,openalex_ror,Saudi Arabia,10,openalex,True
24669144,2014,Saudi Arabia,openalex_ror,Saudi Arabia,21,openalex,True
24669141,2014,United States,openalex_ror,United States,17,openalex,True
24667038,2014,Hong Kong,openalex_ror,Hong Kong,13,openalex,True
24650561,2014,United States,openalex_ror,United States,58,openalex,True
24647595,2014,Germany,openalex_ror,Germany,206,openalex,True
24637269,2014,France,openalex_ror,France,3,openalex,True
24636364,2014,Denmark,openalex_ror,Denmark,66,openalex,True
24622298,2014,Greece,openalex_ror,Greece,68,openalex,True
24582892,2014,United States,openalex_ror,United States,63,openalex,True
24581997,2014,China,openalex_ror,China,19,openalex,True
24581785,2014,Italy,affil_country_name,Italy,0,openalex,True
24581784,2014,Unknown,no_affiliation,,0,openalex,True
24581783,2014,Brazil,affil_country_name,Brazil,0,openalex,True
24581782,2014,Denmark,affil_country_name,Denmark,0,openalex,True
24581781,2014,Netherlands,affil_country_name,Netherlands,0,openalex,True
24581780,2014,Israel,affil_country_name,Israel,0,openalex,True
24581779,2014,United Kingdom,affil_country_name,United Kingdom,0,openalex,True
24581778,2014,United States,affil_country_name,United States,0,openalex,True
24581777,2014,United States,affil_country_name,United States,0,openalex,True
24581776,2014,Netherlands,openalex_ror,Netherlands,0,openalex,True
24581774,2014,United Kingdom,openalex_ror,United Kingdom,60,openalex,True
24581773,2014,United States,openalex_ror,United States,16,openalex,True
24581772,2014,United States,openalex_ror,United States,27,openalex,True
24581770,2014,Unknown,no_affiliation,,4,openalex,True
24581738,2014,France,openalex_ror,France,0,openalex,True
24576651,2014,Unknown,no_affiliation,,72,openalex,True
24576650,2014,Unknown,no_affiliation,,22,openalex,True
24569584,2014,Singapore,openalex_ror,Singapore,124,openalex,True
24568721,2014,United States,openalex_ror,United States,14,openalex,True
24563788,2013,Philippines,openalex_ror,Philippines,20,openalex,True
24562871,2014,Japan,openalex_ror,Japan,62,openalex,True
24562594,2014,Germany,openalex_ror,Germany,5,openalex,True
24560995,2014,United States,openalex_ror,United States,48,openalex,True
24559515,2014,France,openalex_ror,France,12,openalex,True
24557775,2014,Germany,openalex_ror,Germany,10,openalex,True
24555132,2013,Philippines,affil_country_name,Philippines,11,openalex,True
24531872,2014,Turkey,openalex_ror,Turkey,16,openalex,True
24531652,2014,India,affil_country_name,India,,,False
24528935,2013,Japan,openalex_ror,Japan,44,openalex,True
24513095,2014,Turkey,openalex_ror,Turkey,23,openalex,True
24512995,2013,China,openalex_ror,China,1,openalex,True
24510078,2013,Brazil,openalex_ror,Brazil,10,openalex,True
24510077,2013,Unknown,no_affiliation,Brazil,4,openalex,True
24509548,2014,Israel,affil_country_name,Israel,0,openalex,True
24509547,2014,Canada,affil_country_name,Canada,0,openalex,True
24506495,2014,Italy,openalex_ror,Italy,8,openalex,True
24506334,2014,Greece,openalex_ror,Greece|United States,5,openalex,True
24492495,2014,United States,affil_country_name,United States,10,openalex,True
24492239,2014,Iran,openalex_ror,Iran,10,openalex,True
24485860,2014,Taiwan,openalex_ror,Taiwan,50,openalex,True
24482812,2013,Unknown,no_affiliation,,,,False
24480564,2014,Denmark,openalex_ror,Denmark,117,openalex,True
24479255,2014,Singapore,openalex_ror,Singapore,10,openalex,True
24473224,2014,Spain,openalex_ror,Spain,3,openalex,True
24462678,2014,Germany,openalex_ror,Germany,14,openalex,True
24461499,2014,Japan,affil_country_name_over_openalex,Japan,21,openalex,True
24461333,2014,Singapore,openalex_ror,Singapore,13,openalex,True
24461264,2014,Spain,affil_country_name,Spain,4,openalex,True
24452208,2014,Egypt,affil_country_name_over_openalex,Egypt,19,openalex,True
24447397,2014,China,openalex_ror,China,3,openalex,True
24445891,2014,Yemen,openalex_ror,Yemen,4,openalex,True
24439438,2013,Canada,openalex_ror,Canada,37,openalex,True
24439045,2013,Australia,openalex_ror,Australia,171,openalex,True
24413275,2014,United States,openalex_ror,United States,6,openalex,True
24404610,2013,Unknown,no_affiliation,,1,openalex,True
24402989,2014,United States,openalex_ror,United States,2,openalex,True
24401036,2014,Unknown,affil_unresolved,South Korea,12,openalex,True
24393469,2014,Germany,openalex_ror,Germany,66,openalex,True
24389671,2014,India,openalex_ror,India,4,openalex,True
24388054,2013,Taiwan,openalex_ror,Taiwan|United States,28,openalex,True
24386792,2013,Unknown,affil_unresolved,,0,openalex,True
26605356,2014,Spain,openalex_ror,Poland|Spain,96,openalex,True
26605352,2014,Germany,openalex_ror,Germany|Spain,29,openalex,True
26605350,2014,United Kingdom,openalex_ror,United Kingdom,217,openalex,True
26605349,2014,Spain,affil_country_name_over_openalex,Spain,69,openalex,True
24379548,2013,United States,affil_country_name,United States,112,openalex,True
24373615,2013,Finland,openalex_ror,Finland,13,openalex,True
24373376,2013,Greece,openalex_ror,Greece,5,openalex,True
24373375,2013,Germany,openalex_ror,Germany,17,openalex,True
24369689,2014,Unknown,no_affiliation,,16,openalex,True
24368878,2013,Germany,openalex_ror,Germany,5,openalex,True
24365175,2013,Denmark,openalex_ror,Denmark,377,openalex,True
24363553,2013,United States,openalex_ror,United States,41,openalex,True
24360499,2013,Germany,openalex_ror,Germany,30,openalex,True
24353401,2013,Russia,affil_country_name,Russia,16,openalex,True
24349429,2013,Australia,affil_country_name_over_openalex,Australia|Singapore,52,openalex,True
24349069,2013,China,openalex_ror,China|United States,124,openalex,True
24345530,2013,Japan,affil_country_name_over_openalex,Japan,38,openalex,True
24343601,2013,India,affil_country_name,India,1,openalex,True
24333012,2013,Germany,openalex_ror,Germany,39,openalex,True
24327283,2013,Germany,affil_city_hint,Germany,8,openalex,True
24326331,2014,Hungary,openalex_ror,Hungary,12,openalex,True
24322808,2014,South Korea,openalex_ror,South Korea,31,openalex,True
24321470,2013,South Korea,openalex_ror,South Korea,20,openalex,True
24303054,2013,Singapore,openalex_ror,Singapore,23,openalex,True
24296958,2014,China,openalex_ror,China,6,openalex,True
24286849,2013,Germany,affil_country_name,Germany,0,openalex,True
24286848,2013,Greece,affil_country_name,Greece,0,openalex,True
24286847,2013,Colombia,affil_country_name,Colombia,0,openalex,True
24286846,2013,United States,affil_country_name,United States,0,openalex,True
24286845,2013,United States,affil_country_name,United States,0,openalex,True
24286844,2013,Greece,affil_country_name,Greece,0,openalex,True
24286843,2013,Brazil,affil_country_name,Brazil,0,openalex,True
24286842,2013,Unknown,no_affiliation,,0,openalex,True
24280774,2013,Germany,openalex_ror,Germany,8,openalex,True
24270636,2014,Japan,openalex_ror,Japan,4,openalex,True
24269455,2013,Spain,openalex_ror,Spain,1,openalex,True
24269442,2013,Spain,openalex_ror,Spain,5,openalex,True
24267517,2013,New Zealand,openalex_ror,New Zealand,5,openalex,True
24257262,2013,Spain,openalex_ror,Spain,0,openalex,True
24256573,2013,Greece,imputed_affil_country_over_openalex,United States,10,openalex,True
24246810,2013,China,openalex_ror,China,3,openalex,True
24243477,2013,Unknown,no_affiliation,,0,openalex,True
24243476,2013,Unknown,no_affiliation,,1,openalex,True
24232944,2013,Brazil,openalex_ror,Brazil,1,openalex,True
24232938,2013,Brazil,openalex_ror,Brazil,2,openalex,True
24232315,2013,Finland,openalex_ror,Finland,15,openalex,True
24227974,2013,Yemen,openalex_ror,Yemen,14,openalex,True
24227967,2012,Iran,openalex_ror,Iran,14,openalex,True
24227802,2013,China,openalex_ror,China,167,openalex,True
24222809,2013,Greece,affil_country_name,Greece,16,openalex,True
24222271,2013,Saudi Arabia,openalex_ror,Saudi Arabia,12,openalex,True
24218039,2013,China,openalex_ror,China,44,openalex,True
24211688,2013,China,openalex_ror,China,35,openalex,True
24204971,2013,China,openalex_ror,China,143,openalex,True
24203809,2013,Unknown,no_affiliation,,190,openalex,True
24203804,2013,Unknown,no_affiliation,,44,openalex,True
24202704,2013,Unknown,no_affiliation,,44,openalex,True
24202703,2013,Unknown,no_affiliation,,39,openalex,True
24195040,2013,China,openalex_ror,China,5,openalex,True
24195035,2013,China,openalex_ror,China,4,openalex,True
24187054,2013,Greece,openalex_ror,Greece,37,openalex,True
24185613,2013,Italy,openalex_ror,Italy,14,openalex,True
24183339,2013,United States,openalex_ror,United States,154,openalex,True
24178402,2013,Italy,openalex_ror,Italy,14,openalex,True
24172548,2013,United States,openalex_ror,United States,11,openalex,True
24170519,2013,Italy,affil_country_name,Italy,3,openalex,True
24168991,2013,Austria,openalex_ror,Austria,18,openalex,True
24168790,2013,Unknown,no_affiliation,,7,openalex,True
24168789,2013,Unknown,no_affiliation,,21,openalex,True
24168787,2013,Unknown,no_affiliation,,64,openalex,True
24167834,2013,Unknown,no_affiliation,,2,openalex,True
24167323,2013,United States,openalex_ror,United States,35,openalex,True
24163676,2013,United States,affil_country_name,United States,23,openalex,True
24160728,2013,United States,openalex_ror,United States,66,openalex,True
24160403,2013,Unknown,no_affiliation,,,,False
24160402,2013,Spain,affil_country_name,Spain,1,openalex,True
24160401,2013,Italy,affil_country_name,Italy,10,openalex,True
24160400,2013,Unknown,no_affiliation,,0,openalex,True
24160386,2013,Japan,affil_country_name_over_openalex,Japan,8,openalex,True
24160380,2013,South Korea,openalex_ror,South Korea,16,openalex,True
24158841,2013,Israel,openalex_ror,Israel,63,openalex,True
24147767,2013,Saudi Arabia,openalex_ror,Saudi Arabia,28,openalex,True
24146917,2013,Japan,openalex_ror,Japan,27,openalex,True
24145900,2013,China,openalex_ror,China,10,openalex,True
24145634,2013,United States,openalex_ror,United States,72,openalex,True
24145571,2014,Italy,openalex_ror,Italy,26,openalex,True
24141143,2013,Spain,openalex_ror,Spain,0,openalex,True
24128385,2013,Turkey,affil_country_name,Turkey,11,openalex,True
24119137,2013,United States,openalex_ror,United States,12,openalex,True
24112634,2013,Japan,openalex_ror,Japan,150,openalex,True
24109174,2013,Japan,affil_country_name_over_openalex,Japan,4,openalex,True
24109172,2013,Lebanon,openalex_ror,Lebanon,26,openalex,True
24109171,2013,Egypt,openalex_ror,Egypt,16,openalex,True
24109170,2013,Lebanon,openalex_ror,Lebanon,11,openalex,True
24106124,2013,United States,openalex_ror,United States,52,openalex,True
24099275,2013,Italy,openalex_ror,Italy|United States,59,openalex,True
24094311,2013,Unknown,no_affiliation,,11,openalex,True
24094309,2013,Unknown,no_affiliation,,,,False
24088061,2013,Unknown,no_affiliation,,47,openalex,True
24088060,2013,Unknown,no_affiliation,,12,openalex,True
25606327,2013,Iran,openalex_ror,Iran,44,openalex,True
24075431,2013,United States,openalex_ror,United States,39,openalex,True
24075180,2013,Unknown,no_affiliation,,0,openalex,True
24075178,2013,United States,affil_country_name,United States,2,openalex,True
24075177,2013,Unknown,no_affiliation,,0,openalex,True
24075176,2013,Australia,affil_country_name,Australia,3,openalex,True
24068438,2013,Iran,openalex_ror,Iran,10,openalex,True
24065814,2013,United States,openalex_ror,United States,34,openalex,True
24064524,2013,Israel,openalex_ror,Israel,44,openalex,True
24063345,2013,United States,openalex_ror,United States,12,openalex,True
24057938,2013,Spain,openalex_ror,Spain,2,openalex,True
24057937,2013,Turkey,openalex_ror,Turkey,25,openalex,True
24054977,2013,Singapore,openalex_ror,Singapore,39,openalex,True
24053896,2013,France,affil_country_name,France,0,openalex,True
24053893,2013,Spain,affil_country_name,Spain,3,openalex,True
24045833,2014,Spain,openalex_ror,Spain,11,openalex,True
24043925,2013,Egypt,openalex_ror,Egypt,30,openalex,True
24029942,2013,United States,openalex_ror,United States,3,openalex,True
24026987,2013,Iran,openalex_ror,Iran,2,openalex,True
24024483,2013,China,openalex_ror,China,6,openalex,True
24021565,2013,Mexico,openalex_ror,Mexico,28,openalex,True
24021182,2013,China,affil_country_name,China,1,openalex,True
24014988,2013,Iran,openalex_ror,Iran,22,openalex,True
23991761,2013,Unknown,no_affiliation,,78,openalex,True
26107036,2013,Brazil,affil_country_name_over_openalex,Brazil,6,openalex,True
23991386,2013,China,openalex_ror,China,30,openalex,True
23988256,2013,Unknown,no_affiliation,,0,openalex,True
23988254,2013,Unknown,no_affiliation,,0,openalex,True
23988245,2013,Unknown,no_affiliation,,0,openalex,True
23982213,2013,Japan,openalex_ror,Japan,9,openalex,True
23980708,2013,Unknown,no_affiliation,Brazil|Spain|United States,39,openalex,True
23974888,2013,Spain,openalex_ror,Spain,12,openalex,True
23974887,2013,Unknown,affil_unresolved,,8,openalex,True
23973214,2013,Ireland,openalex_ror,Ireland|United Kingdom,24,openalex,True
23964184,2012,Yemen,openalex_ror,Yemen,4,openalex,True
23952843,2013,Unknown,no_affiliation,,9,openalex,True
23952080,2013,Italy,openalex_ror,Italy,4,openalex,True
23942970,2013,United States,openalex_ror,United States,50,openalex,True
23940641,2013,United States,openalex_ror,United States,44,openalex,True
23940547,2013,China,openalex_ror,China,46,openalex,True
23939296,2013,Turkey,openalex_ror,Turkey,88,openalex,True
23938095,2013,Unknown,no_affiliation,,83,openalex,True
23929514,2013,China,openalex_ror,China,9,openalex,True
23929084,2013,Brazil,openalex_ror,Brazil,2,openalex,True
23925340,2013,India,openalex_ror,India,18,openalex,True
23925335,2013,India,openalex_ror,India,32,openalex,True
23925331,2013,United States,openalex_ror,United States,50,openalex,True
23925330,2013,Switzerland,affil_country_name,Switzerland,51,openalex,True
23925317,2013,Unknown,no_affiliation,,12,openalex,True
23912969,2013,Taiwan,openalex_ror,Taiwan,46,openalex,True
23912691,2013,Egypt,openalex_ror,Egypt,15,openalex,True
23909781,2013,Germany,openalex_ror,Germany,37,openalex,True
23909780,2013,China,openalex_ror,China,6,openalex,True
23909779,2013,United Kingdom,openalex_ror,United Kingdom,58,openalex,True
23909778,2013,United Kingdom,openalex_ror,United Kingdom,103,openalex,True
23909777,2013,Unknown,no_affiliation,,27,openalex,True
23908570,2013,South Korea,affil_country_name,South Korea,11,openalex,True
23901874,2013,Spain,openalex_ror,Spain,3,openalex,True
23901251,2013,Greece,openalex_ror,Greece,46,openalex,True
23900092,2013,China,openalex_ror,China,2,openalex,True
23900091,2013,China,openalex_ror,China,3,openalex,True
23900090,2013,China,openalex_ror,China,0,openalex,True
23900089,2013,China,openalex_ror,China,5,openalex,True
23900088,2013,China,openalex_ror,China,3,openalex,True
23900087,2013,China,openalex_ror,China,10,openalex,True
23900086,2013,China,openalex_ror,China,19,openalex,True
23900085,2013,China,openalex_ror,China,1,openalex,True
23898948,2013,United States,openalex_ror,United States,15,openalex,True
23889878,2013,Unknown,no_affiliation,,1,openalex,True
23889877,2013,Unknown,no_affiliation,,0,openalex,True
23889869,2013,Japan,affil_country_name,Japan,1,openalex,True
23889865,2013,United States,openalex_ror,United States,103,openalex,True
23886364,2012,Cuba,openalex_ror,Cuba,0,openalex,True
23882746,2013,Poland,openalex_ror,Poland,0,openalex,True
23874077,2013,Japan,affil_country_name_over_openalex,Japan,29,openalex,True
23872862,2013,Portugal,openalex_ror,Portugal,7,openalex,True
23872360,2013,Spain,openalex_ror,Spain,110,openalex,True
23871556,2013,China,openalex_ror,China,21,openalex,True
23871113,2013,Australia,affil_country_name,Australia,1,openalex,True
23870369,2013,Unknown,no_affiliation,,0,openalex,True
23870368,2013,Unknown,no_affiliation,,6,openalex,True
23868667,2013,Germany,openalex_ror,Germany,3,openalex,True
23868666,2013,Germany,openalex_ror,Germany,5,openalex,True
23866707,2013,China,openalex_ror,China,1,openalex,True
23863355,2013,United States,openalex_ror,United States,13,openalex,True
23860012,2013,China,openalex_ror,China,64,openalex,True
23860011,2013,Japan,affil_country_name_over_openalex,Japan,21,openalex,True
23843477,2013,Spain,openalex_ror,Spain,2,openalex,True
23841585,2013,China,openalex_ror,China,4,openalex,True
23840997,2013,Japan,openalex_ror,Japan,2,openalex,True
23837250,2013,Czechia,affil_country_name,Czechia,6,openalex,True
23836954,2013,Turkey,openalex_ror,Turkey,7,openalex,True
23830802,2013,Turkey,affil_country_name,Turkey,100,openalex,True
23830559,2013,United States,openalex_ror,United States,45,openalex,True
23828812,2013,Spain,affil_country_name,Spain,,,False
23826534,2013,Turkey,affil_country_name,Turkey,14,openalex,True
23826533,2013,Turkey,affil_country_name,Turkey,7,openalex,True
23826532,2013,Turkey,openalex_ror,Turkey,18,openalex,True
23826524,2013,China,openalex_ror,China,9,openalex,True
23826194,2013,Singapore,openalex_ror,Singapore,91,openalex,True
23823815,2013,China,openalex_ror,China,22,openalex,True
23820304,2013,Greece,openalex_ror,Greece,14,openalex,True
23820234,2013,Greece,openalex_ror,Greece,9,openalex,True
23820233,2013,India,openalex_ror,India,18,openalex,True
23820231,2013,United States,openalex_ror,United States,63,openalex,True
23820229,2013,United States,openalex_ror,United States,15,openalex,True
23820228,2013,South Korea,openalex_ror,South Korea,25,openalex,True
23820227,2013,United Kingdom,openalex_ror,United Kingdom,351,openalex,True
23813344,2013,Germany,openalex_ror,Germany,10,openalex,True
23812524,2013,Brazil,openalex_ror,Brazil,3,openalex,True
23809958,2013,Unknown,no_affiliation,,2,openalex,True
23809957,2013,Unknown,no_affiliation,,2,openalex,True
23809956,2013,Unknown,no_affiliation,,2,openalex,True
23809955,2013,Unknown,no_affiliation,,3,openalex,True
23809954,2013,Unknown,no_affiliation,,3,openalex,True
23809953,2013,Unknown,no_affiliation,,3,openalex,True
23809952,2013,Unknown,no_affiliation,,1,openalex,True
23809951,2013,Unknown,no_affiliation,,5,openalex,True
23809950,2013,Unknown,no_affiliation,,1,openalex,True
23809945,2013,China,openalex_ror,China,12,openalex,True
23807835,2013,Ireland,affil_country_name,Ireland,36,openalex,True
23807830,2013,Greece,openalex_ror,Greece,10,openalex,True
23807345,2015,South Korea,openalex_ror,South Korea,35,openalex,True
23807006,2013,Germany,imputed_affil_country_over_openalex,Greece,12,openalex,True
23799932,2013,United States,openalex_ror,United States,36,openalex,True
23799795,2013,United States,openalex_ror,United States,6,openalex,True
23799794,2013,Germany,openalex_ror,Germany,12,openalex,True
23799124,2013,Norway,openalex_ror,Norway,22,openalex,True
23799103,2013,United States,openalex_ror,United States,122,openalex,True
23797895,2013,China,openalex_ror,China,20,openalex,True
23796622,2013,Japan,openalex_ror,Japan,14,openalex,True
23794955,2013,Canada,openalex_ror,Canada,13,openalex,True
23794429,2013,Germany,openalex_ror,Germany,6,openalex,True
23793872,2013,Denmark,openalex_ror,Denmark,107,openalex,True
23792364,2013,Australia,openalex_ror,Australia,60,openalex,True
23791965,2013,United States,openalex_ror,United States,17,openalex,True
23787452,2013,Hong Kong,openalex_ror,Hong Kong,20,openalex,True
23787246,2013,United Kingdom,openalex_ror,United Kingdom,3,openalex,True
23786377,2013,Australia,openalex_ror,Australia,71,openalex,True
23778879,2013,China,openalex_ror,China,11,openalex,True
23778091,2013,United States,openalex_ror,United States,59,openalex,True
23777237,2013,Spain,affil_country_name,Spain,11,openalex,True
23776949,2012,United States,openalex_ror,United States,12,openalex,True
23772134,2013,Saudi Arabia,openalex_ror,Saudi Arabia,0,openalex,True
23769199,2013,United States,openalex_ror,United States,24,openalex,True
23766626,2013,Turkey,affil_country_name,Turkey,15,openalex,True
23757512,2013,United States,openalex_ror,United States,22,openalex,True
23749287,2013,China,openalex_ror,China,6,openalex,True
23747205,2013,Ireland,affil_country_name,Ireland,51,openalex,True
23743872,2013,Egypt,openalex_ror,Egypt,2,openalex,True
23739830,2013,Israel,openalex_ror,Israel,9,openalex,True
23736897,2013,United States,openalex_ror,United States,22,openalex,True
23731790,2013,France,openalex_ror,France,5,openalex,True
23723683,2013,Turkey,affil_country_name,Turkey,35,openalex,True
23714604,2013,United States,openalex_ror,United States,4,openalex,True
23711874,2013,United States,openalex_ror,United States,23,openalex,True
23706698,2013,Canada,openalex_ror,Canada,41,openalex,True
23703704,2013,United Kingdom,openalex_ror,United Kingdom,22,openalex,True
23696606,2013,United States,openalex_ror,United States,82,openalex,True
23695844,2013,Germany,openalex_ror,Germany,25,openalex,True
23691390,2013,Brazil,openalex_ror,Brazil,2,openalex,True
23691389,2013,United States,openalex_ror,United States,1,openalex,True
23688978,2013,China,openalex_ror,China,0,openalex,True
23688884,2013,United States,openalex_ror,United States,5,openalex,True
23688883,2013,China,openalex_ror,China,40,openalex,True
23688879,2013,China,openalex_ror,China,11,openalex,True
23688876,2013,Japan,affil_country_name,Japan,63,openalex,True
23688875,2013,South Korea,openalex_ror,South Korea,15,openalex,True
23680761,2013,Brazil,openalex_ror,Brazil,139,openalex,True
23680760,2013,Canada,openalex_ror,Canada,57,openalex,True
23680633,2013,United Kingdom,openalex_ror,United Kingdom,12,openalex,True
23680632,2013,China,openalex_ror,China,23,openalex,True
23680630,2013,Germany,openalex_ror,Germany,8,openalex,True
23680627,2013,Singapore,openalex_ror,Singapore,27,openalex,True
23673430,2013,United States,openalex_ror,United States,5,openalex,True
23665647,2013,South Korea,openalex_ror,South Korea,9,openalex,True
23665645,2013,Hungary,affil_country_name,Hungary,31,openalex,True
23665526,2013,United States,openalex_ror,United States,37,openalex,True
23664357,2013,United States,openalex_ror,United States,56,openalex,True
23661098,2013,Germany,openalex_ror,Germany,31,openalex,True
23659230,2013,China,openalex_ror,China,47,openalex,True
23659229,2013,Denmark,openalex_ror,Denmark,47,openalex,True
23659228,2013,United States,openalex_ror,United States,10,openalex,True
23657729,2013,Spain,openalex_ror,Spain,14,openalex,True
23656608,2013,United Kingdom,openalex_ror,United Kingdom,50,openalex,True
23652467,2013,South Korea,openalex_ror,South Korea,33,openalex,True
23650559,2013,United Kingdom,openalex_ror,United Kingdom,14,openalex,True
23638845,2013,France,openalex_ror,France,24,openalex,True
23629773,2013,Switzerland,openalex_ror,Switzerland,4,openalex,True
23629772,2013,Switzerland,openalex_ror,Switzerland,7,openalex,True
23621675,2013,Iran,openalex_ror,Iran,12,openalex,True
23620658,2013,Greece,openalex_ror,Greece,16,openalex,True
23619500,2014,India,openalex_ror,India,24,openalex,True
23615273,2013,Spain,openalex_ror,Spain,12,openalex,True
23608589,2013,Unknown,no_affiliation,,0,openalex,True
23608569,2013,Germany,openalex_ror,Germany,53,openalex,True
23608568,2013,United States,affil_country_name,United States,21,openalex,True
23607667,2013,France,openalex_ror,France,2,openalex,True
23605593,2013,Colombia,openalex_ror,Colombia,28,openalex,True
23603760,2013,Germany,openalex_ror,Germany,43,openalex,True
23595375,2013,China,openalex_ror,China,20,openalex,True
23584656,2013,India,openalex_ror,India,3,openalex,True
23584043,2013,United States,openalex_ror,United States,7,openalex,True
23582990,2013,Switzerland,openalex_ror,Switzerland,126,openalex,True
23580024,2013,Greece,openalex_ror,Greece,43,openalex,True
23576861,2013,Greece,affil_country_name,Greece,38,openalex,True
23576858,2013,Singapore,openalex_ror,Singapore,12,openalex,True
23568270,2013,United States,openalex_ror,United States,7,openalex,True
23568141,2013,Iran,openalex_ror,Iran,21,openalex,True
23564609,2013,Portugal,openalex_ror,Portugal,5,openalex,True
23557228,2013,France,openalex_ror,France,6,openalex,True
23557224,2013,Iran,openalex_ror,Iran,8,openalex,True
23557221,2013,Singapore,openalex_ror,Singapore,63,openalex,True
23557219,2013,Unknown,no_affiliation,,110,openalex,True
23543818,2013,South Korea,affil_country_name,South Korea,7,openalex,True
23543763,2013,Iran,openalex_ror,Iran,4,openalex,True
25390813,2013,Singapore,openalex_ror,Singapore,6,openalex,True
23538615,2013,United States,openalex_ror,United States,29,openalex,True
23538062,2013,France,openalex_ror,France,67,openalex,True
23537398,2013,China,affil_country_name,China,8,openalex,True
23536420,2013,Spain,openalex_ror,Spain,19,openalex,True
23535381,2013,Japan,affil_country_name,Japan,15,openalex,True
23532614,2013,Portugal,openalex_ror,Portugal,17,openalex,True
23532327,2013,China,openalex_ror,China,5,openalex,True
23522992,2013,Greece,openalex_ror,Greece,37,openalex,True
23521037,2013,Unknown,no_affiliation,,0,openalex,True
23521033,2013,Unknown,no_affiliation,,5,openalex,True
23514571,2013,United States,openalex_ror,United States,5,openalex,True
23508754,2013,Germany,affil_country_name,Germany,2,openalex,True
23506938,2013,Unknown,no_affiliation,,0,openalex,True
23506937,2013,Unknown,no_affiliation,,1,openalex,True
23506924,2013,United States,openalex_ror,United States,3,openalex,True
23506918,2013,Germany,openalex_ror,Germany,36,openalex,True
23496655,2013,New Zealand,openalex_ror,New Zealand,23,openalex,True
23496021,2013,Brazil,openalex_ror,Brazil,7,openalex,True
23496019,2013,Brazil,affil_country_name,Brazil,43,openalex,True
23489917,2013,United States,openalex_ror,United States,9,openalex,True
23482859,2012,United States,openalex_ror,United States,17,openalex,True
23480891,2013,Unknown,affil_unresolved,,1,openalex,True
23479805,2013,Unknown,no_affiliation,,4,openalex,True
23478630,2013,United States,openalex_ror,United States,107,openalex,True
23470593,2013,Unknown,no_affiliation,,12,openalex,True
23465330,2013,Italy,openalex_ror,Italy,55,openalex,True
23459015,2013,Greece,openalex_ror,Greece,44,openalex,True
23449513,2013,Austria,openalex_ror,Austria,5,openalex,True
23447899,2012,Canada,affil_country_name,Canada,79,openalex,True
23447898,2012,United States,openalex_ror,United States,84,openalex,True
23447897,2012,Singapore,affil_country_name,Singapore,39,openalex,True
23447895,2012,United States,openalex_ror,United States,15,openalex,True
23447894,2012,India,openalex_ror,India,18,openalex,True
23447893,2012,United States,openalex_ror,United States,2,openalex,True
23446019,2013,Spain,openalex_ror,Spain,45,openalex,True
23446014,2013,United Kingdom,affil_country_name,United Kingdom,47,openalex,True
23446013,2013,United States,openalex_ror,United States,206,openalex,True
23440799,2013,United Kingdom,openalex_ror,United Kingdom,142,openalex,True
23440250,2013,Greece,openalex_ror,Greece,28,openalex,True
23435799,2013,Iran,openalex_ror,Iran,20,openalex,True
23431734,2012,Chile,openalex_ror,Chile,0,openalex,True
23417340,2013,United States,openalex_ror,United States,17,openalex,True
23415780,2013,Japan,openalex_ror,Japan,48,openalex,True
23415779,2013,United States,openalex_ror,United States,24,openalex,True
23413236,2013,Germany,openalex_ror,Germany,23,openalex,True
23407322,2013,United States,openalex_ror,United States,5,openalex,True
23405038,2013,Germany,openalex_ror,Germany,0,openalex,True
23394913,2013,Spain,openalex_ror,Spain,37,openalex,True
23389552,2013,China,openalex_ror,China,117,openalex,True
23389122,2013,China,openalex_ror,China,11,openalex,True
23388055,2013,Finland,openalex_ror,Finland,13,openalex,True
23380607,2012,Taiwan,openalex_ror,Taiwan,17,openalex,True
23380409,2013,United States,openalex_ror,United States,22,openalex,True
23380406,2013,Unknown,no_affiliation,,4,openalex,True
23380405,2013,Unknown,no_affiliation,,29,openalex,True
23375692,2013,Spain,openalex_ror,Spain,48,openalex,True
23374574,2013,China,openalex_ror,China,20,openalex,True
23374573,2013,Unknown,no_affiliation,,0,openalex,True
23356820,2012,Germany,openalex_ror,Germany,8,openalex,True
23355771,2013,United States,affil_country_name,United States,5,openalex,True
23355587,2013,Colombia,openalex_ror,Colombia,5,openalex,True
23352500,2013,Ireland,openalex_ror,Ireland,22,openalex,True
23347366,2012,Unknown,no_affiliation,,1,openalex,True
23345963,2013,Israel,openalex_ror,Israel,17,openalex,True
23340382,2013,United States,affil_country_name,United States,3,openalex,True
23338530,2013,Germany,openalex_ror,Germany,8,openalex,True
23332254,2013,Unknown,no_affiliation,United States,32,openalex,True
23332251,2013,Netherlands,affil_country_name,Netherlands,12,openalex,True
23332117,2013,Algeria,affil_country_name,Algeria,17,openalex,True
23329670,2013,Spain,openalex_ror,Spain,7,openalex,True
23329119,2013,Germany,affil_city_hint,Germany,3,openalex,True
23326186,2013,Egypt,openalex_ror,Egypt,41,openalex,True
23325297,2013,Germany,openalex_ror,Germany,4,openalex,True
23317777,2013,Spain,openalex_ror,Spain,11,openalex,True
23317648,2013,France,affil_country_name,France,64,openalex,True
23311743,2013,Saudi Arabia,affil_country_name,Saudi Arabia,36,openalex,True
23311742,2013,Turkey,affil_country_name,Turkey,75,openalex,True
23311741,2013,Hong Kong,openalex_ror,China|Hong Kong,16,openalex,True
23311740,2013,United States,openalex_ror,United States,33,openalex,True
23311735,2013,Unknown,no_affiliation,,15,openalex,True
23310967,2012,Spain,openalex_ror,Spain,29,openalex,True
23302281,2012,China,openalex_ror,China,2,openalex,True
23302249,2012,China,openalex_ror,China,1,openalex,True
23289447,2013,Japan,openalex_ror,Japan,35,openalex,True
23282001,2013,Spain,affil_country_name,Spain,5,openalex,True
23278228,2013,Turkey,openalex_ror,Turkey,14,openalex,True
23277735,2012,United States,openalex_ror,United States,13,openalex,True
23275825,2012,Iran,openalex_ror,Iran,9,openalex,True
23275189,2012,Israel,openalex_ror,Israel,16,openalex,True
23271878,2012,Egypt,openalex_ror,Egypt,7,openalex,True
23269682,2012,Japan,openalex_ror,Japan,49,openalex,True
23264864,2012,Iran,openalex_ror,Iran,7,openalex,True
23258670,2012,Germany,affil_country_name,Germany,2,openalex,True
23249707,2013,Austria,openalex_ror,Austria,35,openalex,True
23248549,2012,Oman,openalex_ror,Oman,5,openalex,True
23248539,2012,United States,openalex_ror,United States,18,openalex,True
23234484,2012,Unknown,no_affiliation,,0,openalex,True
23234481,2012,Unknown,no_affiliation,,0,openalex,True
23233791,2012,France,openalex_ror,France,29,openalex,True
23232256,2012,Unknown,affil_unresolved,Lithuania,10,openalex,True
23231742,2012,Greece,openalex_ror,Greece,121,openalex,True
23231741,2012,China,openalex_ror,China,46,openalex,True
23231740,2012,United States,affil_country_name,United States,56,openalex,True
23231737,2012,Denmark,openalex_ror,Denmark,198,openalex,True
23231367,2012,United States,affil_country_name,United States,1,openalex,True
23226001,2012,Israel,openalex_ror,Israel,13,openalex,True
23225843,2012,China,openalex_ror,China,0,openalex,True
23224677,2012,South Korea,openalex_ror,South Korea,5,openalex,True
23221891,2013,Unknown,no_affiliation,,1,openalex,True
23221889,2013,Unknown,no_affiliation,,18,openalex,True
23221887,2013,United States,openalex_ror,United States,20,openalex,True
23221883,2013,Unknown,no_affiliation,,29,openalex,True
23221080,2013,Canada,openalex_ror,Canada,10,openalex,True
23219507,2012,Lebanon,openalex_ror,Lebanon,19,openalex,True
23217585,2013,Spain,openalex_ror,Spain,64,openalex,True
23216237,2012,Iran,openalex_ror,Iran,3,openalex,True
23216133,2012,Italy,openalex_ror,Italy,24,openalex,True
23212799,2012,Latvia,affil_country_name,Latvia,49,openalex,True
23210338,2012,Unknown,no_affiliation,,2,openalex,True
23202414,2012,India,openalex_ror,India,2,openalex,True
23201862,2012,China,openalex_ror,China,6,openalex,True
26357182,2012,Canada,openalex_ror,Canada|Germany,32,openalex,True
23197266,2013,United States,openalex_ror,United States,41,openalex,True
23195271,2012,Unknown,no_affiliation,,5,openalex,True
23195270,2012,Unknown,no_affiliation,,20,openalex,True
23183351,2012,Iran,openalex_ror,Iran,41,openalex,True
23174396,2012,United States,openalex_ror,Greece|United States,153,openalex,True
23173113,2012,China,openalex_ror,China,3,openalex,True
23158680,2012,United Kingdom,openalex_ror,United Kingdom,16,openalex,True
23158679,2012,Denmark,openalex_ror,Denmark,47,openalex,True
23158564,2012,China,openalex_ror,China,5,openalex,True
23155920,2012,Ireland,openalex_ror,Ireland,8,openalex,True
23155605,2012,Serbia,openalex_ror,Serbia,3,openalex,True
23152662,2012,United States,openalex_ror,United States,22,openalex,True
23152659,2012,Italy,openalex_ror,Italy,105,openalex,True
23152658,2012,Italy,openalex_ror,Italy,17,openalex,True
23152656,2012,Italy,openalex_ror,Italy,21,openalex,True
23152152,2012,Switzerland,affil_country_name,Switzerland,0,openalex,True
23143454,2012,Unknown,no_affiliation,Spain,15,openalex,True
23141921,2012,United States,openalex_ror,United States,11,openalex,True
23140584,2012,Spain,openalex_ror,Spain,3,openalex,True
23139281,2013,China,openalex_ror,China,56,openalex,True
23139278,2012,United States,openalex_ror,United States,15,openalex,True
23132801,2012,United States,affil_country_name,United States,2,openalex,True
23132445,2013,United States,openalex_ror,United States,26,openalex,True
23129005,2012,Germany,openalex_ror,Germany,8,openalex,True
23128029,2012,Spain,affil_country_name_over_openalex,Spain,23,openalex,True
23121702,2012,Spain,openalex_ror,Spain,4,openalex,True
23115960,2012,Croatia,affil_country_name,Croatia,17,openalex,True
23115956,2012,Croatia,openalex_ror,Croatia,0,openalex,True
26107735,2012,Vietnam,affil_country_name,Vietnam,0,openalex,True
26107734,2012,United States,affil_city_hint,United States,0,openalex,True
26107725,2012,Iran,openalex_ror,Iran,11,openalex,True
26107723,2012,Australia,openalex_ror,Australia,5,openalex,True
23112899,2012,Iran,openalex_ror,Iran,22,openalex,True
23112265,2012,Colombia,affil_country_name,Colombia,20,openalex,True
23109803,2012,United States,openalex_ror,United States,29,openalex,True
23109384,2012,Taiwan,openalex_ror,Taiwan,2,openalex,True
23102727,2012,France,openalex_ror,France,62,openalex,True
23097019,2012,United States,openalex_ror,United States,3,openalex,True
23096124,2012,Germany,openalex_ror,Germany,13,openalex,True
23086368,2013,Iran,openalex_ror,Iran,23,openalex,True
23086358,2013,Netherlands,affil_country_name_over_openalex,Netherlands,71,openalex,True
23086357,2013,France,openalex_ror,France,59,openalex,True
23084361,2012,France,openalex_ror,France,26,openalex,True
23084157,2012,United Kingdom,openalex_ror,United Kingdom,45,openalex,True
23079325,2012,Unknown,no_affiliation,,0,openalex,True
23079320,2012,Germany,openalex_ror,Germany,30,openalex,True
23079318,2012,Germany,openalex_ror,Germany,14,openalex,True
23079317,2012,United Kingdom,openalex_ror,United Kingdom,100,openalex,True
23079315,2012,Germany,openalex_ror,Germany,35,openalex,True
23079314,2012,United Kingdom,openalex_ror,United Kingdom,14,openalex,True
23079312,2012,United States,openalex_ror,United States,11,openalex,True
23076454,2012,Singapore,openalex_ror,Singapore,7,openalex,True
23074205,2012,South Korea,openalex_ror,South Korea,10,openalex,True
23073487,2013,South Korea,openalex_ror,South Korea,2,openalex,True
23073481,2012,United States,openalex_ror,United States,18,openalex,True
23073480,2012,United States,openalex_ror,United States,21,openalex,True
23073479,2012,Spain,openalex_ror,Spain,26,openalex,True
23066617,2012,United States,openalex_ror,United States,11,openalex,True
23038040,2012,United States,openalex_ror,United States,44,openalex,True
23034341,2012,United States,openalex_ror,United States,84,openalex,True
23062002,2012,South Korea,openalex_ror,South Korea,12,openalex,True
23061998,2012,Spain,openalex_ror,Spain,57,openalex,True
23061997,2012,United States,openalex_ror,United States,18,openalex,True
23061996,2012,United States,openalex_ror,United States,12,openalex,True
23061994,2012,Unknown,no_affiliation,,4,openalex,True
23060719,2012,South Korea,openalex_ror,South Korea,6,openalex,True
23058195,2012,Spain,openalex_ror,Spain,6,openalex,True
23056450,2012,Portugal,openalex_ror,Portugal,24,openalex,True
23056269,2012,China,openalex_ror,China,9,openalex,True
23055680,2012,Japan,affil_country_name_over_openalex,Japan,9,openalex,True
23055670,2012,Iran,openalex_ror,Iran,8,openalex,True
23052717,2012,Spain,affil_country_name,Spain,5,openalex,True
23050122,2012,Brazil,affil_country_name_over_openalex,Brazil,23,openalex,True
23022158,2012,Italy,openalex_ror,Italy,94,openalex,True
23001585,2012,Spain,openalex_ror,Spain,14,openalex,True
22999631,2012,Unknown,no_affiliation,,0,openalex,True
22999630,2012,Unknown,no_affiliation,,2,openalex,True
22999605,2012,United States,openalex_ror,United States,12,openalex,True
22999604,2012,Spain,openalex_ror,Spain,25,openalex,True
22999602,2012,United Kingdom,openalex_ror,United Kingdom,15,openalex,True
22994307,2012,South Korea,openalex_ror,South Korea,25,openalex,True
22991419,2012,South Korea,openalex_ror,South Korea,28,openalex,True
22981613,2012,Japan,openalex_ror,Japan,63,openalex,True
22981612,2012,Denmark,openalex_ror,Denmark,252,openalex,True
22970451,2012,Spain,openalex_ror,Spain,12,openalex,True
22958181,2012,Singapore,openalex_ror,Singapore,46,openalex,True
22957859,2012,Iran,openalex_ror,Iran,1,openalex,True
22949915,2012,Lebanon,openalex_ror,Lebanon,10,openalex,True
22947295,2012,United Kingdom,openalex_ror,United Kingdom,69,openalex,True
22947292,2012,Switzerland,affil_city_hint,Switzerland,14,openalex,True
22947291,2012,China,openalex_ror,China,13,openalex,True
22947290,2012,Taiwan,openalex_ror,Taiwan,37,openalex,True
22947289,2012,United States,openalex_ror,United States,11,openalex,True
22947285,2012,Unknown,no_affiliation,,0,openalex,True
22940796,2012,Iran,openalex_ror,Iran,18,openalex,True
26107598,2012,Vietnam,affil_country_name,Vietnam,5,openalex,True
22937514,2012,Turkey,openalex_ror,Turkey,18,openalex,True
22935601,2012,Iran,openalex_ror,Iran,20,openalex,True
22932326,2012,China,openalex_ror,China,2,openalex,True
22932325,2012,China,openalex_ror,China,5,openalex,True
22932324,2012,China,openalex_ror,China,0,openalex,True
22932323,2012,China,openalex_ror,China,2,openalex,True
22926254,2012,Germany,affil_country_name,Germany,17,openalex,True
22925179,2012,China,openalex_ror,China,21,openalex,True
22920505,2012,Spain,openalex_ror,Spain,43,openalex,True
22906464,2012,Unknown,no_affiliation,,7,openalex,True
22906453,2012,Unknown,no_affiliation,,0,openalex,True
22906452,2012,United States,openalex_ror,United States,10,openalex,True
22906450,2012,United States,openalex_ror,United States,3,openalex,True
22906449,2012,United States,openalex_ror,United States,65,openalex,True
22906442,2012,Italy,openalex_ror,Italy,13,openalex,True
22906441,2012,Singapore,openalex_ror,Singapore,38,openalex,True
22902046,2012,Spain,openalex_ror,Spain,31,openalex,True
22894525,2012,United States,affil_country_name,United States,7,openalex,True
22893168,2012,Taiwan,openalex_ror,Taiwan,3,openalex,True
22892151,2012,United States,openalex_ror,United States,97,openalex,True
22892148,2012,Oman,affil_country_name,Oman,261,openalex,True
22891401,2012,Israel,openalex_ror,Israel,11,openalex,True
22888691,2012,Unknown,affil_unresolved,,,,False
22888683,2012,Unknown,affil_unresolved,,0,openalex,True
22888213,2012,Singapore,openalex_ror,Singapore,18,openalex,True
22888210,2012,United States,affil_country_name_over_openalex,United States,97,openalex,True
22883842,2012,Canada,openalex_ror,Canada,38,openalex,True
22879417,2012,Denmark,openalex_ror,Denmark,53,openalex,True
22879413,2012,United States,openalex_ror,United States,3,openalex,True
22876129,2012,South Korea,openalex_ror,South Korea,31,openalex,True
22869236,2012,United States,openalex_ror,United States,10,openalex,True
22869235,2012,United States,openalex_ror,United States,131,openalex,True
22869234,2012,Turkey,openalex_ror,Turkey,12,openalex,True
22869232,2012,United Kingdom,openalex_ror,United Kingdom,88,openalex,True
22865405,2012,Spain,openalex_ror,Spain,19,openalex,True
22858060,2012,Israel,openalex_ror,Israel,66,openalex,True
22858030,2012,Australia,openalex_ror,Australia,7,openalex,True
22837633,2012,India,openalex_ror,India,3,openalex,True
22837624,2012,Saudi Arabia,openalex_ror,Saudi Arabia,12,openalex,True
22830113,2012,Unknown,no_affiliation,,0,openalex,True
22826766,2012,Iran,openalex_ror,Iran,17,openalex,True
22824650,2012,Spain,openalex_ror,Spain,15,openalex,True
22824597,2012,Italy,affil_country_name,Italy,13,openalex,True
22815640,2012,Greece,affil_country_name,Greece,105,openalex,True
22814927,2012,Germany,openalex_ror,Germany,0,openalex,True
22814527,2012,Finland,affil_country_name,Finland,4,openalex,True
22814056,2012,United States,affil_country_name,United States,25,openalex,True
22814054,2012,Singapore,openalex_ror,Singapore,31,openalex,True
22814052,2012,Italy,openalex_ror,Italy,29,openalex,True
22814049,2012,Turkey,affil_country_name,Turkey,116,openalex,True
22814048,2012,Netherlands,affil_country_name,Netherlands,75,openalex,True
22814047,2012,Japan,openalex_ror,Japan,10,openalex,True
22814039,2012,Spain,openalex_ror,Spain,28,openalex,True
22814035,2012,Unknown,no_affiliation,,8,openalex,True
22813457,2012,Unknown,no_affiliation,,6,openalex,True
25657693,2012,China,openalex_ror,China,11,openalex,True
22791969,2012,Greece,affil_country_name_over_openalex,Greece,81,openalex,True
22789928,2012,Spain,affil_country_name,Spain,42,openalex,True
22789494,2012,Sweden,openalex_ror,Sweden,8,openalex,True
22788583,2012,Mexico,openalex_ror,Mexico,13,openalex,True
22786909,2012,China,openalex_ror,China,25,openalex,True
22784264,2012,Italy,openalex_ror,Italy,3,openalex,True
22775539,2012,United Kingdom,openalex_ror,United Kingdom,1,openalex,True
22775495,2012,Australia,openalex_ror,Australia,5,openalex,True
22773984,2012,China,openalex_ror,China,7,openalex,True
22773983,2012,China,affil_country_name,China,25,openalex,True
22773179,2012,Thailand,openalex_ror,Thailand,13,openalex,True
22767351,2012,Germany,openalex_ror,Germany,17,openalex,True
22767166,2012,United States,openalex_ror,United States,28,openalex,True
22767165,2012,Hong Kong,openalex_ror,China|Hong Kong,69,openalex,True
22767164,2012,Saudi Arabia,openalex_ror,Saudi Arabia,12,openalex,True
22767162,2012,Unknown,no_affiliation,,2,openalex,True
22762048,2012,China,openalex_ror,China,36,openalex,True
22760803,2012,China,openalex_ror,China,16,openalex,True
22752222,2012,China,openalex_ror,China,37,openalex,True
26107479,2012,Ireland,openalex_ror,Ireland,2,openalex,True
26107477,2012,Malaysia,affil_country_name,Malaysia,3,openalex,True
22743323,2012,Singapore,openalex_ror,Singapore,101,openalex,True
22737382,2012,Iran,openalex_ror,Iran,3,openalex,True
22737381,2012,Iran,openalex_ror,Iran,4,openalex,True
22733286,2012,United Kingdom,openalex_ror,United Kingdom,0,openalex,True
22733251,2012,United Kingdom,openalex_ror,United Kingdom,11,openalex,True
22727294,2012,Ireland,affil_country_name,Ireland,28,openalex,True
22727292,2012,United Kingdom,openalex_ror,United Kingdom,20,openalex,True
22727291,2012,United States,openalex_ror,United States,39,openalex,True
22727281,2012,United States,openalex_ror,United States,5,openalex,True
22726957,2012,India,openalex_ror,India,7,openalex,True
22722270,2012,United States,openalex_ror,United States,3,openalex,True
22718793,2012,Unknown,no_affiliation,,2,openalex,True
22716032,2012,United States,openalex_ror,United States,64,openalex,True
22716031,2012,Greece,openalex_ror,Greece,6,openalex,True
22712105,2012,Unknown,no_authors,,,,False
22708970,2012,China,openalex_ror,China,30,openalex,True
22707753,2012,Spain,openalex_ror,Spain,3,openalex,True
22705778,2012,Portugal,openalex_ror,Portugal,14,openalex,True
22699561,2012,South Korea,openalex_ror,South Korea,43,openalex,True
22697216,2012,China,openalex_ror,China,14,openalex,True
22696847,2012,Thailand,openalex_ror,Thailand,2,openalex,True
22696365,2012,United Kingdom,affil_country_name,United Kingdom,60,openalex,True
22695934,2012,Germany,openalex_ror,Germany,54,openalex,True
22692524,2012,United Kingdom,openalex_ror,United Kingdom,102,openalex,True
22692522,2012,Spain,openalex_ror,Spain,13,openalex,True
22692520,2012,Unknown,no_affiliation,,9,openalex,True
22690672,2012,Greece,openalex_ror,Greece,14,openalex,True
22684405,2012,Turkey,openalex_ror,Turkey,18,openalex,True
22683058,2012,Greece,openalex_ror,Greece,138,openalex,True
22681949,2012,United States,openalex_ror,United States,27,openalex,True
22679693,2012,Czechia,openalex_ror,Czechia,0,openalex,True
22678866,2012,China,openalex_ror,China,1,openalex,True
22674627,2012,United States,openalex_ror,United States,14,openalex,True
22673852,2013,United States,openalex_ror,United States,90,openalex,True
22673819,2012,United States,openalex_ror,United States,0,openalex,True
22672114,2012,Australia,affil_country_name_over_openalex,Australia,102,openalex,True
22670081,2012,South Korea,openalex_ror,South Korea,7,openalex,True
22661462,2012,United States,openalex_ror,United States,3,openalex,True
22647480,2012,Singapore,openalex_ror,Singapore,77,openalex,True
22645930,2012,Japan,openalex_ror,Japan,0,openalex,True
22633608,2012,Spain,openalex_ror,Spain,11,openalex,True
22632382,2012,Finland,openalex_ror,Finland,4,openalex,True
22624912,2012,Canada,openalex_ror,Canada,8,openalex,True
22624906,2012,Ireland,openalex_ror,Ireland,38,openalex,True
22624904,2012,France,openalex_ror,France,36,openalex,True
22624903,2012,Spain,affil_country_name,Spain,16,openalex,True
22624902,2012,United States,openalex_ror,United States,15,openalex,True
22624901,2012,Turkey,openalex_ror,Turkey,30,openalex,True
22624898,2012,Taiwan,openalex_ror,Taiwan,15,openalex,True
22623863,2012,Egypt,openalex_ror,Egypt,2,openalex,True
22577038,2012,Iran,openalex_ror,Iran,65,openalex,True
22611369,2012,Canada,openalex_ror,Canada,20,openalex,True
22607021,2012,Canada,openalex_ror,Canada,15,openalex,True
22606493,2012,Italy,openalex_ror,Italy,3,openalex,True
22606487,2012,United Kingdom,openalex_ror,United Kingdom,3,openalex,True
22606486,2012,United States,openalex_ror,United States,5,openalex,True
22591252,2012,India,openalex_ror,India,6,openalex,True
22591225,2012,Taiwan,openalex_ror,Taiwan,3,openalex,True
22589434,2012,United States,openalex_ror,United States,8,openalex,True
22589325,2012,Greece,openalex_ror,Greece,22,openalex,True
22589323,2012,Australia,openalex_ror,Australia,7,openalex,True
22589290,2012,Spain,affil_country_name,Spain,16,openalex,True
22577762,2012,Iran,openalex_ror,Iran,17,openalex,True
22576735,2012,China,openalex_ror,China,8,openalex,True
22574092,2012,Romania,affil_city_hint,Romania,15,openalex,True
22570546,2012,United States,openalex_ror,United States,11,openalex,True
22569813,2012,Spain,openalex_ror,Spain,4,openalex,True
22569472,2012,United States,openalex_ror,United States,53,openalex,True
22569470,2012,United States,openalex_ror,United States,59,openalex,True
22569468,2012,United States,openalex_ror,United States,35,openalex,True
22569466,2012,United States,openalex_ror,United States,4,openalex,True
22569282,2012,United Kingdom,openalex_ror,United Kingdom,12,openalex,True
22562297,2012,Greece,affil_country_name,Greece,10,openalex,True
22562061,2012,United States,openalex_ror,United States,15,openalex,True
22553764,2012,China,openalex_ror,China,9,openalex,True
22553758,2012,China,openalex_ror,China,15,openalex,True
22543479,2012,United States,openalex_ror,United States,8,openalex,True
22542905,2012,United States,openalex_ror,United States,209,openalex,True
22536037,2012,United States,openalex_ror,United States,22,openalex,True
22531434,2012,United States,openalex_ror,United States,19,openalex,True
22525781,2012,United States,openalex_ror,United States,19,openalex,True
22520322,2012,Unknown,no_affiliation,,0,openalex,True
22520321,2012,Unknown,no_affiliation,,0,openalex,True
22520313,2012,Unknown,unresolved,,0,openalex,True
22520312,2012,Spain,openalex_ror,Spain,1,openalex,True
22520303,2012,Spain,openalex_ror,Spain,40,openalex,True
22520302,2012,Germany,openalex_ror,Germany,53,openalex,True
22520300,2012,Unknown,no_affiliation,,9,openalex,True
22518278,2012,United States,openalex_ror,United States,5,openalex,True
22516536,2012,United States,openalex_ror,United States,122,openalex,True
22516159,2012,Unknown,no_affiliation,,0,openalex,True
22515177,2012,Greece,affil_country_name,Greece,13,openalex,True
22512839,2012,Denmark,openalex_ror,Denmark,118,openalex,True
22512373,2012,China,openalex_ror,China,22,openalex,True
22496438,2012,United Kingdom,openalex_ror,United Kingdom,43,openalex,True
22496434,2012,Unknown,no_affiliation,,40,openalex,True
22496034,2012,Switzerland,openalex_ror,Switzerland,1,openalex,True
22495678,2012,China,openalex_ror,China,14,openalex,True
22493038,2012,Switzerland,openalex_ror,Belgium|Switzerland|United Kingdom,5,openalex,True
22490908,2012,China,openalex_ror,China,0,openalex,True
22488267,2012,Austria,openalex_ror,Austria,86,openalex,True
22487775,2012,United States,openalex_ror,United States,49,openalex,True
22486901,2012,Taiwan,openalex_ror,Taiwan,0,openalex,True
22480669,2012,China,openalex_ror,China,10,openalex,True
22477093,2012,Turkey,affil_country_name,Turkey,6,openalex,True
22475643,2013,United States,openalex_ror,United States,14,openalex,True
22472258,2012,Unknown,no_affiliation,,2,openalex,True
22472256,2012,Unknown,no_affiliation,,0,openalex,True
22456944,2012,Brazil,openalex_ror,Brazil,13,openalex,True
22454730,2011,Iran,openalex_ror,Iran,7,openalex,True
22454717,2011,Iran,openalex_ror,Iran,5,openalex,True
22445631,2012,Unknown,no_affiliation,,3,openalex,True
22443896,2012,China,openalex_ror,China,6,openalex,True
22443804,2012,Saudi Arabia,affil_country_name,Saudi Arabia,74,openalex,True
22442996,2011,Unknown,no_affiliation,,1,openalex,True
22440454,2012,Unknown,no_affiliation,,2,openalex,True
22440439,2012,United States,affil_country_name,United States,11,openalex,True
22440435,2012,United States,openalex_ror,United States,24,openalex,True
22440434,2012,Brazil,openalex_ror,Brazil,27,openalex,True
22440433,2012,United States,openalex_ror,United States,73,openalex,True
22429227,2012,United States,openalex_ror,United States,9,openalex,True
22424808,2012,Tunisia,affil_country_name,Tunisia,5,openalex,True
22424807,2012,United States,affil_country_name,United States,18,openalex,True
22421094,2012,Spain,openalex_ror,Spain,23,openalex,True
22421093,2012,Norway,affil_country_name,Norway,6,openalex,True
22405993,2012,United Kingdom,openalex_ror,United Kingdom,10,openalex,True
22405992,2012,United States,openalex_ror,United States,6,openalex,True
22395631,2012,Canada,openalex_ror,Canada,1,openalex,True
22386997,2012,France,affil_country_name,France,2,openalex,True
22386369,2012,United States,openalex_ror,United States,39,openalex,True
22382593,2012,Spain,affil_country_name,Spain,23,openalex,True
22378114,2012,United States,openalex_ror,United States,8,openalex,True
22377345,2012,France,openalex_ror,France,6,openalex,True
22373035,2012,United States,openalex_ror,United States,58,openalex,True
22373034,2012,Germany,openalex_ror,Germany,10,openalex,True
22373033,2012,China,openalex_ror,China,31,openalex,True
22373032,2012,Germany,openalex_ror,Germany,39,openalex,True
22371023,2012,Germany,openalex_ror,Germany,7,openalex,True
22365579,2012,Greece,openalex_ror,Greece,39,openalex,True
22365084,2012,Japan,openalex_ror,Japan,108,openalex,True
22358586,2012,Japan,affil_country_name,Japan,35,openalex,True
22357381,2012,India,openalex_ror,India,18,openalex,True
22350057,2012,Germany,affil_country_name_over_openalex,Germany,71,openalex,True
22347790,2012,Greece,openalex_ror,Greece,22,openalex,True
22346111,2012,Saudi Arabia,openalex_ror,Saudi Arabia,8,openalex,True
22340607,2012,Japan,affil_country_name,Japan,86,openalex,True
22340605,2012,South Korea,openalex_ror,South Korea,3,openalex,True
22336069,2011,China,openalex_ror,China,0,openalex,True
22333660,2012,Spain,openalex_ror,Spain,7,openalex,True
22331978,2012,Iran,openalex_ror,Iran,5,openalex,True
22330308,2012,Ireland,affil_country_name,Ireland,14,openalex,True
22323878,2012,South Korea,openalex_ror,South Korea,20,openalex,True
22323464,2012,Singapore,openalex_ror,Singapore,98,openalex,True
22322485,2012,United States,openalex_ror,United States,9,openalex,True
22322182,2012,Unknown,no_affiliation,,5,openalex,True
22322165,2012,United States,openalex_ror,United States,127,openalex,True
22321504,2011,China,openalex_ror,China,0,openalex,True
22321354,2012,Japan,openalex_ror,Japan,13,openalex,True
22320410,2012,United Kingdom,openalex_ror,United Kingdom,26,openalex,True
22317955,2012,United Kingdom,openalex_ror,United Kingdom,14,openalex,True
22317915,2012,United States,openalex_ror,United States,15,openalex,True
22310084,2012,Japan,openalex_ror,Japan,13,openalex,True
22303595,2012,Singapore,openalex_ror,Singapore,4,openalex,True
22301100,2012,United Kingdom,openalex_ror,United Kingdom,129,openalex,True
22301098,2012,United States,openalex_ror,United States,31,openalex,True
22299520,2011,Czechia,openalex_ror,Czechia,1,openalex,True
22297493,2012,United States,affil_country_name,United States,15,openalex,True
22293405,2012,Portugal,openalex_ror,Portugal,82,openalex,True
22267914,2011,Egypt,openalex_ror,Egypt,12,openalex,True
22265184,2012,United States,openalex_ror,United States,10,openalex,True
22262990,2011,Italy,openalex_ror,Italy,12,openalex,True
22261327,2012,Lebanon,openalex_ror,Lebanon,23,openalex,True
22258972,2012,United Kingdom,openalex_ror,United Kingdom,30,openalex,True
22257772,2012,France,openalex_ror,France,0,openalex,True
22253488,2011,United States,openalex_ror,United States,55,openalex,True
22251454,2012,United States,openalex_ror,United States,15,openalex,True
22249432,2012,India,openalex_ror,India,11,openalex,True
22247467,2012,New Zealand,openalex_ror,New Zealand,54,openalex,True
22245168,2012,Switzerland,openalex_ror,Switzerland,17,openalex,True
22244611,2012,Spain,openalex_ror,Spain,5,openalex,True
22237838,2012,China,openalex_ror,China|United States,0,openalex,True
22236791,2012,United Kingdom,openalex_ror,United Kingdom,8,openalex,True
22236781,2012,Greece,openalex_ror,Greece,96,openalex,True
22233436,2012,China,openalex_ror,China,155,openalex,True
22233434,2012,Unknown,no_affiliation,,0,openalex,True
22233433,2012,Unknown,no_affiliation,,3,openalex,True
22230058,2012,Italy,openalex_ror,Italy,32,openalex,True
22230057,2012,United States,openalex_ror,United States,10,openalex,True
22226766,2012,France,openalex_ror,France,4,openalex,True
22226066,2012,France,openalex_ror,France,1,openalex,True
22219639,2011,Singapore,openalex_ror,Singapore,68,openalex,True
22218710,2012,United States,openalex_ror,United States,34,openalex,True
22215418,2012,Italy,openalex_ror,Italy,10,openalex,True
22207921,2011,China,openalex_ror,China,5,openalex,True
26107012,2012,Brazil,affil_country_name_over_openalex,Brazil,17,openalex,True
24555123,2012,United Kingdom,openalex_ror,United Kingdom,4,openalex,True
23960964,2012,United States,openalex_ror,United States,8,openalex,True
22201324,2011,Mexico,openalex_ror,Mexico,10,openalex,True
22200509,2011,South Korea,openalex_ror,South Korea,25,openalex,True
22187304,2011,China,openalex_ror,China,9,openalex,True
22185466,2011,Japan,affil_country_name,Japan,16,openalex,True
22180417,2011,Germany,openalex_ror,Germany,12,openalex,True
22180150,2012,Israel,openalex_ror,Israel,6,openalex,True
22176886,2011,Portugal,openalex_ror,Portugal,66,openalex,True
22174730,2011,United States,openalex_ror,United States,121,openalex,True
22169879,2012,United States,openalex_ror,United States,3,openalex,True
22169878,2012,India,openalex_ror,India,2,openalex,True
22157595,2012,United States,openalex_ror,United States,111,openalex,True
22157570,2012,United States,openalex_ror,United States,13,openalex,True
22157568,2012,United States,openalex_ror,United States,44,openalex,True
22153823,2012,United States,openalex_ror,United States,65,openalex,True
22153091,2012,Spain,openalex_ror,Spain,52,openalex,True
22153090,2012,Spain,openalex_ror,Spain,12,openalex,True
22149771,2011,United States,openalex_ror,United States,13,openalex,True
22149663,2011,Japan,affil_country_name,Japan,10,openalex,True
22138586,2012,Germany,openalex_ror,Germany,11,openalex,True
22136680,2011,Unknown,no_affiliation,,2,openalex,True
22135584,2011,Malaysia,openalex_ror,Malaysia,7,openalex,True
22133548,2011,United Kingdom,openalex_ror,United Kingdom,10,openalex,True
22132646,2011,Czechia,openalex_ror,Czechia,1,openalex,True
22131783,2011,South Korea,openalex_ror,South Korea,1,openalex,True
22120810,2011,India,openalex_ror,India,9,openalex,True
22112789,2011,United States,openalex_ror,United States,35,openalex,True
22108129,2011,Unknown,no_affiliation,,1,openalex,True
22108116,2011,United States,openalex_ror,United States,2,openalex,True
22108111,2011,Turkey,openalex_ror,Turkey,17,openalex,True
22108110,2011,China,openalex_ror,China,66,openalex,True
22107064,2011,United Kingdom,openalex_ror,United Kingdom,46,openalex,True
22105798,2011,Hong Kong,openalex_ror,Hong Kong,13,openalex,True
22094961,2012,China,openalex_ror,China,3,openalex,True
22082751,2011,United States,openalex_ror,United States,15,openalex,True
22081153,2012,Spain,openalex_ror,Spain,9,openalex,True
22081147,2012,Italy,openalex_ror,Italy,35,openalex,True
22074467,2011,Canada,openalex_ror,Canada,60,openalex,True
22074465,2011,United States,openalex_ror,United States,0,openalex,True
22074464,2011,South Korea,openalex_ror,South Korea,50,openalex,True
22069357,2011,Egypt,openalex_ror,Egypt,8,openalex,True
22047900,2011,Unknown,no_affiliation,,6,openalex,True
22045577,2011,United States,openalex_ror,United States,11,openalex,True
22045575,2011,United States,affil_country_name,United States,10,openalex,True
22045574,2011,Spain,openalex_ror,Spain,17,openalex,True
22045389,2012,United States,openalex_ror,United States,16,openalex,True
22041483,2011,China,openalex_ror,China,1,openalex,True
22041482,2011,China,openalex_ror,China,2,openalex,True
22041481,2011,China,openalex_ror,China,4,openalex,True
22041480,2011,China,openalex_ror,China,1,openalex,True
22041479,2011,China,openalex_ror,China,2,openalex,True
22034570,2011,United States,affil_country_name,United States,7,openalex,True
22034561,2011,United States,openalex_ror,United States,16,openalex,True
22034553,2011,United States,openalex_ror,United States,38,openalex,True
22033124,2011,Switzerland,affil_country_name,Switzerland,38,openalex,True
22029948,2011,France,openalex_ror,France,0,openalex,True
22029369,2011,United States,openalex_ror,United States,17,openalex,True
22023071,2011,Spain,openalex_ror,Spain,17,openalex,True
22019833,2011,United States,openalex_ror,United States,7,openalex,True
22018373,2011,Unknown,no_affiliation,,0,openalex,True
22018362,2011,Japan,affil_country_name,Japan,31,openalex,True
22018361,2011,Spain,openalex_ror,Spain,22,openalex,True
22015040,2011,Germany,openalex_ror,Germany,25,openalex,True
22011487,2011,Turkey,openalex_ror,Turkey,19,openalex,True
22003117,2011,United States,affil_country_name,United States,206,openalex,True
21996515,2011,Greece,openalex_ror,Greece,13,openalex,True
21993470,2012,United States,openalex_ror,United States,99,openalex,True
21993460,2011,Spain,openalex_ror,Spain,17,openalex,True
21993455,2012,United States,openalex_ror,United States,13,openalex,True
21985667,2011,United States,openalex_ror,United States,17,openalex,True
21983549,2011,Spain,affil_country_name,Spain,46,openalex,True
21983249,2011,United States,openalex_ror,United States,18,openalex,True
21978610,2011,France,openalex_ror,France,63,openalex,True
21974725,2011,Norway,openalex_ror,Norway,46,openalex,True
21972450,2011,United States,affil_country_name,United States,5,openalex,True
21969298,2011,Spain,affil_country_name,Spain,181,openalex,True
21966202,2011,United States,openalex_ror,United States,25,openalex,True
21966184,2011,United States,openalex_ror,United States,27,openalex,True
21959372,2011,Argentina,openalex_ror,Argentina,14,openalex,True
21952499,2011,China,openalex_ror,China,7,openalex,True
21950695,2011,Japan,openalex_ror,Japan,15,openalex,True
21946784,2011,China,openalex_ror,China,51,openalex,True
21944730,2011,United States,affil_country_name,United States,1,openalex,True
21941173,2012,United States,openalex_ror,United States,23,openalex,True
21912229,2011,Japan,openalex_ror,Japan,20,openalex,True
21933674,2011,United States,openalex_ror,United States,30,openalex,True
21930050,2011,Unknown,no_affiliation,,7,openalex,True
21930049,2011,Australia,openalex_ror,Australia,10,openalex,True
21930046,2011,Germany,openalex_ror,Germany,25,openalex,True
21930043,2011,United States,openalex_ror,United States,3,openalex,True
21928261,2012,China,openalex_ror,China,7,openalex,True
21926568,2011,Finland,openalex_ror,Finland,11,openalex,True
21921979,2011,Saudi Arabia,openalex_ror,Saudi Arabia,38,openalex,True
21918431,2011,Iran,openalex_ror,Iran,6,openalex,True
21914270,2011,China,openalex_ror,China,3,openalex,True
21914142,2011,Denmark,openalex_ror,Denmark,12,openalex,True
21913632,2011,United Kingdom,openalex_ror,United Kingdom,9,openalex,True
21913631,2011,Germany,affil_country_name,Germany,40,openalex,True
21913630,2011,Iran,openalex_ror,Iran,13,openalex,True
21912236,2011,Germany,openalex_ror,Germany,31,openalex,True
21909873,2011,Germany,openalex_ror,Germany,21,openalex,True
21909869,2011,Germany,openalex_ror,Germany,31,openalex,True
21899241,2011,Unknown,no_affiliation,,16,openalex,True
21887081,2011,Iran,openalex_ror,Iran,3,openalex,True
21887080,2011,Saudi Arabia,openalex_ror,Saudi Arabia,4,openalex,True
21887078,2011,Saudi Arabia,openalex_ror,Saudi Arabia,8,openalex,True
21877678,2011,Iran,openalex_ror,Iran,19,openalex,True
21876587,2011,Nepal,openalex_ror,Nepal,3,openalex,True
21873926,2011,Spain,openalex_ror,Spain,14,openalex,True
21871603,2011,United States,openalex_ror,United States,21,openalex,True
21871602,2011,Spain,openalex_ror,Spain,37,openalex,True
21865199,2011,United Kingdom,openalex_ror,United Kingdom,2,openalex,True
21865006,2011,Spain,affil_country_name,Spain,48,openalex,True
21864828,2011,Spain,affil_country_name,Spain,20,openalex,True
21855785,2011,Unknown,no_affiliation,,1,openalex,True
21855773,2011,Unknown,no_authors,,,,False
21855770,2011,Spain,openalex_ror,Spain,14,openalex,True
21855763,2011,India,affil_country_name,India,117,openalex,True
21853962,2011,Turkey,affil_country_name,Turkey,14,openalex,True
21853960,2011,United States,openalex_ror,United States,31,openalex,True
21852069,2011,Singapore,openalex_ror,Singapore,10,openalex,True
21852068,2011,Italy,openalex_ror,Italy,173,openalex,True
21852067,2011,Iran,openalex_ror,Iran,20,openalex,True
21851919,2011,Spain,openalex_ror,Spain,7,openalex,True
21850608,2011,Unknown,affil_unresolved,Switzerland,2,openalex,True
21840682,2011,United States,openalex_ror,United States,21,openalex,True
21840679,2011,United States,openalex_ror,United States,3,openalex,True
21840678,2011,Lebanon,openalex_ror,Lebanon,148,openalex,True
21838521,2011,Italy,openalex_ror,Italy,5,openalex,True
21834925,2011,Unknown,no_affiliation,,8,openalex,True
21822133,2011,United States,openalex_ror,United States,23,openalex,True
21819705,2011,China,openalex_ror,China,23,openalex,True
21815606,2011,Japan,affil_country_name,Japan,7,openalex,True
21815595,2011,Unknown,no_affiliation,,5,openalex,True
21813095,2011,Italy,openalex_ror,Italy,1,openalex,True
21811668,2011,Iran,openalex_ror,Iran,63,openalex,True
21808877,2011,Brazil,openalex_ror,Brazil,47,openalex,True
21800785,2011,Brazil,openalex_ror,Brazil,357,openalex,True
21798407,2011,Spain,affil_country_name,Spain,3,openalex,True
21797693,2011,United Kingdom,openalex_ror,United Kingdom,22,openalex,True
21794846,2011,Greece,openalex_ror,Greece,113,openalex,True
21791596,2011,Italy,openalex_ror,Italy,11,openalex,True
21786270,2012,Italy,openalex_ror,Italy,24,openalex,True
21782383,2011,Italy,openalex_ror,Italy,27,openalex,True
21782101,2011,Canada,openalex_ror,Canada,8,openalex,True
21782093,2011,Italy,openalex_ror,Italy,55,openalex,True
21782089,2011,United Kingdom,openalex_ror,United Kingdom,31,openalex,True
21779664,2011,Brazil,openalex_ror,Brazil,5,openalex,True
21752590,2011,Spain,openalex_ror,Spain,68,openalex,True
21752589,2011,Belgium,openalex_ror,Belgium,30,openalex,True
21751765,2011,Greece,openalex_ror,Greece,28,openalex,True
21751742,2011,Argentina,openalex_ror,Argentina|Slovakia,0,openalex,True
21751067,2011,China,openalex_ror,China,1,openalex,True
21746982,2011,United States,openalex_ror,United States,7,openalex,True
21739930,2011,China,openalex_ror,China,48,openalex,True
21734483,2011,Germany,openalex_ror,Germany,22,openalex,True
21726847,2011,France,openalex_ror,France,40,openalex,True
21720417,2011,Australia,openalex_ror,Australia,44,openalex,True
21718413,2011,Singapore,openalex_ror,Singapore,21,openalex,True
21718405,2012,Greece,openalex_ror,Greece,9,openalex,True
27024119,2011,Unknown,unresolved,,0,openalex,True
23960942,2011,Saudi Arabia,openalex_ror,Saudi Arabia,5,openalex,True
23960936,2011,United Arab Emirates,openalex_ror,United Arab Emirates,12,openalex,True
23960931,2011,Saudi Arabia,openalex_ror,Saudi Arabia,10,openalex,True
23960929,2011,Saudi Arabia,openalex_ror,Saudi Arabia,24,openalex,True
23960926,2011,Saudi Arabia,openalex_ror,Saudi Arabia,0,openalex,True
21717177,2011,Japan,openalex_ror,Japan,10,openalex,True
21710952,2011,Japan,openalex_ror,Japan,11,openalex,True
21708087,2011,United Arab Emirates,openalex_ror,United Arab Emirates,12,openalex,True
21700117,2011,Unknown,unresolved,,0,openalex,True
21700106,2011,Spain,openalex_ror,Spain,36,openalex,True
21700105,2011,United States,openalex_ror,United States,180,openalex,True
21697714,2011,South Korea,openalex_ror,South Korea,8,openalex,True
21695608,2011,Germany,openalex_ror,Germany,15,openalex,True
21694596,2011,Spain,openalex_ror,Spain,29,openalex,True
21686324,2011,Singapore,openalex_ror,Singapore,20,openalex,True
21684109,2011,United States,openalex_ror,United States,66,openalex,True
21683336,2011,India,openalex_ror,India,13,openalex,True
21676909,2011,Australia,openalex_ror,Australia,58,openalex,True
21676493,2011,France,openalex_ror,France,18,openalex,True
21675845,2011,China,openalex_ror,China,4,openalex,True
21669405,2011,United States,openalex_ror,United States,26,openalex,True
21668786,2011,Taiwan,openalex_ror,Taiwan,8,openalex,True
21667463,2011,Spain,openalex_ror,Spain,8,openalex,True
21666521,2011,Spain,openalex_ror,Spain,6,openalex,True
21666330,2011,Unknown,no_affiliation,,0,openalex,True
21666312,2011,India,openalex_ror,India,8,openalex,True
21666235,2011,Singapore,openalex_ror,Singapore,125,openalex,True
21657826,2011,Turkey,openalex_ror,Turkey,32,openalex,True
21655048,2011,South Korea,openalex_ror,South Korea,8,openalex,True
21654513,2012,Sweden,openalex_ror,Sweden,16,openalex,True
21640792,2011,China,openalex_ror,China,16,openalex,True
21640271,2011,Unknown,no_affiliation,,0,openalex,True
21623593,2012,Germany,openalex_ror,Germany,17,openalex,True
21616213,2011,Unknown,no_affiliation,,2,openalex,True
21615763,2011,Spain,openalex_ror,Spain,17,openalex,True
21611768,2011,United States,openalex_ror,United States,0,openalex,True
21609623,2011,China,openalex_ror,China,3,openalex,True
21602731,2011,China,openalex_ror,China,53,openalex,True
21598428,2011,Egypt,openalex_ror,Egypt,37,openalex,True
21596260,2011,United States,openalex_ror,United States,9,openalex,True
21596257,2011,Philippines,openalex_ror,Philippines,9,openalex,True
21596254,2011,United States,openalex_ror,United States,97,openalex,True
21596253,2011,United States,openalex_ror,United States,11,openalex,True
21596252,2011,Spain,openalex_ror,Spain,53,openalex,True
21584259,2011,China,openalex_ror,China,4,openalex,True
21573091,2011,United States,openalex_ror,United States,48,openalex,True
21570249,2011,Turkey,affil_country_name,Turkey,121,openalex,True
21569564,2011,United States,openalex_ror,United States,27,openalex,True
21563732,2011,Spain,openalex_ror,Spain,12,openalex,True
21563731,2011,Spain,openalex_ror,Spain,11,openalex,True
21563730,2011,Spain,affil_country_name,Spain,16,openalex,True
21553755,2011,United States,openalex_ror,United States,9,openalex,True
21552127,2011,United States,openalex_ror,United States,36,openalex,True
21552126,2011,United States,openalex_ror,United States,33,openalex,True
21552125,2011,United States,openalex_ror,United States,16,openalex,True
21550119,2011,United States,openalex_ror,United States,51,openalex,True
21549559,2011,France,openalex_ror,France,18,openalex,True
21540634,2011,Germany,openalex_ror,Germany,51,openalex,True
21537188,2011,United States,openalex_ror,United States,41,openalex,True
21537186,2011,Canada,openalex_ror,Canada,88,openalex,True
21537183,2011,Hong Kong,openalex_ror,Hong Kong,106,openalex,True
21537181,2011,United States,affil_country_name,United States,46,openalex,True
21534496,2011,Egypt,openalex_ror,Egypt,65,openalex,True
21533273,2011,United States,openalex_ror,United States,29,openalex,True
21524637,2011,United States,affil_country_name,United States,0,openalex,True
21524023,2011,Italy,openalex_ror,Italy,18,openalex,True
21511156,2011,Canada,openalex_ror,Canada,18,openalex,True
21507378,2011,Spain,openalex_ror,Spain,56,openalex,True
21505525,2010,United States,openalex_ror,United States,28,openalex,True
21499165,2011,China,openalex_ror,China,11,openalex,True
21497047,2011,Australia,affil_country_name_over_openalex,Australia,48,openalex,True
21484301,2011,Germany,affil_country_name,Germany,0,openalex,True
21476312,2011,Japan,openalex_ror,Japan,3,openalex,True
21470391,2011,Finland,openalex_ror,Finland,11,openalex,True
21465289,2011,Germany,openalex_ror,Germany,38,openalex,True
21464701,2011,United States,openalex_ror,United States,4,openalex,True
21455078,2011,India,openalex_ror,India,11,openalex,True
23960918,2010,Saudi Arabia,openalex_ror,Saudi Arabia,10,openalex,True
21446641,2011,Germany,affil_country_name,Germany,27,openalex,True
21435830,2011,Japan,openalex_ror,Japan,38,openalex,True
21426846,2011,China,openalex_ror,China,0,openalex,True
21425756,2011,Spain,openalex_ror,Spain,42,openalex,True
21420605,2011,Greece,openalex_ror,Greece,10,openalex,True
21420604,2011,United States,affil_country_name,United States,11,openalex,True
21420594,2011,United States,openalex_ror,United States,239,openalex,True
21420591,2011,United Arab Emirates,openalex_ror,United Arab Emirates,33,openalex,True
21420588,2011,United States,openalex_ror,United States,30,openalex,True
21420586,2011,Iran,openalex_ror,Iran,37,openalex,True
21418959,2011,China,openalex_ror,China,1,openalex,True
21418923,2011,China,openalex_ror,China,8,openalex,True
21411183,2011,France,affil_country_name,France,9,openalex,True
21410091,2011,United States,openalex_ror,United States,13,openalex,True
21410084,2010,United Kingdom,openalex_ror,United Kingdom,21,openalex,True
21410083,2010,Canada,openalex_ror,Canada,42,openalex,True
21406326,2011,United Kingdom,openalex_ror,United Kingdom,26,openalex,True
21406325,2011,United States,openalex_ror,United States,42,openalex,True
21399769,2011,Greece,openalex_ror,Greece,56,openalex,True
21394993,2010,Unknown,no_affiliation,,5,openalex,True
21394978,2010,Czechia,openalex_ror,Czechia,1,openalex,True
21394974,2010,Unknown,no_affiliation,,0,openalex,True
21394022,2011,United States,affil_country_name,United States,17,openalex,True
21393051,2011,Greece,affil_country_name,Greece,33,openalex,True
21388707,2011,France,affil_country_name,France,6,openalex,True
21386916,2011,Japan,affil_country_name,Japan,14,openalex,True
21386914,2011,Italy,openalex_ror,Italy,20,openalex,True
21386913,2011,Brazil,openalex_ror,Brazil,9,openalex,True
21383580,2011,Unknown,no_affiliation,,8,openalex,True
21383579,2011,Unknown,no_affiliation,,46,openalex,True
21383578,2011,Unknown,no_affiliation,,5,openalex,True
21383577,2011,Unknown,no_affiliation,,186,openalex,True
21383576,2011,Unknown,no_affiliation,,1,openalex,True
21372018,2011,Germany,openalex_ror,Germany,20,openalex,True
21369253,2011,United States,openalex_ror,United States,7,openalex,True
21366208,2011,Unknown,no_affiliation,,6,openalex,True
21366172,2011,Mexico,openalex_ror,Mexico,43,openalex,True
21366171,2011,United States,affil_country_name,United States,7,openalex,True
21366170,2011,Spain,affil_country_name,Spain,3,openalex,True
21359550,2011,Switzerland,openalex_ror,Switzerland,27,openalex,True
21357404,2011,Taiwan,openalex_ror,Taiwan,15,openalex,True
21350688,2011,South Korea,openalex_ror,South Korea,14,openalex,True
21340208,2010,Brazil,openalex_ror,Brazil,94,openalex,True
21336737,2011,China,openalex_ror,China,4,openalex,True
21335110,2011,Unknown,no_affiliation,,,,False
21333887,2011,Unknown,unresolved,,0,openalex,True
21333883,2011,Australia,openalex_ror,Australia,23,openalex,True
21333882,2011,United Kingdom,openalex_ror,United Kingdom,12,openalex,True
21333879,2011,India,openalex_ror,India,33,openalex,True
21333877,2011,Singapore,openalex_ror,Singapore,37,openalex,True
21333876,2011,Singapore,openalex_ror,Singapore,9,openalex,True
21323300,2011,Brazil,openalex_ror,Brazil,8,openalex,True
21323240,2011,Spain,openalex_ror,Spain,23,openalex,True
21323235,2011,Unknown,no_affiliation,,1,openalex,True
21319378,2011,China,openalex_ror,China,1,openalex,True
21311205,2011,Germany,openalex_ror,Germany,50,openalex,True
21310916,2011,China,openalex_ror,China,14,openalex,True
21304290,2011,United States,affil_country_name,United States,,,False
21302708,2010,Croatia,openalex_ror,Croatia,18,openalex,True
21293497,2011,Germany,openalex_ror,Germany,5,openalex,True
21292114,2011,Unknown,no_affiliation,,0,openalex,True
30657289,2011,Spain,affil_country_name,Germany|Spain,,,False
21277461,2010,Spain,affil_country_name,Spain,2,openalex,True
21270673,2011,Spain,openalex_ror,Spain,5,openalex,True
21266022,2011,Germany,openalex_ror,Germany,14,openalex,True
21263561,2011,France,openalex_ror,France,17,openalex,True
21262562,2011,United States,openalex_ror,United States,13,openalex,True
21262561,2011,Philippines,openalex_ror,Philippines,9,openalex,True
21258562,2010,France,openalex_ror,France,3,openalex,True
21251797,2011,Germany,openalex_ror,Germany,12,openalex,True
21251502,2011,Unknown,no_affiliation,,0,openalex,True
21243975,2011,Germany,affil_country_name,Germany,19,openalex,True
21243973,2011,United States,openalex_ror,United States,42,openalex,True
21243972,2011,China,openalex_ror,China,37,openalex,True
21243373,2011,Spain,openalex_ror,Spain,22,openalex,True
21242786,2011,South Korea,openalex_ror,South Korea,24,openalex,True
21242785,2011,Spain,openalex_ror,Spain,69,openalex,True
21242784,2011,Italy,openalex_ror,Italy,43,openalex,True
21241930,2011,Unknown,no_affiliation,,8,openalex,True
21241926,2011,Germany,openalex_ror,Germany,61,openalex,True
21241923,2011,Netherlands,affil_country_name,Netherlands,2,openalex,True
21241922,2011,United States,openalex_ror,United States,26,openalex,True
21241921,2011,United Kingdom,openalex_ror,United Kingdom,13,openalex,True
21241920,2011,South Korea,openalex_ror,South Korea,84,openalex,True
21241918,2011,Canada,openalex_ror,Canada,23,openalex,True
21241913,2011,Italy,openalex_ror,Italy,101,openalex,True
21241911,2011,Netherlands,openalex_ror,Netherlands,9,openalex,True
21240858,2011,China,openalex_ror,China,10,openalex,True
21240524,2011,Germany,openalex_ror,Germany,85,openalex,True
21226998,2010,China,openalex_ror,China,3,openalex,True
21211294,2010,China,openalex_ror,China,1,openalex,True
21211225,2010,China,openalex_ror,China,1,openalex,True
22606476,2011,United States,openalex_ror,United States,0,openalex,True
22606465,2011,United States,openalex_ror,United States,12,openalex,True
22553670,2011,China,openalex_ror,China,23,openalex,True
22553661,2011,China,openalex_ror,China,0,openalex,True
22454700,2011,Iran,openalex_ror,Iran,20,openalex,True
22384660,2011,Unknown,affil_unresolved,,2,openalex,True
21192334,2011,Unknown,no_affiliation,,0,openalex,True
21188960,2010,Germany,openalex_ror,Germany,81,openalex,True
21186892,2011,United States,openalex_ror,United States,86,openalex,True
21186483,2010,China,openalex_ror,China,0,openalex,True
21185225,2010,United Kingdom,openalex_ror,United Kingdom,135,openalex,True
21183117,2011,Unknown,unresolved,,0,openalex,True
21183111,2011,United Kingdom,openalex_ror,United Kingdom,27,openalex,True
21183109,2011,China,openalex_ror,China,14,openalex,True
21183108,2011,India,affil_country_name,India,586,openalex,True
21180437,2010,Egypt,affil_country_name_over_openalex,Egypt,28,openalex,True
21178693,2011,Unknown,no_affiliation,,0,openalex,True
21174595,2011,South Korea,openalex_ror,South Korea,8,openalex,True
21166032,2010,China,openalex_ror,China,2,openalex,True
21162491,2010,Unknown,no_affiliation,,2,openalex,True
21162473,2010,France,openalex_ror,France,11,openalex,True
21157666,2010,Germany,openalex_ror,Germany,47,openalex,True
21151332,2010,Greece,openalex_ror,Greece,5,openalex,True
21140365,2011,Japan,affil_country_name,Japan,8,openalex,True
21131054,2010,Canada,openalex_ror,Canada,142,openalex,True
21121544,2010,Unknown,no_affiliation,,0,openalex,True
21120795,2010,Germany,openalex_ror,Germany,1,openalex,True
21117595,2010,United States,openalex_ror,United States,29,openalex,True
21117582,2010,Turkey,openalex_ror,Turkey,7,openalex,True
21117541,2010,China,openalex_ror,China,43,openalex,True
21117540,2010,United Kingdom,openalex_ror,United Kingdom,21,openalex,True
21117539,2010,Greece,openalex_ror,Greece,199,openalex,True
21113441,2010,Turkey,openalex_ror,Turkey,10,openalex,True
21111326,2010,Unknown,no_affiliation,,8,openalex,True
21111316,2010,Italy,openalex_ror,Italy,39,openalex,True
21111315,2010,United States,openalex_ror,United States,95,openalex,True
21111314,2010,United States,openalex_ror,United States,291,openalex,True
21109229,2010,Brazil,openalex_ror,Brazil,42,openalex,True
21108166,2010,Germany,openalex_ror,Germany,12,openalex,True
21108164,2010,Germany,openalex_ror,Germany,12,openalex,True
21103879,2011,Germany,openalex_ror,Germany,1,openalex,True
21099408,2011,Taiwan,openalex_ror,Taiwan,55,openalex,True
21093922,2010,United States,openalex_ror,United States,74,openalex,True
21093214,2010,Spain,openalex_ror,Spain,1,openalex,True
21091009,2010,United States,openalex_ror,United States,43,openalex,True
21071742,2011,United States,openalex_ror,United States,125,openalex,True
21067894,2010,Finland,openalex_ror,Finland,0,openalex,True
21060042,2010,United States,openalex_ror,United States,80,openalex,True
21055197,2010,China,openalex_ror,China,2,openalex,True
21054996,2010,China,openalex_ror,China,0,openalex,True
21051709,2011,Italy,openalex_ror,Italy,18,openalex,True
21051694,2011,United Arab Emirates,openalex_ror,United Arab Emirates,59,openalex,True
21045679,2011,Iran,openalex_ror,Iran,6,openalex,True
21045666,2011,United States,openalex_ror,United States,29,openalex,True
21045659,2011,United States,openalex_ror,United States,54,openalex,True
21045644,2011,Italy,openalex_ror,Italy,9,openalex,True
21043303,2010,United States,openalex_ror,United States,6,openalex,True
21029927,2010,Unknown,no_affiliation,,3,openalex,True
21029926,2010,Unknown,no_affiliation,,2,openalex,True
21029909,2010,France,openalex_ror,France,13,openalex,True
21029904,2010,Spain,openalex_ror,Spain,38,openalex,True
21029903,2010,Spain,openalex_ror,Spain,42,openalex,True
21029902,2010,United States,openalex_ror,United States,149,openalex,True
21029901,2010,Netherlands,openalex_ror,Netherlands,10,openalex,True
21029900,2010,United States,openalex_ror,United States,35,openalex,True
21029886,2010,United States,openalex_ror,United States,34,openalex,True
20973902,2011,Germany,openalex_ror,Germany,2,openalex,True
20962355,2010,Spain,openalex_ror,Spain,1,openalex,True
20954683,2010,United States,openalex_ror,United States,34,openalex,True
20954680,2010,Switzerland,affil_country_name,Switzerland,29,openalex,True
20954679,2010,United States,openalex_ror,United States,137,openalex,True
20954678,2010,United States,affil_country_name,United States,10,openalex,True
20954677,2010,United States,affil_country_name,United States,15,openalex,True
20954676,2010,United States,affil_country_name,United States,18,openalex,True
20954675,2010,United States,openalex_ror,United States,28,openalex,True
20954593,2010,Germany,openalex_ror,Germany,19,openalex,True
20954581,2010,United Kingdom,openalex_ror,United Kingdom,56,openalex,True
20951976,2010,Germany,openalex_ror,Germany,2,openalex,True
20944933,2010,Brazil,openalex_ror,Brazil,4,openalex,True
20941142,2010,China,openalex_ror,China,15,openalex,True
20938008,2010,United States,openalex_ror,United States,27,openalex,True
20930584,2010,United States,openalex_ror,United States,6,openalex,True
20926022,2010,China,openalex_ror,China,4,openalex,True
20922530,2011,Germany,openalex_ror,Germany,18,openalex,True
20922035,2010,Japan,openalex_ror,Japan,4,openalex,True
23960891,2010,Saudi Arabia,openalex_ror,Saudi Arabia,3,openalex,True
22737373,2010,Iran,openalex_ror,Iran,0,openalex,True
22737365,2010,Iran,openalex_ror,Iran,36,openalex,True
20880314,2010,Spain,openalex_ror,Spain,31,openalex,True
20873706,2010,United States,openalex_ror,United States,13,openalex,True
20873691,2010,Turkey,openalex_ror,Turkey,5,openalex,True
20871473,2010,Iran,openalex_ror,Iran,26,openalex,True
20871471,2010,United States,openalex_ror,United States,8,openalex,True
20870127,2010,United Kingdom,openalex_ror,United Kingdom,22,openalex,True
20870126,2010,Greece,openalex_ror,Greece,50,openalex,True
20870122,2010,United States,affil_country_name,United States,51,openalex,True
20870121,2010,Iran,openalex_ror,Iran,12,openalex,True
20870118,2010,France,openalex_ror,France,56,openalex,True
20870117,2010,Australia,openalex_ror,Australia,59,openalex,True
20869117,2011,United States,openalex_ror,United States,102,openalex,True
20864895,2010,India,openalex_ror,India,1,openalex,True
20853263,2011,Greece,openalex_ror,Greece,8,openalex,True
20853115,2010,China,openalex_ror,China,1,openalex,True
20847657,2010,United States,openalex_ror,United States,56,openalex,True
20839767,2010,Unknown,no_affiliation,,1,openalex,True
20839670,2010,Germany,affil_country_name,Germany,6,openalex,True
20839665,2010,Iran,openalex_ror,Iran,46,openalex,True
20839663,2010,Spain,openalex_ror,Spain,54,openalex,True
20830177,2010,Brazil,openalex_ror,Brazil,10,openalex,True
20829313,2010,United Kingdom,openalex_ror,United Kingdom,1,openalex,True
20820198,2010,United States,affil_country_name,United States,20,openalex,True
20815096,2010,Saudi Arabia,openalex_ror,Saudi Arabia,19,openalex,True
20813752,2010,Germany,openalex_ror,Germany,58,openalex,True
20806741,2010,Taiwan,openalex_ror,Taiwan,5,openalex,True
20802317,2011,Spain,openalex_ror,Spain,4,openalex,True
20795862,2010,Hungary,openalex_ror,Hungary,1,openalex,True
20733029,2010,India,openalex_ror,India,2,openalex,True
20728413,2010,United States,openalex_ror,United States,2,openalex,True
20724857,2010,United States,openalex_ror,United States,20,openalex,True
20724852,2010,South Korea,openalex_ror,South Korea,33,openalex,True
20712970,2010,United States,openalex_ror,United States,151,openalex,True
20712967,2010,Unknown,no_affiliation,,1,openalex,True
20709406,2010,China,openalex_ror,China,49,openalex,True
20706970,2010,Germany,openalex_ror,Germany,7,openalex,True
20697276,2010,South Korea,openalex_ror,South Korea,7,openalex,True
20694728,2010,Germany,openalex_ror,Germany,25,openalex,True
20692643,2010,Japan,openalex_ror,Japan,22,openalex,True
20692582,2010,Unknown,no_affiliation,,0,openalex,True
20692575,2010,United States,openalex_ror,United States,20,openalex,True
20692573,2010,Lithuania,openalex_ror,Lithuania,16,openalex,True
20692569,2010,United States,openalex_ror,United States,7,openalex,True
20692568,2010,Iran,openalex_ror,Iran,22,openalex,True
20692556,2010,United States,openalex_ror,United States,168,openalex,True
20692555,2010,Italy,openalex_ror,Italy,51,openalex,True
20691417,2010,Spain,affil_country_name,Spain,5,openalex,True
20689795,2010,Japan,affil_country_name,Japan,8,openalex,True
20689736,2010,Japan,openalex_ror,Japan,8,openalex,True
20679077,2010,Germany,openalex_ror,Germany,90,openalex,True
20677731,2010,United States,affil_country_name,United States,31,openalex,True
20677729,2010,United States,openalex_ror,United States,59,openalex,True
20677727,2010,China,openalex_ror,China,9,openalex,True
20677726,2010,India,openalex_ror,India,16,openalex,True
20677725,2010,Italy,openalex_ror,Italy,6,openalex,True
20676669,2010,United Kingdom,openalex_ror,United Kingdom,22,openalex,True
20674084,2010,France,openalex_ror,France,4,openalex,True
20672773,2010,India,openalex_ror,India,34,openalex,True
20672772,2010,Hungary,openalex_ror,Hungary,68,openalex,True
20672771,2010,United States,openalex_ror,United States,22,openalex,True
20672768,2010,Japan,openalex_ror,Japan,4,openalex,True
20672764,2010,Italy,openalex_ror,Italy,20,openalex,True
20672763,2010,Spain,openalex_ror,Spain,16,openalex,True
20665985,2010,Australia,openalex_ror,Australia,51,openalex,True
20656184,2010,Unknown,no_affiliation,,0,openalex,True
20656164,2010,Germany,openalex_ror,Germany,15,openalex,True
20656158,2010,United States,openalex_ror,United States,6,openalex,True
20656157,2010,United States,affil_country_name,United States,66,openalex,True
20644900,2010,South Korea,openalex_ror,South Korea,37,openalex,True
20635817,2010,Unknown,no_affiliation,,4,openalex,True
20634934,2010,Spain,affil_country_name,Spain,9,openalex,True
20628299,2010,Brazil,openalex_ror,Brazil,31,openalex,True
20615007,2010,Taiwan,openalex_ror,Taiwan,2,openalex,True
20611028,2010,United States,affil_country_name,United States,20,openalex,True
20610113,2010,Unknown,no_affiliation,,3,openalex,True
20610097,2010,Italy,affil_country_name,Italy,64,openalex,True
20610094,2010,Iran,openalex_ror,Iran,18,openalex,True
20610090,2010,Australia,openalex_ror,Australia,15,openalex,True
20610081,2010,United States,openalex_ror,United States,0,openalex,True
20606026,2010,Italy,openalex_ror,Italy,19,openalex,True
20603114,2010,United States,openalex_ror,United States,57,openalex,True
20602327,2011,United Kingdom,openalex_ror,United Kingdom,24,openalex,True
20601879,2010,United States,openalex_ror,United States,19,openalex,True
20601878,2010,United States,openalex_ror,United States,16,openalex,True
20601657,2010,Germany,openalex_ror,Germany,809,openalex,True
20596140,2010,Spain,openalex_ror,Spain,3,openalex,True
20595894,2010,Japan,openalex_ror,Japan,33,openalex,True
23960881,2010,Egypt,openalex_ror,Egypt,10,openalex,True
22737357,2010,Iran,openalex_ror,Iran,2,openalex,True
22737349,2010,South Korea,openalex_ror,South Korea,28,openalex,True
20584709,2010,Egypt,openalex_ror,Egypt,87,openalex,True
20577756,2010,Greece,openalex_ror,Greece,34,openalex,True
20577755,2010,Greece,affil_country_name,Greece,5,openalex,True
20577085,2010,United Kingdom,imputed_affil_country_over_openalex,Hong Kong,2,openalex,True
20572509,2010,Poland,openalex_ror,Poland,0,openalex,True
20570239,2010,Spain,affil_country_name_over_openalex,Spain,11,openalex,True
20568101,2011,United States,openalex_ror,United States,15,openalex,True
20563365,2010,Yemen,openalex_ror,Yemen,2,openalex,True
20560170,2010,Hong Kong,openalex_ror,Hong Kong,18,openalex,True
20557559,2010,Taiwan,openalex_ror,Taiwan,1,openalex,True
20554609,2010,France,openalex_ror,France,320,openalex,True
20549047,2010,Brazil,openalex_ror,Brazil,5,openalex,True
20548207,2010,United States,openalex_ror,United States,0,openalex,True
20544676,2010,Spain,openalex_ror,Spain,10,openalex,True
20543939,2010,United States,openalex_ror,United States,16,openalex,True
20543938,2010,United States,openalex_ror,United States,16,openalex,True
20543937,2010,United States,openalex_ror,United States,17,openalex,True
20543933,2010,Unknown,affil_unresolved,Brazil|Greece|Serbia,45,openalex,True
20542487,2010,Spain,affil_country_name,Spain,70,openalex,True
20540469,2010,United States,openalex_ror,United States,27,openalex,True
20540468,2010,United States,openalex_ror,United States,7,openalex,True
20540467,2010,United States,openalex_ror,United States,8,openalex,True
20540466,2010,Greece,openalex_ror,Greece,5,openalex,True
20539002,2010,United States,openalex_ror,United States,50,openalex,True
20536060,2010,Unknown,no_affiliation,,0,openalex,True
20534929,2010,India,openalex_ror,India,29,openalex,True
20534921,2010,India,openalex_ror,India,29,openalex,True
20532139,2010,South Korea,openalex_ror,South Korea,8,openalex,True
20531192,2010,United States,openalex_ror,United States,47,openalex,True
20530185,2010,India,openalex_ror,Hong Kong|India,0,openalex,True
20517417,2010,Spain,openalex_ror,Spain,10,openalex,True
20508509,2010,South Korea,openalex_ror,South Korea,3,openalex,True
20508504,2010,Australia,openalex_ror,Australia,6,openalex,True
20506993,2010,United States,openalex_ror,United States,30,openalex,True
20506992,2010,United States,openalex_ror,United States,14,openalex,True
20506990,2010,France,openalex_ror,France,50,openalex,True
20506988,2010,United States,affil_country_name,United States,17,openalex,True
20505838,2010,Egypt,openalex_ror,Egypt,13,openalex,True
20505205,2010,United Kingdom,openalex_ror,United Kingdom,413,openalex,True
20496308,2010,Germany,openalex_ror,Germany,0,openalex,True
20494781,2010,Germany,openalex_ror,Germany,18,openalex,True
20494779,2010,Netherlands,openalex_ror,Netherlands,46,openalex,True
20494778,2010,France,openalex_ror,France,27,openalex,True
20494777,2010,United States,openalex_ror,United States,134,openalex,True
20494773,2010,United Kingdom,affil_country_name,United Kingdom,30,openalex,True
20494771,2010,Brazil,affil_country_name,Brazil,23,openalex,True
20494767,2010,India,openalex_ror,India,79,openalex,True
20494766,2010,United States,openalex_ror,United States,47,openalex,True
20493467,2010,Italy,openalex_ror,Italy,9,openalex,True
20491804,2010,Iran,openalex_ror,Iran,26,openalex,True
20489623,2010,United States,openalex_ror,United States,55,openalex,True
20489622,2010,United States,openalex_ror,United States,25,openalex,True
20489597,2010,Italy,openalex_ror,Italy,20,openalex,True
20489596,2010,Unknown,no_affiliation,,7,openalex,True
20488432,2010,Portugal,openalex_ror,Portugal,46,openalex,True
20481413,2010,India,openalex_ror,India,9,openalex,True
20481412,2010,Brazil,affil_country_name,Brazil,163,openalex,True
20481411,2010,Unknown,no_affiliation,,31,openalex,True
20481410,2010,Unknown,no_affiliation,,30,openalex,True
20467320,2010,United States,openalex_ror,United States,8,openalex,True
20467314,2010,United States,openalex_ror,United States,38,openalex,True
20464757,2010,United Kingdom,openalex_ror,United Kingdom,11,openalex,True
20464118,2010,Brazil,openalex_ror,Brazil,5,openalex,True
20463316,2010,Greece,openalex_ror,Greece,63,openalex,True
20459907,2010,Unknown,affil_unresolved,,0,openalex,True
20458222,2010,United States,openalex_ror,United States,15,openalex,True
20458216,2010,India,openalex_ror,India,15,openalex,True
20457395,2010,Unknown,no_affiliation,,7,openalex,True
20457388,2010,Unknown,unresolved,,1,openalex,True
20457380,2010,United States,openalex_ror,United States,26,openalex,True
20457379,2010,United Kingdom,openalex_ror,United Kingdom,9,openalex,True
20457374,2010,United States,openalex_ror,United States,7,openalex,True
20457365,2010,United States,affil_country_name,United States,64,openalex,True
20456254,2010,Israel,openalex_ror,Israel,46,openalex,True
20453696,2010,Spain,openalex_ror,Spain,15,openalex,True
20450663,2010,China,openalex_ror,China,3,openalex,True
20450662,2010,China,openalex_ror,China,2,openalex,True
20450661,2010,Unknown,no_affiliation,,0,openalex,True
20449603,2010,China,openalex_ror,China,16,openalex,True
20438023,2010,Oman,affil_country_name,Oman,12,openalex,True
20438018,2010,Unknown,no_affiliation,,24,openalex,True
20436548,2010,China,openalex_ror,China,11,openalex,True
20431312,2010,South Korea,openalex_ror,South Korea,12,openalex,True
20429496,2010,Unknown,no_affiliation,United States,8,openalex,True
20417632,2010,United States,openalex_ror,United States,110,openalex,True
20415324,2010,China,openalex_ror,China,41,openalex,True
20415323,2010,United States,openalex_ror,United States,14,openalex,True
20415292,2010,United Kingdom,openalex_ror,United Kingdom,5,openalex,True
20415288,2010,Germany,openalex_ror,Germany,7,openalex,True
20415286,2010,Israel,openalex_ror,Israel,12,openalex,True
20415285,2010,Unknown,no_affiliation,,10,openalex,True
20411061,2010,Albania,openalex_ror,Albania,3,openalex,True
20408084,2010,Switzerland,openalex_ror,Switzerland,5,openalex,True
20404996,2009,Lebanon,affil_country_name,Lebanon,0,openalex,True
20401567,2010,Egypt,imputed_affil_country_over_openalex,Japan,10,openalex,True
20398108,2010,New Zealand,openalex_ror,New Zealand,75,openalex,True
20398107,2010,Ireland,affil_country_name,Ireland,38,openalex,True
20398106,2010,United Kingdom,openalex_ror,United Kingdom,55,openalex,True
20398105,2010,Spain,openalex_ror,Spain,211,openalex,True
20393726,2010,Germany,openalex_ror,Germany,2,openalex,True
20393112,2010,Singapore,openalex_ror,Singapore,78,openalex,True
20389253,2010,Spain,openalex_ror,Spain,13,openalex,True
20386350,2010,Portugal,openalex_ror,Portugal,56,openalex,True
20385938,2010,United States,openalex_ror,United States,16,openalex,True
20383849,2010,Yemen,openalex_ror,Egypt|Yemen,17,openalex,True
20383420,2010,Yemen,openalex_ror,Yemen,4,openalex,True
20373894,2010,Egypt,openalex_ror,Egypt,15,openalex,True
20373879,2010,Spain,openalex_ror,Spain,17,openalex,True
20373049,2010,China,openalex_ror,China,12,openalex,True
20368062,2010,Unknown,no_affiliation,,0,openalex,True
20362883,2010,Unknown,no_affiliation,,0,openalex,True
20362857,2010,Iran,openalex_ror,Iran,29,openalex,True
20362856,2010,Hong Kong,openalex_ror,Hong Kong,19,openalex,True
20349857,2010,Spain,openalex_ror,Spain,7,openalex,True
20349856,2010,Iran,openalex_ror,Iran,36,openalex,True
20337318,2010,Turkey,openalex_ror,Turkey,1,openalex,True
20337306,2010,Unknown,no_affiliation,Greece,6,openalex,True
20335804,2010,India,openalex_ror,India,37,openalex,True
20307046,2010,South Korea,openalex_ror,South Korea,9,openalex,True
20307044,2010,Canada,openalex_ror,Canada,15,openalex,True
20300767,2010,Japan,openalex_ror,Japan,36,openalex,True
20299970,2010,South Korea,openalex_ror,South Korea,30,openalex,True
20229954,2010,India,openalex_ror,India,40,openalex,True
20229953,2010,Germany,openalex_ror,Germany,39,openalex,True
20229951,2010,Israel,affil_city_hint,Israel,18,openalex,True
20229950,2010,United States,openalex_ror,United States,11,openalex,True
20229948,2010,Spain,openalex_ror,Spain,42,openalex,True
20229947,2010,Germany,openalex_ror,Germany,78,openalex,True
20227675,2010,United States,openalex_ror,United States,64,openalex,True
20207972,2010,Germany,affil_country_name,Germany,50,openalex,True
20207960,2010,China,openalex_ror,China,50,openalex,True
20205360,2010,United Kingdom,openalex_ror,United Kingdom,126,openalex,True
20205358,2010,Germany,affil_country_name,Germany,33,openalex,True
20205357,2010,Norway,affil_country_name,Norway,15,openalex,True
20202560,2010,Unknown,unresolved,,0,openalex,True
20202551,2010,United States,openalex_ror,United States,5,openalex,True
20202548,2010,Spain,openalex_ror,Spain,15,openalex,True
20202547,2010,United Kingdom,openalex_ror,United Kingdom,20,openalex,True
20202546,2010,Netherlands,affil_country_name,Netherlands,26,openalex,True
20202545,2010,United States,openalex_ror,United States,33,openalex,True
20202544,2010,Germany,openalex_ror,Germany,9,openalex,True
20202543,2010,Belgium,affil_country_name,Belgium,30,openalex,True
20202542,2010,United States,openalex_ror,United States,71,openalex,True
20202541,2010,Taiwan,openalex_ror,Taiwan,39,openalex,True
20199014,2010,Germany,affil_country_name,Germany,6,openalex,True
20199013,2010,United States,openalex_ror,United States,35,openalex,True
20199012,2010,United Kingdom,openalex_ror,United Kingdom,49,openalex,True
20199009,2010,Spain,openalex_ror,Spain,9,openalex,True
20199008,2010,Germany,openalex_ror,Germany,34,openalex,True
20199007,2010,Finland,affil_country_name,Finland,32,openalex,True
20180330,2009,Iran,openalex_ror,Iran,2,openalex,True
20166627,2010,United States,openalex_ror,United States,114,openalex,True
20166625,2010,France,affil_country_name,France,7,openalex,True
20166624,2010,United States,openalex_ror,United States,43,openalex,True
20166623,2010,South Korea,openalex_ror,South Korea,12,openalex,True
20166620,2010,Hong Kong,openalex_ror,Hong Kong,13,openalex,True
20166618,2010,Oman,affil_country_name,Oman,4,openalex,True
20164761,2010,India,openalex_ror,India,12,openalex,True
20164743,2010,United States,openalex_ror,United States,1,openalex,True
20163867,2010,United States,openalex_ror,United States,49,openalex,True
20163079,2010,Norway,openalex_ror,Norway,142,openalex,True
20163075,2010,United Kingdom,openalex_ror,United Kingdom,87,openalex,True
20163074,2010,China,openalex_ror,China,36,openalex,True
20163073,2010,Oman,affil_country_name,Oman,37,openalex,True
20153899,2010,Singapore,openalex_ror,Singapore,143,openalex,True
20152647,2010,Unknown,no_affiliation,,6,openalex,True
20152639,2010,Unknown,no_affiliation,,3,openalex,True
20152619,2010,United States,affil_country_name,United States,15,openalex,True
20152618,2010,United States,openalex_ror,United States,6,openalex,True
20152608,2010,United Kingdom,openalex_ror,United Kingdom,38,openalex,True
20152607,2010,Canada,openalex_ror,Canada,21,openalex,True
20152597,2010,United States,openalex_ror,United States,4,openalex,True
20145544,2010,China,openalex_ror,China,19,openalex,True
20142960,2009,Oman,affil_country_name,Oman,28,openalex,True
20140622,2010,Egypt,openalex_ror,Egypt,25,openalex,True
20139292,2010,United States,openalex_ror,United States,31,openalex,True
20137619,2009,China,openalex_ror,China,1,openalex,True
20137455,2009,China,openalex_ror,China,0,openalex,True
20137454,2009,China,openalex_ror,China,1,openalex,True
20137453,2009,China,openalex_ror,China,0,openalex,True
20130899,2010,Germany,openalex_ror,Germany,161,openalex,True
20128534,2010,United Kingdom,openalex_ror,United Kingdom,21,openalex,True
20128529,2010,United States,openalex_ror,United States,19,openalex,True
20117733,2010,Unknown,no_affiliation,,0,openalex,True
20117731,2010,Unknown,no_affiliation,,1,openalex,True
20117729,2010,Unknown,no_affiliation,,,,False
20117724,2010,Unknown,unresolved,,1,openalex,True
20117723,2010,Hong Kong,openalex_ror,Hong Kong,8,openalex,True
20117712,2010,Spain,openalex_ror,Spain,54,openalex,True
20117711,2010,United States,affil_country_name,United States,77,openalex,True
20117710,2010,China,openalex_ror,China,32,openalex,True
20117709,2010,Italy,openalex_ror,Italy,23,openalex,True
20117708,2010,United States,openalex_ror,United States,12,openalex,True
20108192,2009,Germany,openalex_ror,Germany,9,openalex,True
20108190,2009,Germany,affil_city_hint,Germany,1,openalex,True
20102346,2010,Denmark,openalex_ror,Denmark,19,openalex,True
20098318,2010,United States,openalex_ror,United States,15,openalex,True
20098302,2010,United States,openalex_ror,United States,48,openalex,True
20095518,2009,Serbia,openalex_ror,Serbia,6,openalex,True
20092310,2010,South Korea,openalex_ror,South Korea,34,openalex,True
20091452,2010,Germany,openalex_ror,Germany,4,openalex,True
20074288,2010,Ireland,openalex_ror,Ireland,20,openalex,True
20072786,2010,Greece,openalex_ror,Greece,21,openalex,True
20070279,2010,Ireland,affil_country_name,Ireland,13,openalex,True
20063497,2010,Unknown,unresolved,,0,openalex,True
20059267,2009,Poland,openalex_ror,Poland,8,openalex,True
20057306,2010,United States,openalex_ror,United States,5,openalex,True
20056475,2010,Australia,openalex_ror,Australia,0,openalex,True
20052962,2010,United States,openalex_ror,United States,6,openalex,True
20052820,2009,Czechia,openalex_ror,Czechia,2,openalex,True
20052819,2009,Czechia,openalex_ror,Czechia,2,openalex,True
20049336,2009,United States,openalex_ror,United States,8,openalex,True
23960866,2010,Egypt,openalex_ror,Egypt,14,openalex,True
22624110,2010,Italy,openalex_ror,Italy,0,openalex,True
22553587,2010,China,openalex_ror,China,5,openalex,True
22553546,2010,Iran,openalex_ror,Iran,3,openalex,True
22553534,2010,China,openalex_ror,China,2,openalex,True
20042662,2009,France,openalex_ror,France,130,openalex,True
20042646,2009,United States,openalex_ror,United States,23,openalex,True
20040463,2009,Taiwan,openalex_ror,Taiwan,20,openalex,True
20029491,2009,Canada,openalex_ror,Canada,29,openalex,True
20027991,2009,South Korea,openalex_ror,South Korea,40,openalex,True
20027990,2009,United States,openalex_ror,United States,18,openalex,True
20027989,2010,Greece,openalex_ror,Greece,15,openalex,True
20027988,2009,Israel,openalex_ror,Israel,16,openalex,True
20027987,2009,Unknown,affil_unresolved,,15,openalex,True
20027411,2009,Brazil,openalex_ror,Brazil,4,openalex,True
20024559,2010,Germany,openalex_ror,Germany,16,openalex,True
20023584,2010,Greece,openalex_ror,Greece,26,openalex,True
20023574,2010,United States,openalex_ror,United States,0,openalex,True
20021249,2010,China,openalex_ror,China,9,openalex,True
20009941,2010,Egypt,openalex_ror,Egypt,4,openalex,True
20007829,2009,Belgium,openalex_ror,Belgium,22,openalex,True
20006909,2009,Spain,affil_country_name,Spain,95,openalex,True
20001263,2009,United Kingdom,openalex_ror,United Kingdom,3,openalex,True
20000293,2009,United States,openalex_ror,United States,3,openalex,True
20000291,2009,United States,openalex_ror,United States,17,openalex,True
20000290,2009,South Korea,openalex_ror,South Korea,25,openalex,True
20000289,2009,Oman,affil_country_name,Oman,14,openalex,True
20000288,2009,Iran,openalex_ror,Iran,11,openalex,True
20000287,2009,Brazil,openalex_ror,Brazil,28,openalex,True
20000285,2009,Unknown,no_affiliation,,1,openalex,True
20000131,2009,United States,openalex_ror,United States,0,openalex,True
19996749,2010,United States,openalex_ror,United States,11,openalex,True
19996393,2009,Unknown,no_affiliation,,9,openalex,True
19969224,2009,South Korea,openalex_ror,South Korea,7,openalex,True
19969215,2009,Greece,openalex_ror,Greece,55,openalex,True
19969213,2009,United States,openalex_ror,United States,79,openalex,True
19958121,2009,India,openalex_ror,India,2,openalex,True
19957686,2009,China,openalex_ror,China,0,openalex,True
19957685,2009,China,openalex_ror,China,1,openalex,True
19957684,2009,China,openalex_ror,China,1,openalex,True
19957683,2009,China,openalex_ror,China,2,openalex,True
19955194,2009,South Korea,openalex_ror,South Korea,15,openalex,True
19954372,2009,Greece,openalex_ror,Greece,7,openalex,True
19948562,2009,Ireland,openalex_ror,Ireland,24,openalex,True
19943416,2009,Unknown,unresolved,,0,openalex,True
19939795,2009,United States,openalex_ror,United States,63,openalex,True
19928698,2009,United Kingdom,openalex_ror,United Kingdom,59,openalex,True
19928697,2010,United Kingdom,openalex_ror,United Kingdom,148,openalex,True
19928696,2010,Brazil,openalex_ror,Brazil,9,openalex,True
19928693,2009,Italy,openalex_ror,Italy,4,openalex,True
19924671,2010,Italy,openalex_ror,Italy,2,openalex,True
19924667,2010,Germany,openalex_ror,Germany,4,openalex,True
19921773,2009,United States,openalex_ror,United States,54,openalex,True
19921767,2009,Oman,affil_country_name,Oman,42,openalex,True
19921766,2009,United Kingdom,affil_country_name,United Kingdom,18,openalex,True
19921765,2009,United States,openalex_ror,United States,59,openalex,True
19848379,2009,Iran,openalex_ror,Iran,13,openalex,True
19848376,2009,Japan,affil_country_name,Japan,44,openalex,True
19848374,2009,Egypt,openalex_ror,Egypt,3,openalex,True
19848373,2009,United States,affil_country_name,United States,14,openalex,True
19848372,2009,Oman,affil_country_name,Oman,7,openalex,True
19848371,2009,Saudi Arabia,openalex_ror,Saudi Arabia,6,openalex,True
19848370,2009,Saudi Arabia,openalex_ror,Saudi Arabia,10,openalex,True
19848369,2009,Unknown,no_affiliation,,0,openalex,True
19848368,2009,Unknown,no_affiliation,,0,openalex,True
19907310,2010,Japan,openalex_ror,Japan,9,openalex,True
19907025,2009,France,openalex_ror,France,140,openalex,True
19901206,2009,United States,openalex_ror,United States,82,openalex,True
19900211,2009,Finland,openalex_ror,Finland,3,openalex,True
19898662,2009,Germany,openalex_ror,Germany,12,openalex,True
19896632,2009,India,openalex_ror,India,22,openalex,True
19894669,2010,Russia,openalex_ror,Russia,29,openalex,True
19894668,2010,Spain,openalex_ror,Spain,53,openalex,True
19892869,2009,United States,openalex_ror,United States,40,openalex,True
19889831,2009,Brazil,openalex_ror,Brazil,58,openalex,True
19883856,2009,Unknown,no_affiliation,,1,openalex,True
19883852,2009,Unknown,affil_unresolved,,264,openalex,True
19882587,2009,China,affil_country_name,China,25,openalex,True
19882536,2010,Germany,openalex_ror,Germany,5,openalex,True
19881336,2009,China,openalex_ror,China,15,openalex,True
19878839,2009,United States,openalex_ror,United States,4,openalex,True
19878838,2009,Spain,affil_country_name,Spain,14,openalex,True
19878818,2009,Italy,openalex_ror,Italy,9,openalex,True
19878817,2009,Japan,openalex_ror,Japan,25,openalex,True
19878816,2009,United States,openalex_ror,United States,16,openalex,True
19877375,2009,Unknown,unresolved,,0,openalex,True
19877374,2009,Unknown,unresolved,,0,openalex,True
19854742,2009,Unknown,no_affiliation,,0,openalex,True
19847598,2009,Japan,openalex_ror,Japan,7,openalex,True
19844310,2009,Spain,affil_country_name,Spain,16,openalex,True
19835330,2009,United States,openalex_ror,United States,31,openalex,True
19835328,2009,United States,affil_country_name,United States,121,openalex,True
19835327,2009,United States,openalex_ror,United States,83,openalex,True
19835326,2009,United States,openalex_ror,United States,122,openalex,True
19835325,2009,Germany,openalex_ror,Germany,77,openalex,True
19835324,2009,Colombia,affil_country_name,Colombia,78,openalex,True
19835321,2009,United States,openalex_ror,United States,9,openalex,True
19830639,2009,Germany,openalex_ror,Germany,2,openalex,True
19824439,2009,Unknown,no_affiliation,,1,openalex,True
19820793,2009,Brazil,openalex_ror,Brazil,5,openalex,True
19820780,2009,Brazil,openalex_ror,Brazil,24,openalex,True
19810663,2010,Brazil,openalex_ror,Brazil,25,openalex,True
19810662,2010,Switzerland,affil_country_name,Switzerland,28,openalex,True
19794938,2009,South Korea,openalex_ror,South Korea,21,openalex,True
23960863,2009,Saudi Arabia,openalex_ror,Saudi Arabia,12,openalex,True
23960858,2009,Saudi Arabia,openalex_ror,Saudi Arabia,36,openalex,True
19789661,2009,Japan,openalex_ror,Japan,8,openalex,True
19787592,2009,Germany,openalex_ror,Germany,2,openalex,True
19787591,2009,Greece,openalex_ror,Greece,9,openalex,True
19787590,2009,Turkey,openalex_ror,Turkey,15,openalex,True
19786958,2009,Spain,openalex_ror,Spain,14,openalex,True
19781686,2009,Spain,affil_country_name,Spain,9,openalex,True
19781685,2009,Netherlands,openalex_ror,Netherlands,189,openalex,True
19781482,2009,Unknown,affil_unresolved,Netherlands,6,openalex,True
19781478,2009,Switzerland,openalex_ror,Switzerland,14,openalex,True
19781476,2009,Unknown,affil_unresolved,Spain,60,openalex,True
19781475,2009,United States,openalex_ror,United States,99,openalex,True
19781472,2009,United States,openalex_ror,United States,159,openalex,True
19781470,2009,Spain,openalex_ror,Spain,44,openalex,True
19777246,2010,Germany,openalex_ror,Germany,24,openalex,True
19777244,2010,Germany,openalex_ror,Germany,5,openalex,True
19772267,2009,Taiwan,openalex_ror,Taiwan,5,openalex,True
19772264,2009,Turkey,openalex_ror,Turkey,8,openalex,True
19772257,2009,Greece,openalex_ror,Greece,320,openalex,True
19772256,2009,Greece,openalex_ror,Greece,198,openalex,True
19772221,2010,Italy,openalex_ror,Italy,125,openalex,True
19763753,2009,South Korea,openalex_ror,South Korea,7,openalex,True
19747592,2009,United States,affil_country_name,United States,,,False
19741718,2008,United States,affil_country_name,United States,32,openalex,True
19733500,2009,India,openalex_ror,India,5,openalex,True
19730093,2009,United States,openalex_ror,United States,10,openalex,True
19726432,2009,South Korea,openalex_ror,South Korea,30,openalex,True
19724218,2009,Spain,openalex_ror,Spain,13,openalex,True
19724209,2009,South Korea,openalex_ror,South Korea,36,openalex,True
19715268,2010,Switzerland,openalex_ror,Switzerland,5,openalex,True
19715265,2009,Venezuela,openalex_ror,Venezuela,17,openalex,True
19715264,2010,Ireland,affil_country_name,Ireland,21,openalex,True
19714799,2009,United States,openalex_ror,United States,13,openalex,True
19714797,2009,United States,affil_country_name,United States,4,openalex,True
19714795,2009,Italy,openalex_ror,Italy,53,openalex,True
19714794,2009,Oman,affil_country_name,Oman,29,openalex,True
19714793,2009,Spain,openalex_ror,Spain,60,openalex,True
19705542,2009,United Kingdom,affil_country_name,United Kingdom,14,openalex,True
19705541,2009,United Kingdom,affil_country_name,United Kingdom,59,openalex,True
19705540,2009,United States,affil_country_name,United States,2,openalex,True
19705539,2009,United Kingdom,affil_country_name,United Kingdom,2,openalex,True
19705536,2009,United States,affil_country_name,United States,39,openalex,True
19705535,2009,United States,affil_country_name,United States,42,openalex,True
19703196,2009,China,openalex_ror,China|Hong Kong,0,openalex,True
19694758,2009,Portugal,openalex_ror,Portugal,69,openalex,True
19688008,2009,Spain,openalex_ror,Spain,37,openalex,True
19683180,2009,Unknown,no_affiliation,,3,openalex,True
19683179,2009,Unknown,no_affiliation,,0,openalex,True
19683176,2009,Unknown,no_affiliation,,1,openalex,True
19683172,2009,Unknown,unresolved,,0,openalex,True
19683170,2009,Unknown,no_affiliation,,4,openalex,True
19683168,2009,United States,openalex_ror,United States,24,openalex,True
19683165,2009,United States,openalex_ror,United States,16,openalex,True
19683157,2009,United States,openalex_ror,United States,21,openalex,True
19681511,2010,Japan,openalex_ror,Japan,6,openalex,True
19672809,2009,Germany,openalex_ror,Germany,2,openalex,True
19672198,2009,United States,openalex_ror,United States,29,openalex,True
19668567,2009,Japan,openalex_ror,Japan,0,openalex,True
19668456,2008,United States,openalex_ror,United States,17,openalex,True
19662920,2009,Taiwan,openalex_ror,Taiwan,5,openalex,True
19662919,2009,Spain,openalex_ror,Spain,15,openalex,True
19662916,2009,Italy,openalex_ror,Italy,26,openalex,True
19662915,2009,Spain,affil_country_name,Spain,8,openalex,True
19662913,2009,United Kingdom,openalex_ror,United Kingdom,64,openalex,True
19662912,2009,Germany,openalex_ror,Germany,43,openalex,True
19657659,2010,Germany,openalex_ror,Germany,17,openalex,True
19654530,2009,United States,affil_country_name,United States,32,openalex,True
19654520,2009,Canada,openalex_ror,Canada,22,openalex,True
19654513,2009,United States,openalex_ror,United States,36,openalex,True
19648903,2009,South Korea,openalex_ror,South Korea,4,openalex,True
19643486,2009,United States,openalex_ror,United States,17,openalex,True
19643485,2009,Spain,openalex_ror,Spain,75,openalex,True
19641338,2009,Japan,openalex_ror,Japan,29,openalex,True
19637817,2009,Unknown,unresolved,,0,openalex,True
19631151,2009,Unknown,no_affiliation,,4,openalex,True
19631133,2009,United States,openalex_ror,United States,19,openalex,True
19631121,2009,Norway,openalex_ror,Norway,33,openalex,True
19631119,2009,Philippines,openalex_ror,Philippines,26,openalex,True
19631118,2009,Germany,openalex_ror,Germany,10,openalex,True
19631117,2009,Spain,openalex_ror,Spain,15,openalex,True
19603623,2009,Italy,openalex_ror,Italy,33,openalex,True
19603620,2009,Canada,openalex_ror,Canada,44,openalex,True
19603619,2009,United States,openalex_ror,United States,84,openalex,True
19603618,2009,United Kingdom,openalex_ror,United Kingdom,33,openalex,True
19603617,2009,United States,openalex_ror,United States,21,openalex,True
19603615,2009,Unknown,no_affiliation,,2,openalex,True
19603377,2009,Germany,openalex_ror,Germany,1,openalex,True
19602143,2009,Oman,affil_country_name,Oman,37,openalex,True
19597838,2009,Germany,openalex_ror,Germany,20,openalex,True
19591682,2009,Taiwan,openalex_ror,China|Taiwan,55,openalex,True
19574911,2009,Japan,openalex_ror,Japan,113,openalex,True
19574909,2009,Iran,openalex_ror,Iran,20,openalex,True
19574707,2009,India,openalex_ror,India,5,openalex,True
19568988,2009,Spain,openalex_ror,Spain,6,openalex,True
23198065,2009,Iran,openalex_ror,Iran,4,openalex,True
23198063,2009,Iran,openalex_ror,Iran,4,openalex,True
19551668,2009,Turkey,openalex_ror,Turkey,4,openalex,True
19551667,2009,Iran,openalex_ror,Iran,18,openalex,True
19551666,2009,Italy,openalex_ror,Italy,8,openalex,True
19545828,2009,Unknown,unresolved,,0,openalex,True
19545822,2009,Greece,openalex_ror,Greece,89,openalex,True
19545817,2009,Japan,openalex_ror,Japan,7,openalex,True
19545808,2009,United States,openalex_ror,United States,49,openalex,True
19545804,2009,United Kingdom,openalex_ror,United Kingdom,5,openalex,True
19545802,2009,Spain,openalex_ror,Spain,35,openalex,True
19539836,2009,Spain,openalex_ror,Spain,119,openalex,True
19539831,2009,Germany,openalex_ror,Germany,39,openalex,True
19537363,2009,Spain,openalex_ror,Spain,78,openalex,True
19537362,2009,United States,openalex_ror,United States,48,openalex,True
19537361,2009,Unknown,no_affiliation,United States,1,openalex,True
19512911,2009,United States,openalex_ror,United States,17,openalex,True
19512890,2009,Iran,openalex_ror,Iran,4,openalex,True
19507801,2009,United States,affil_country_name,United States,6,openalex,True
19507799,2009,United States,openalex_ror,United States,55,openalex,True
19507798,2009,Italy,openalex_ror,Italy,15,openalex,True
19507797,2009,United Kingdom,openalex_ror,United Kingdom,135,openalex,True
19499795,2009,China,openalex_ror,China,2,openalex,True
19493395,2009,China,openalex_ror,China,23,openalex,True
19491684,2009,United States,openalex_ror,United States,44,openalex,True
19491682,2009,United States,openalex_ror,United States,42,openalex,True
19486798,2009,United States,openalex_ror,United States,83,openalex,True
19485288,2009,Turkey,openalex_ror,Turkey,15,openalex,True
19481138,2009,United States,openalex_ror,United States,197,openalex,True
19469012,2009,United States,openalex_ror,United States,28,openalex,True
19468742,2009,Iran,affil_country_name,Iran,9,openalex,True
19465304,2009,United States,openalex_ror,United States,10,openalex,True
19465302,2009,United States,openalex_ror,United States,12,openalex,True
19465301,2009,United States,openalex_ror,United States,3,openalex,True
19465296,2009,United States,openalex_ror,United States,1,openalex,True
19465295,2009,United States,openalex_ror,United States,44,openalex,True
19465293,2009,United States,openalex_ror,United States,60,openalex,True
19465292,2009,Mexico,openalex_ror,Mexico,154,openalex,True
19456311,2009,Finland,openalex_ror,Finland,5,openalex,True
19444288,2009,Australia,openalex_ror,Australia,12,openalex,True
19431930,2009,Germany,openalex_ror,Germany,21,openalex,True
19431925,2009,Germany,openalex_ror,Germany,65,openalex,True
19431924,2009,Germany,affil_country_name,Germany,54,openalex,True
19431923,2009,Japan,openalex_ror,Japan,18,openalex,True
19431922,2009,Unknown,no_affiliation,,1,openalex,True
19422569,2009,Greece,openalex_ror,Greece,10,openalex,True
19422559,2009,Spain,openalex_ror,Spain,11,openalex,True
19421036,2009,Singapore,openalex_ror,Singapore,21,openalex,True
19421033,2009,Israel,openalex_ror,Israel,9,openalex,True
19421019,2009,United States,openalex_ror,United States,18,openalex,True
19421013,2009,Unknown,unresolved,,0,openalex,True
19416118,2009,Finland,affil_country_name,Finland,3,openalex,True
19411970,2009,South Korea,openalex_ror,South Korea,6,openalex,True
19411963,2009,Australia,openalex_ror,Australia,4,openalex,True
19411953,2009,Brazil,affil_country_name_over_openalex,Brazil,20,openalex,True
19410962,2009,Unknown,no_affiliation,,1,openalex,True
19408863,2009,Czechia,openalex_ror,Czechia,0,openalex,True
19398912,2009,United States,openalex_ror,United States,21,openalex,True
19398909,2009,United States,openalex_ror,United States,18,openalex,True
19398908,2009,United States,openalex_ror,United States,6,openalex,True
19395038,2009,South Korea,openalex_ror,South Korea,3,openalex,True
19393899,2009,United States,openalex_ror,United States,21,openalex,True
19393895,2009,Australia,openalex_ror,Australia,60,openalex,True
19393883,2009,United States,openalex_ror,United States,54,openalex,True
19393882,2009,Saudi Arabia,openalex_ror,Saudi Arabia,23,openalex,True
19393881,2009,Portugal,openalex_ror,Portugal,48,openalex,True
19393880,2009,Spain,openalex_ror,Spain,63,openalex,True
19393873,2009,Unknown,unresolved,,1,openalex,True
19393866,2009,Italy,openalex_ror,Italy,3,openalex,True
19392855,2009,Saudi Arabia,affil_country_name,Saudi Arabia,2,openalex,True
19387244,2009,Argentina,openalex_ror,Argentina,11,openalex,True
19387232,2009,Iran,openalex_ror,Iran,48,openalex,True
19387069,2009,Spain,openalex_ror,Spain,49,openalex,True
19387066,2009,Germany,openalex_ror,Germany,14,openalex,True
19384772,2009,Switzerland,openalex_ror,Switzerland,18,openalex,True
19375059,2009,Japan,openalex_ror,Japan,121,openalex,True
19371955,2009,United States,openalex_ror,United States,26,openalex,True
19371266,2009,United States,openalex_ror,United States,8,openalex,True
19370828,2009,Finland,openalex_ror,Finland,46,openalex,True
19370827,2009,Ireland,openalex_ror,Ireland,7,openalex,True
19370826,2009,Saudi Arabia,openalex_ror,Saudi Arabia,44,openalex,True
19370825,2009,South Korea,openalex_ror,South Korea,49,openalex,True
19370823,2009,Spain,openalex_ror,Spain,36,openalex,True
19370822,2009,United States,openalex_ror,United States,100,openalex,True
19370818,2009,Unknown,no_affiliation,,1,openalex,True
19370672,2009,United States,openalex_ror,China|Greece|United Kingdom|United States,3,openalex,True
19357360,2009,Spain,openalex_ror,Spain,19,openalex,True
19351378,2009,United States,openalex_ror,United States,8,openalex,True
19344832,2009,Unknown,no_affiliation,,1,openalex,True
19344822,2009,United States,openalex_ror,United States,69,openalex,True
19344821,2009,United States,openalex_ror,United States,324,openalex,True
19344713,2009,United States,openalex_ror,United States,14,openalex,True
19342979,2009,Australia,openalex_ror,Australia,71,openalex,True
19342978,2009,Netherlands,openalex_ror,Netherlands,16,openalex,True
19338609,2009,Japan,openalex_ror,Japan,94,openalex,True
19333705,2009,South Korea,openalex_ror,South Korea,3,openalex,True
19327748,2009,United States,openalex_ror,United States,55,openalex,True
19327446,2009,Unknown,no_affiliation,,4,openalex,True
19327445,2009,United States,openalex_ror,United States,69,openalex,True
19321977,2009,Italy,openalex_ror,Italy,9,openalex,True
19321376,2009,United Kingdom,openalex_ror,United Kingdom,72,openalex,True
19320309,2009,Saudi Arabia,openalex_ror,Saudi Arabia,3,openalex,True
19306005,2009,Germany,openalex_ror,Germany,70,openalex,True
19304107,2009,United States,openalex_ror,United States,31,openalex,True
19304101,2009,United States,openalex_ror,United States,154,openalex,True
19304098,2009,Switzerland,openalex_ror,Switzerland,30,openalex,True
19304092,2009,South Korea,openalex_ror,South Korea,3,openalex,True
19304091,2009,India,affil_country_name,India,53,openalex,True
19304089,2009,Italy,affil_country_name,Italy,34,openalex,True
19304085,2009,Germany,openalex_ror,Germany,46,openalex,True
19304068,2009,Unknown,no_affiliation,,1,openalex,True
19304065,2009,Unknown,no_affiliation,,2,openalex,True
19302674,2009,China,openalex_ror,China,20,openalex,True
19285499,2009,United States,openalex_ror,United States,82,openalex,True
19285070,2009,United States,openalex_ror,United States,131,openalex,True
19266469,2009,Switzerland,openalex_ror,Switzerland,1,openalex,True
19265329,2009,Iran,openalex_ror,Iran,7,openalex,True
19264214,2009,United States,openalex_ror,United States,23,openalex,True
19253253,2009,United States,openalex_ror,United States,30,openalex,True
19253233,2009,Italy,openalex_ror,Italy,26,openalex,True
19253232,2009,Hungary,openalex_ror,Hungary,14,openalex,True
19251134,2009,Egypt,openalex_ror,Egypt,56,openalex,True
19251127,2009,Unknown,no_affiliation,,0,openalex,True
19251119,2009,Unknown,no_affiliation,,1,openalex,True
19248547,2009,Georgia (country),openalex_ror,Georgia (country),10,openalex,True
19248546,2009,France,openalex_ror,France,9,openalex,True
19248545,2009,Philippines,affil_country_name,Philippines,29,openalex,True
19248544,2009,China,openalex_ror,China,4,openalex,True
19248543,2009,Saudi Arabia,openalex_ror,Saudi Arabia,8,openalex,True
19248542,2009,Brazil,openalex_ror,Brazil,14,openalex,True
19248540,2009,Italy,openalex_ror,Italy,27,openalex,True
19248537,2009,Italy,openalex_ror,Italy,12,openalex,True
19248536,2009,Germany,affil_country_name,Germany,47,openalex,True
19248535,2009,Canada,openalex_ror,Canada,49,openalex,True
19248534,2009,Italy,openalex_ror,Italy,6,openalex,True
19248235,2009,Unknown,no_affiliation,,4,openalex,True
19244955,2009,India,openalex_ror,India,5,openalex,True
19244954,2009,Japan,openalex_ror,Japan,13,openalex,True
19244952,2009,United Kingdom,openalex_ror,United Kingdom,123,openalex,True
19244951,2009,Greece,openalex_ror,Greece,25,openalex,True
19244947,2009,Unknown,no_affiliation,,1,openalex,True
19243737,2009,Spain,affil_country_name,Spain,54,openalex,True
19241776,2009,Spain,affil_country_name,Spain,29,openalex,True
19241774,2009,Hong Kong,openalex_ror,Hong Kong,13,openalex,True
19241773,2009,United States,openalex_ror,United States,35,openalex,True
19241772,2009,United States,openalex_ror,United States,10,openalex,True
19241771,2009,United States,openalex_ror,United States,10,openalex,True
19241770,2009,Finland,openalex_ror,Finland,9,openalex,True
19241768,2009,Unknown,affil_unresolved,,25,openalex,True
19241767,2009,Unknown,no_affiliation,,4,openalex,True
19241766,2009,Unknown,no_affiliation,,2,openalex,True
19233712,2009,United Kingdom,openalex_ror,United Kingdom,73,openalex,True
29276454,2009,Canada,affil_country_name_over_openalex,Canada|Germany|United States,3,openalex,True
19218995,2009,Taiwan,openalex_ror,Taiwan,2,openalex,True
19217214,2009,India,openalex_ror,India,9,openalex,True
19212148,2009,Ireland,affil_country_name_over_openalex,Ireland,5,openalex,True
19206043,2009,Germany,openalex_ror,Germany,4,openalex,True
19205392,2008,Unknown,no_affiliation,,0,openalex,True
19200532,2009,Greece,openalex_ror,Greece,139,openalex,True
19188087,2009,Australia,openalex_ror,Australia,30,openalex,True
19187663,2008,China,openalex_ror,China,0,openalex,True
19187662,2008,China,openalex_ror,China,0,openalex,True
19187661,2008,China,openalex_ror,China,0,openalex,True
19185261,2009,Iran,openalex_ror,Iran,32,openalex,True
19185260,2009,Spain,openalex_ror,Spain,9,openalex,True
19185259,2009,Canada,openalex_ror,Canada,5,openalex,True
19185256,2009,Switzerland,affil_country_name,Switzerland,25,openalex,True
19185253,2009,United States,openalex_ror,United States,33,openalex,True
19185240,2009,United States,affil_country_name,United States,53,openalex,True
19185239,2009,United States,openalex_ror,United States,12,openalex,True
19185237,2009,Italy,openalex_ror,Italy,45,openalex,True
19185220,2009,Unknown,no_affiliation,,6,openalex,True
19184322,2009,Japan,openalex_ror,Japan,10,openalex,True
19184315,2009,Japan,openalex_ror,Japan,5,openalex,True
19176117,2008,China,openalex_ror,China,1,openalex,True
19175162,2008,China,openalex_ror,China,4,openalex,True
19173166,2009,Germany,openalex_ror,Germany,1,openalex,True
19169518,2008,Brazil,openalex_ror,Brazil,3,openalex,True
19169328,2009,Canada,openalex_ror,Canada,9,openalex,True
19168895,2009,United States,openalex_ror,United States,93,openalex,True
19158576,2009,United States,openalex_ror,United States,4,openalex,True
19158561,2009,Germany,openalex_ror,Germany,30,openalex,True
19158556,2009,Hong Kong,openalex_ror,Hong Kong,52,openalex,True
19158447,2009,South Korea,openalex_ror,South Korea,39,openalex,True
19151379,2009,Denmark,openalex_ror,Denmark,138,openalex,True
19142646,2009,Germany,openalex_ror,Germany,9,openalex,True
19136715,2009,China,openalex_ror,China,22,openalex,True
19133260,2008,United States,openalex_ror,United States,56,openalex,True
19122468,2008,Italy,openalex_ror,Italy,28,openalex,True
19118705,2009,Unknown,no_affiliation,,7,openalex,True
23861557,2009,Spain,openalex_ror,Spain,6,openalex,True
23074518,2009,Unknown,no_affiliation,,10,openalex,True
20361643,2009,Hungary,openalex_ror,Hungary,0,openalex,True
20339451,2009,China,openalex_ror,China,6,openalex,True
20339447,2009,Germany,openalex_ror,Germany,7,openalex,True
19101438,2009,United States,openalex_ror,United States,27,openalex,True
19101432,2009,Italy,openalex_ror,Italy,22,openalex,True
19101428,2009,Taiwan,openalex_ror,Taiwan,14,openalex,True
19101422,2009,Germany,openalex_ror,Germany,130,openalex,True
19101412,2009,Unknown,no_affiliation,,0,openalex,True
19092455,2008,Spain,affil_country_name,Spain,20,openalex,True
19092419,2009,Taiwan,openalex_ror,Taiwan,24,openalex,True
19092394,2009,China,openalex_ror,China,4,openalex,True
19092284,2008,Italy,openalex_ror,Italy,18,openalex,True
19089576,2008,China,openalex_ror,China,4,openalex,True
19089563,2008,Japan,openalex_ror,Japan,15,openalex,True
19087877,2008,United States,openalex_ror,United States,14,openalex,True
19085781,2008,Germany,affil_city_hint,Germany,2,openalex,True
19080342,2008,China,openalex_ror,China,16,openalex,True
19079146,2008,India,openalex_ror,India,15,openalex,True
19077825,2009,United States,openalex_ror,United States,118,openalex,True
19065977,2008,Taiwan,openalex_ror,Taiwan,10,openalex,True
19065925,2008,Romania,openalex_ror,Romania,2,openalex,True
19065235,2008,Spain,openalex_ror,Spain,34,openalex,True
19064844,2008,United States,openalex_ror,United States,49,openalex,True
19062547,2008,Unknown,no_affiliation,,1,openalex,True
19060267,2008,Spain,openalex_ror,Spain,42,openalex,True
19058779,2008,Spain,openalex_ror,Spain,45,openalex,True
19054497,2008,United Kingdom,openalex_ror,United Kingdom,17,openalex,True
19052479,2008,China,openalex_ror,China,11,openalex,True
19050464,2008,United States,openalex_ror,United States,86,openalex,True
19044238,2008,United States,openalex_ror,United States,9,openalex,True
19044237,2008,Thailand,openalex_ror,Thailand,9,openalex,True
19044235,2008,China,openalex_ror,China,38,openalex,True
19044234,2008,Turkey,affil_country_name,Turkey,30,openalex,True
19044233,2008,United States,openalex_ror,United States,16,openalex,True
19044232,2008,Brazil,openalex_ror,Brazil,15,openalex,True
19044231,2008,South Korea,openalex_ror,South Korea,33,openalex,True
19044230,2008,Israel,affil_country_name,Israel,38,openalex,True
19044229,2008,United States,affil_country_name,United States,23,openalex,True
19044228,2008,Greece,affil_country_name,Greece,15,openalex,True
19044227,2008,Hong Kong,openalex_ror,Hong Kong,24,openalex,True
19044226,2008,Germany,affil_country_name,Germany,76,openalex,True
19041475,2008,Greece,openalex_ror,Greece,40,openalex,True
19040075,2008,China,openalex_ror,China,0,openalex,True
19040074,2008,China,openalex_ror,China,1,openalex,True
19040047,2008,China,openalex_ror,China,0,openalex,True
19039458,2008,Brazil,openalex_ror,Brazil,8,openalex,True
19034125,2008,Turkey,openalex_ror,Turkey,60,openalex,True
19027580,2008,Colombia,affil_country_name,Colombia,8,openalex,True
19027563,2008,South Korea,openalex_ror,South Korea,10,openalex,True
19027562,2008,United States,openalex_ror,United States,30,openalex,True
19027561,2008,United States,affil_country_name,United States,36,openalex,True
19027559,2008,United States,openalex_ror,United States,54,openalex,True
19027558,2008,United States,openalex_ror,United States,92,openalex,True
19027544,2008,Unknown,no_affiliation,,37,openalex,True
19021362,2008,Spain,affil_country_name,Spain,9,openalex,True
19019923,2008,New Zealand,openalex_ror,New Zealand,250,openalex,True
19016809,2008,United States,openalex_ror,United States,288,openalex,True
19006739,2008,Turkey,affil_country_name,Turkey,128,openalex,True
19006735,2008,United States,openalex_ror,United States,25,openalex,True
19006734,2008,United States,openalex_ror,United States,127,openalex,True
19006733,2008,Netherlands,openalex_ror,Netherlands,13,openalex,True
19006732,2008,Germany,openalex_ror,Germany,19,openalex,True
19006731,2008,United States,affil_country_name,United States,21,openalex,True
19006729,2008,Spain,openalex_ror,Spain,54,openalex,True
19006721,2008,Unknown,unresolved,,0,openalex,True
19001213,2008,United States,openalex_ror,United States,67,openalex,True
18997541,2008,United States,openalex_ror,United States,42,openalex,True
18988156,2008,Turkey,openalex_ror,Turkey,9,openalex,True
18988155,2008,Germany,affil_country_name,Germany,19,openalex,True
18983545,2008,New Zealand,openalex_ror,New Zealand,45,openalex,True
18952913,2008,United States,openalex_ror,United States,44,openalex,True
18930447,2008,United States,openalex_ror,United States,281,openalex,True
18929166,2008,Unknown,no_affiliation,,10,openalex,True
18929165,2008,Unknown,no_affiliation,,1,openalex,True
18923814,2008,Turkey,openalex_ror,Turkey,20,openalex,True
18856243,2008,United States,openalex_ror,United States,15,openalex,True
18856242,2008,United States,openalex_ror,United States,18,openalex,True
18856241,2008,United States,openalex_ror,United States,28,openalex,True
18856238,2008,South Korea,openalex_ror,South Korea,5,openalex,True
18856235,2008,Hong Kong,openalex_ror,Hong Kong,4,openalex,True
18856234,2008,Australia,openalex_ror,Australia,91,openalex,True
18856233,2008,Turkey,openalex_ror,Turkey,10,openalex,True
18856231,2008,Norway,openalex_ror,Norway,38,openalex,True
18856230,2008,United States,affil_country_name,United States,26,openalex,True
18856229,2008,Unknown,no_affiliation,,10,openalex,True
18856228,2008,Unknown,no_affiliation,,1,openalex,True
18855281,2008,Spain,openalex_ror,Spain,4,openalex,True
18850548,2008,Italy,openalex_ror,Italy,18,openalex,True
18850547,2008,China,affil_country_name,China,10,openalex,True
18850545,2008,Turkey,openalex_ror,Turkey,15,openalex,True
18846347,2008,China,openalex_ror,China,14,openalex,True
18844019,2008,China,openalex_ror,China,0,openalex,True
18832981,2008,Australia,openalex_ror,Australia,48,openalex,True
18813078,2008,Japan,openalex_ror,Japan,80,openalex,True
18812769,2008,Spain,openalex_ror,Spain,25,openalex,True
18812140,2008,Unknown,no_affiliation,,14,openalex,True
18812139,2008,Unknown,no_affiliation,,1,openalex,True
18812137,2008,United States,openalex_ror,United States,28,openalex,True
18812130,2008,Germany,openalex_ror,Germany,7,openalex,True
18812126,2008,Ireland,openalex_ror,Ireland,17,openalex,True
18812125,2008,Spain,openalex_ror,Spain,30,openalex,True
18812124,2008,Hong Kong,openalex_ror,Hong Kong,71,openalex,True
18812123,2008,China,openalex_ror,China,35,openalex,True
18812119,2008,Japan,openalex_ror,Japan,84,openalex,True
18812114,2008,Germany,openalex_ror,Germany,265,openalex,True
18811119,2008,Turkey,openalex_ror,Turkey,96,openalex,True
18811115,2008,Finland,openalex_ror,Finland,30,openalex,True
18811114,2008,United States,openalex_ror,United States,6,openalex,True
18811109,2008,Brazil,openalex_ror,Brazil,11,openalex,True
18811108,2008,South Korea,openalex_ror,South Korea,12,openalex,True
18811107,2008,Unknown,no_affiliation,,1,openalex,True
18803126,2008,Spain,openalex_ror,Spain,2,openalex,True
18787432,2008,United States,openalex_ror,United States,1,openalex,True
18785544,2008,China,openalex_ror,China,1,openalex,True
18784443,2008,South Korea,openalex_ror,South Korea,21,openalex,True
18782946,2008,Taiwan,openalex_ror,Taiwan,29,openalex,True
18780288,2009,Italy,openalex_ror,Italy,14,openalex,True
18777878,2008,United States,openalex_ror,United States,15,openalex,True
18777038,2008,Germany,openalex_ror,Germany,22,openalex,True
18775529,2008,Ireland,openalex_ror,Ireland,38,openalex,True
18774546,2008,Spain,affil_country_name,Spain,7,openalex,True
18773260,2008,Japan,openalex_ror,Japan,29,openalex,True
18772724,2008,Spain,openalex_ror,Spain,27,openalex,True
18772720,2008,Greece,openalex_ror,Greece,13,openalex,True
18769298,2008,Turkey,openalex_ror,Turkey,21,openalex,True
18765949,2008,China,openalex_ror,China,6,openalex,True
18757469,2008,United Kingdom,openalex_ror,United Kingdom,34,openalex,True
18754248,2008,United States,affil_country_name,United States,0,openalex,True
18753800,2008,Italy,openalex_ror,Italy,13,openalex,True
18729311,2008,South Korea,openalex_ror,South Korea,4,openalex,True
18727026,2008,United States,openalex_ror,United States,32,openalex,True
18721717,2008,United States,openalex_ror,United States,7,openalex,True
18721716,2008,United States,openalex_ror,United States,22,openalex,True
18721715,2008,United States,openalex_ror,United States,20,openalex,True
18721714,2008,Japan,openalex_ror,Japan,29,openalex,True
18721712,2008,Germany,openalex_ror,Germany,336,openalex,True
18703555,2008,Israel,openalex_ror,Israel,8,openalex,True
18695100,2008,United States,openalex_ror,United States,5,openalex,True
18692245,2008,United States,openalex_ror,United States,181,openalex,True
18681372,2008,Sweden,openalex_ror,Sweden,0,openalex,True
18679453,2008,United States,affil_country_name,United States,21,openalex,True
18658090,2008,Oman,affil_country_name,Oman,132,openalex,True
18655997,2008,United States,affil_country_name,United States,15,openalex,True
18655994,2008,Germany,affil_country_name,Germany,28,openalex,True
18655981,2008,India,openalex_ror,India,25,openalex,True
18655978,2008,United States,openalex_ror,United States,46,openalex,True
18655977,2008,Turkey,openalex_ror,Turkey,11,openalex,True
18655976,2008,Germany,openalex_ror,Germany,15,openalex,True
18655975,2008,United States,openalex_ror,United States,13,openalex,True
18655974,2008,United States,openalex_ror,United States,17,openalex,True
18655973,2008,Australia,affil_country_name,Australia,50,openalex,True
18655960,2008,Unknown,no_affiliation,,6,openalex,True
18654605,2008,Unknown,no_affiliation,,0,openalex,True
18652400,2008,France,openalex_ror,France,3,openalex,True
18650675,2008,Iran,openalex_ror,Iran,17,openalex,True
18650664,2008,United States,openalex_ror,United States,20,openalex,True
18650214,2008,Finland,openalex_ror,Finland,74,openalex,True
18641817,2008,Brazil,openalex_ror,Brazil,16,openalex,True
18641581,2008,United States,affil_country_name,United States,13,openalex,True
18631329,2008,Denmark,openalex_ror,Denmark,6,openalex,True
18626378,2008,United States,openalex_ror,United States,11,openalex,True
18614136,2008,Spain,openalex_ror,Spain,29,openalex,True
18607602,2008,Germany,openalex_ror,Germany,4,openalex,True
18602858,2008,United Kingdom,openalex_ror,United Kingdom,11,openalex,True
18598819,2008,United States,openalex_ror,United States,139,openalex,True
18592975,2008,Japan,openalex_ror,Japan,15,openalex,True
18592973,2008,Unknown,no_affiliation,,3,openalex,True
18586883,2008,Spain,openalex_ror,Spain,86,openalex,True
18581795,2008,Singapore,openalex_ror,Singapore,4,openalex,True
18581793,2008,Germany,openalex_ror,Germany,9,openalex,True
18581792,2008,Italy,openalex_ror,Italy,4,openalex,True
18581791,2008,Greece,openalex_ror,Greece,8,openalex,True
18581790,2008,Brazil,openalex_ror,Brazil,18,openalex,True
18581787,2008,Singapore,openalex_ror,Singapore,6,openalex,True
18581784,2008,Brazil,openalex_ror,Brazil,23,openalex,True
18581783,2008,United States,openalex_ror,United States,34,openalex,True
18581780,2008,Unknown,no_affiliation,,0,openalex,True
18581778,2008,Unknown,no_affiliation,,6,openalex,True
18580274,2008,Unknown,no_affiliation,,,,False
18571094,2008,Switzerland,affil_country_name_over_openalex,Switzerland,82,openalex,True
18571079,2008,New Zealand,affil_country_name,New Zealand,36,openalex,True
18571077,2008,United States,openalex_ror,United States,18,openalex,True
18571073,2008,United States,openalex_ror,United States,29,openalex,True
18571072,2008,Spain,openalex_ror,Spain,46,openalex,True
18571071,2008,United States,openalex_ror,United States,49,openalex,True
18571060,2008,Unknown,no_affiliation,,11,openalex,True
18571058,2008,Unknown,no_affiliation,,1,openalex,True
18556944,2008,United States,openalex_ror,United States,7,openalex,True
18546924,2008,Belgium,openalex_ror,Belgium,1,openalex,True
18545021,2008,United States,openalex_ror,United States,27,openalex,True
18545019,2008,United States,openalex_ror,United States,35,openalex,True
18545018,2008,United States,openalex_ror,United States,75,openalex,True
18545017,2008,United States,openalex_ror,United States,49,openalex,True
18545016,2008,United States,affil_country_name,United States,47,openalex,True
18545015,2008,United States,affil_country_name,United States,42,openalex,True
18545014,2008,United States,affil_country_name,United States,43,openalex,True
18545012,2008,Unknown,no_affiliation,,5,openalex,True
18542509,2008,Canada,openalex_ror,Canada,62,openalex,True
18542485,2008,Spain,openalex_ror,Spain,95,openalex,True
18520507,2008,United States,openalex_ror,United States,38,openalex,True
18520500,2008,Turkey,openalex_ror,Turkey,55,openalex,True
18517007,2008,Japan,openalex_ror,Japan,1,openalex,True
18516422,2008,Brazil,openalex_ror,Brazil,0,openalex,True
18516131,2008,Spain,openalex_ror,Spain,26,openalex,True
18515582,2008,Taiwan,openalex_ror,Taiwan,28,openalex,True
18515581,2008,China,openalex_ror,China,29,openalex,True
18515566,2008,New Zealand,openalex_ror,New Zealand,119,openalex,True
19668724,2008,Brazil,openalex_ror,Brazil,9,openalex,True
18510249,2008,China,openalex_ror,China,0,openalex,True
18508423,2008,Taiwan,openalex_ror,Taiwan,9,openalex,True
18503791,2008,Unknown,no_affiliation,,0,openalex,True
18502995,2008,United States,openalex_ror,United States,27,openalex,True
18501329,2008,Spain,openalex_ror,Spain,60,openalex,True
18500531,2008,Germany,openalex_ror,Germany,63,openalex,True
18500100,2008,Switzerland,affil_country_name,Switzerland,40,openalex,True
18500099,2008,Canada,openalex_ror,Canada,72,openalex,True
18500098,2008,United States,affil_country_name,United States,24,openalex,True
18500097,2008,United States,affil_country_name,United States,120,openalex,True
18500096,2008,United States,openalex_ror,United States,20,openalex,True
18500095,2008,United States,openalex_ror,United States,11,openalex,True
18500094,2008,Japan,openalex_ror,Japan,14,openalex,True
18500093,2008,Brazil,openalex_ror,Brazil,24,openalex,True
18500092,2008,Spain,affil_country_name,Spain,20,openalex,True
18500091,2008,Brazil,openalex_ror,Brazil,240,openalex,True
18500090,2008,South Korea,openalex_ror,South Korea,30,openalex,True
18500089,2008,United States,openalex_ror,United States,10,openalex,True
18500088,2008,United States,openalex_ror,United States,45,openalex,True
18500087,2008,Taiwan,openalex_ror,Taiwan,12,openalex,True
18500086,2008,Ireland,openalex_ror,Ireland,53,openalex,True
18500085,2008,Hong Kong,openalex_ror,Hong Kong,41,openalex,True
18500084,2008,Singapore,openalex_ror,Singapore,20,openalex,True
18500083,2008,Spain,affil_country_name,Spain,7,openalex,True
18500082,2008,Spain,openalex_ror,Spain,27,openalex,True
18500081,2008,United States,openalex_ror,United States,42,openalex,True
18500080,2008,Brazil,openalex_ror,Brazil,47,openalex,True
18500078,2008,Unknown,no_affiliation,,12,openalex,True
18499012,2008,Japan,openalex_ror,Japan,5,openalex,True
18499004,2008,Singapore,openalex_ror,Singapore,22,openalex,True
18499003,2008,Spain,affil_country_name,Spain,7,openalex,True
18499002,2008,South Korea,openalex_ror,South Korea,24,openalex,True
18498995,2008,Greece,openalex_ror,Greece,18,openalex,True
18498994,2008,United States,openalex_ror,United States,10,openalex,True
18498993,2008,Iran,openalex_ror,Iran,98,openalex,True
18498992,2008,Hungary,openalex_ror,Hungary,20,openalex,True
18498974,2008,Unknown,no_affiliation,,14,openalex,True
18494351,2008,Spain,openalex_ror,Spain,14,openalex,True
18494349,2008,United States,openalex_ror,United States,5,openalex,True
18494348,2008,Hong Kong,openalex_ror,Hong Kong,10,openalex,True
18494346,2008,China,openalex_ror,China,20,openalex,True
18494345,2008,Spain,affil_country_name,Spain,25,openalex,True
18494342,2008,Italy,affil_country_name,Italy,82,openalex,True
18494341,2008,United Kingdom,affil_country_name,United Kingdom,26,openalex,True
18494340,2008,China,openalex_ror,China,44,openalex,True
18494339,2008,United States,openalex_ror,United States,38,openalex,True
18494338,2008,Turkey,affil_country_name,Turkey,22,openalex,True
18494337,2008,Unknown,no_affiliation,,9,openalex,True
18471650,2008,Turkey,openalex_ror,Turkey,5,openalex,True
18471648,2008,South Korea,openalex_ror,South Korea,13,openalex,True
18471647,2008,United States,openalex_ror,United States,52,openalex,True
18471644,2008,United States,openalex_ror,United States,7,openalex,True
18471637,2008,Italy,affil_country_name_over_openalex,Italy,60,openalex,True
18471633,2008,United States,openalex_ror,United States,24,openalex,True
18471619,2008,Unknown,no_affiliation,,0,openalex,True
18471615,2008,Unknown,no_affiliation,,2,openalex,True
18471610,2008,Unknown,no_affiliation,,4,openalex,True
18471609,2008,Unknown,no_affiliation,,1,openalex,True
18465711,2008,Egypt,openalex_ror,Egypt,4,openalex,True
18463424,2008,Ireland,affil_country_name_over_openalex,Ireland,5,openalex,True
18461347,2008,Germany,openalex_ror,Germany,5,openalex,True
18446357,2008,Germany,openalex_ror,Germany,8,openalex,True
18439562,2008,Germany,affil_country_name,Germany,21,openalex,True
18435333,2008,Taiwan,openalex_ror,Taiwan,16,openalex,True
18434844,2008,Italy,affil_country_name,Italy,46,openalex,True
18431582,2008,Germany,openalex_ror,Germany,3,openalex,True
18427270,2008,United States,openalex_ror,United States,6,openalex,True
18419106,2008,Czechia,affil_city_hint,Czechia,2,openalex,True
18417822,2008,India,affil_country_name,India,90,openalex,True
18416268,2008,United States,openalex_ror,United States,50,openalex,True
18416265,2008,Spain,openalex_ror,Spain,44,openalex,True
18416262,2008,Germany,openalex_ror,Germany,38,openalex,True
18413547,2008,Unknown,no_affiliation,,11,openalex,True
18412228,2008,United States,openalex_ror,United States,3,openalex,True
18408845,2008,Brazil,openalex_ror,Brazil,6,openalex,True
18408490,2008,Venezuela,affil_country_name,Venezuela,35,openalex,True
18406656,2008,United Kingdom,openalex_ror,United Kingdom,16,openalex,True
18404129,2008,France,openalex_ror,France,7,openalex,True
18404122,2008,Italy,openalex_ror,Italy,4,openalex,True
18395714,2008,United States,openalex_ror,United States,20,openalex,True
18385058,2008,Greece,openalex_ror,Greece,27,openalex,True
18382344,2008,Iran,openalex_ror,Iran,0,openalex,True
23479527,2008,Iran,openalex_ror,Iran,11,openalex,True
18362679,2008,United States,openalex_ror,United States,4,openalex,True
18362678,2008,Unknown,no_affiliation,,2,openalex,True
18362654,2008,Italy,affil_country_name,Italy,48,openalex,True
18361985,2008,United States,openalex_ror,United States,101,openalex,True
18361984,2008,France,openalex_ror,France,280,openalex,True
18361976,2008,United States,openalex_ror,United States,64,openalex,True
18361975,2008,South Korea,openalex_ror,South Korea,65,openalex,True
18361974,2008,United Kingdom,openalex_ror,United Kingdom,6,openalex,True
18361973,2008,United States,openalex_ror,United States,7,openalex,True
18349678,2008,United States,openalex_ror,United States,0,openalex,True
18343184,2008,Iran,openalex_ror,Iran,40,openalex,True
18342832,2008,Spain,affil_country_name,Spain,24,openalex,True
18332322,2008,United States,openalex_ror,United States,17,openalex,True
18331182,2008,Spain,openalex_ror,Spain,37,openalex,True
18328998,2008,United States,openalex_ror,United States,271,openalex,True
18319111,2008,Unknown,no_affiliation,,9,openalex,True
18319110,2008,Unknown,no_affiliation,,0,openalex,True
18317329,2008,New Zealand,openalex_ror,New Zealand,8,openalex,True
18311567,2008,Germany,affil_country_name,Germany,1,openalex,True
18303226,2008,Germany,openalex_ror,Germany,16,openalex,True
18303225,2008,Germany,openalex_ror,Germany,8,openalex,True
18302575,2008,United States,openalex_ror,United States,16,openalex,True
18299080,2008,France,openalex_ror,France,128,openalex,True
18299066,2008,Canada,openalex_ror,Canada,55,openalex,True
18299065,2008,Canada,openalex_ror,Canada,46,openalex,True
18299064,2008,United States,openalex_ror,United States,12,openalex,True
18299063,2008,Spain,openalex_ror,Spain,48,openalex,True
18299062,2008,India,openalex_ror,India,118,openalex,True
18299061,2008,United States,openalex_ror,United States,63,openalex,True
18299054,2008,Unknown,unresolved,,0,openalex,True
18297947,2008,United States,openalex_ror,United States,10,openalex,True
18297946,2008,Spain,affil_country_name,Spain,25,openalex,True
18297945,2008,Peru,affil_country_name,Peru,15,openalex,True
18297942,2008,Greece,openalex_ror,Greece,15,openalex,True
18297941,2008,France,openalex_ror,France,7,openalex,True
18297938,2008,Italy,openalex_ror,Italy,83,openalex,True
18297937,2008,Germany,affil_country_name,Germany,33,openalex,True
18297936,2008,United States,affil_country_name,United States,26,openalex,True
18297934,2008,Unknown,no_affiliation,,5,openalex,True
18293264,2008,Germany,openalex_ror,Germany,46,openalex,True
18292203,2008,Spain,affil_country_name,Spain,73,openalex,True
18290954,2008,New Zealand,openalex_ror,New Zealand,63,openalex,True
18272040,2008,China,openalex_ror,China,28,openalex,True
18271782,2008,Australia,openalex_ror,Australia,2,openalex,True
18269159,2008,Germany,openalex_ror,Germany,114,openalex,True
18269158,2008,Hong Kong,openalex_ror,Hong Kong,59,openalex,True
18269157,2008,United States,openalex_ror,United States,132,openalex,True
18269156,2008,United States,openalex_ror,United States,298,openalex,True
18269155,2008,United States,openalex_ror,United States,65,openalex,True
18269154,2008,United States,openalex_ror,United States,68,openalex,True
18269153,2008,Canada,openalex_ror,Canada,45,openalex,True
18269152,2008,Italy,affil_country_name,Italy,17,openalex,True
18269151,2008,United States,openalex_ror,United States,2,openalex,True
18269149,2008,Spain,openalex_ror,Spain,0,openalex,True
18269147,2008,South Korea,openalex_ror,South Korea,29,openalex,True
18269146,2008,United States,affil_country_name,United States,9,openalex,True
18269145,2008,Japan,affil_country_name,Japan,10,openalex,True
18269144,2008,Spain,openalex_ror,Spain,74,openalex,True
18269143,2008,Unknown,no_affiliation,,0,openalex,True
18243931,2008,United States,openalex_ror,United States,14,openalex,True
18268205,2008,United States,openalex_ror,United States,12,openalex,True
18245981,2008,China,openalex_ror,China,34,openalex,True
18245979,2008,France,openalex_ror,France,15,openalex,True
18245963,2008,South Korea,openalex_ror,South Korea,27,openalex,True
18243154,2008,United States,openalex_ror,United States,26,openalex,True
18242573,2008,Spain,openalex_ror,Spain,72,openalex,True
18242465,2008,Unknown,no_affiliation,,4,openalex,True
18242463,2008,United States,openalex_ror,United States,11,openalex,True
18242461,2008,New Zealand,openalex_ror,New Zealand,15,openalex,True
18242457,2008,United States,openalex_ror,United States,11,openalex,True
18242446,2008,Spain,openalex_ror,Spain,32,openalex,True
18242445,2008,United States,openalex_ror,United States,41,openalex,True
18242444,2008,Spain,openalex_ror,Spain,27,openalex,True
18242443,2008,Australia,openalex_ror,Australia,27,openalex,True
18242441,2008,United States,affil_country_name,United States,7,openalex,True
18242425,2008,Unknown,no_affiliation,,6,openalex,True
18242419,2008,Unknown,no_affiliation,,3,openalex,True
19633786,2008,Germany,openalex_ror,Germany,25,openalex,True
18226799,2008,United States,openalex_ror,United States,52,openalex,True
18225492,2008,Czechia,affil_city_hint,Czechia,2,openalex,True
18222186,2008,United States,openalex_ror,United States,2,openalex,True
18216591,2008,South Korea,openalex_ror,South Korea,7,openalex,True
18216572,2008,Italy,openalex_ror,Italy,73,openalex,True
18215799,2008,United States,openalex_ror,United States,3,openalex,True
18209559,2008,Unknown,no_affiliation,,15,openalex,True
18209558,2008,United States,openalex_ror,United States,7,openalex,True
18209557,2008,United States,affil_country_name,United States,19,openalex,True
18209556,2008,United States,openalex_ror,United States,9,openalex,True
18209555,2008,United States,openalex_ror,United States,11,openalex,True
18209554,2008,United States,openalex_ror,United States,2,openalex,True
18209553,2008,United States,affil_country_name,United States,3,openalex,True
18191654,2008,India,affil_country_name,India,113,openalex,True
18180679,2008,Turkey,openalex_ror,Turkey,22,openalex,True
18173641,2008,United States,openalex_ror,United States,25,openalex,True
18172089,2008,United States,openalex_ror,United States,114,openalex,True
25389618,2008,Brazil,openalex_ror,Brazil,1,openalex,True
23479521,2008,Iran,openalex_ror,Iran,20,openalex,True
23479518,2008,Iran,openalex_ror,Iran,9,openalex,True
19354176,2008,Romania,affil_city_hint,Romania,0,openalex,True
19277224,2008,United States,openalex_ror,United States,20,openalex,True
19105589,2008,Italy,openalex_ror,Italy,3,openalex,True
18165095,2008,United States,openalex_ror,United States,27,openalex,True
18165093,2008,South Korea,openalex_ror,South Korea,73,openalex,True
18165078,2008,United States,openalex_ror,United States,93,openalex,True
18165077,2008,Spain,openalex_ror,Spain,67,openalex,True
18165076,2008,United States,openalex_ror,United States,27,openalex,True
18154754,2008,Spain,affil_country_name,Spain,143,openalex,True
18154753,2008,Spain,affil_country_name,Spain,104,openalex,True
18154752,2008,Spain,affil_country_name,Spain,67,openalex,True
18154748,2008,United States,openalex_ror,United States,5,openalex,True
18090892,2008,United States,affil_country_name,United States,36,openalex,True
18038139,2008,Germany,openalex_ror,Germany,4,openalex,True
17896110,2008,Germany,openalex_ror,Germany,40,openalex,True
42111884,2025,India,openalex_ror,India,1,openalex,True
41994243,2025,Egypt,openalex_ror,Egypt,1,openalex,True
41855254,2025,Italy,openalex_ror,Germany|Italy,0,openalex,True
41704577,2025,France,openalex_ror,France,1,openalex,True
41694686,2025,China,openalex_ror,China,1,openalex,True
41693807,2025,Japan,openalex_ror,Japan,1,openalex,True
41675734,2025,Saudi Arabia,openalex_ror,Saudi Arabia,0,openalex,True
41608128,2025,United States,openalex_ror,United States,0,openalex,True
41608000,2025,Taiwan,openalex_ror,Taiwan,0,openalex,True
41601748,2025,United States,openalex_ror,United States,4,openalex,True
41595971,2025,China,openalex_ror,China,0,openalex,True
41583384,2025,China,openalex_ror,China,0,openalex,True
41573013,2025,Australia,openalex_ror,Australia,0,openalex,True
41522812,2025,Iran,openalex_ror,Iran,0,openalex,True
41517464,2025,Poland,affil_country_name,Poland,4,openalex,True
41488715,2025,Iran,openalex_ror,Australia|Iran,0,openalex,True
41488714,2025,Iran,openalex_ror,Iran,0,openalex,True
41488012,2025,Australia,affil_country_name,Australia,3,openalex,True
41488010,2025,United States,openalex_ror,United States,0,openalex,True
41480467,2025,United States,openalex_ror,United States,0,openalex,True
41460129,2025,India,openalex_ror,India,2,openalex,True
41460128,2025,India,openalex_ror,India,0,openalex,True
41459031,2025,Qatar,openalex_ror,Qatar,2,openalex,True
41450366,2025,United States,openalex_ror,United States,0,openalex,True
41446838,2025,China,openalex_ror,China,0,openalex,True
41444282,2025,Turkey,openalex_ror,Turkey,0,openalex,True
41436254,2025,Mexico,openalex_ror,Mexico,0,openalex,True
41432697,2025,Italy,openalex_ror,Italy,1,openalex,True
41432517,2025,Russia,openalex_ror,Russia,0,openalex,True
41432516,2025,Russia,openalex_ror,Russia,0,openalex,True
41432506,2025,Russia,openalex_ror,Russia,0,openalex,True
41427448,2025,Croatia,affil_country_name,Croatia,0,openalex,True
41425087,2025,China,openalex_ror,China,1,openalex,True
41419907,2025,China,affil_country_name,China,2,openalex,True
41411262,2025,South Korea,affil_country_name,South Korea,1,openalex,True
41409358,2025,China,openalex_ror,China,1,openalex,True
41400811,2025,Iran,openalex_ror,Iran,1,openalex,True
41389690,2025,France,openalex_ror,France,0,openalex,True
41385122,2025,China,openalex_ror,China,0,openalex,True
41384799,2025,Taiwan,openalex_ror,Taiwan,0,openalex,True
41383249,2025,China,openalex_ror,China,0,openalex,True
41382247,2025,China,openalex_ror,China,0,openalex,True
41372540,2025,China,openalex_ror,China,1,openalex,True
41370829,2025,Iran,openalex_ror,Iran|United States,0,openalex,True
41369672,2025,Spain,openalex_ror,Spain,0,openalex,True
41369670,2025,Spain,affil_country_name,Spain,2,openalex,True
41369669,2025,China,openalex_ror,China,0,openalex,True
41369661,2025,China,openalex_ror,China,2,openalex,True
41369660,2025,Spain,openalex_ror,Spain,2,openalex,True
41366754,2025,China,openalex_ror,China,3,openalex,True
41362592,2025,China,openalex_ror,China,3,openalex,True
41354188,2025,China,openalex_ror,China,1,openalex,True
41348419,2025,United Kingdom,openalex_ror,United Kingdom,0,openalex,True
41345440,2025,Taiwan,openalex_ror,Taiwan,0,openalex,True
41328826,2025,Malaysia,openalex_ror,Malaysia,0,openalex,True
41325313,2025,China,openalex_ror,China,1,openalex,True
41324117,2025,Iran,openalex_ror,Iran,0,openalex,True
41319828,2025,China,openalex_ror,China,1,openalex,True
41310534,2025,India,openalex_ror,India,0,openalex,True
41306906,2025,China,openalex_ror,China,1,openalex,True
41306347,2025,United States,openalex_ror,United States,0,openalex,True
41305740,2025,China,openalex_ror,China,0,openalex,True
41301155,2025,China,openalex_ror,China,0,openalex,True
41291246,2025,China,openalex_ror,China,0,openalex,True
41280619,2025,Taiwan,openalex_ror,China|Taiwan,0,openalex,True
41274623,2025,Spain,openalex_ror,Spain,3,openalex,True
41273408,2025,Poland,affil_country_name,China|Poland,3,openalex,True
41268241,2025,China,openalex_ror,China,1,openalex,True
41267201,2025,Austria,openalex_ror,Austria,0,openalex,True
41261702,2025,South Korea,openalex_ror,South Korea,0,openalex,True
41254894,2025,India,openalex_ror,India,0,openalex,True
41247553,2025,China,openalex_ror,China,0,openalex,True
41247472,2025,China,openalex_ror,China,0,openalex,True
41247447,2025,China,openalex_ror,China,2,openalex,True
41240241,2025,Turkey,openalex_ror,Turkey,0,openalex,True
41212966,2025,China,openalex_ror,China,0,openalex,True
41212965,2025,Canada,affil_country_name_propagated,Canada,0,openalex,True
41212964,2025,United States,openalex_ror,United States,3,openalex,True
41212958,2025,South Korea,openalex_ror,South Korea,1,openalex,True
41212957,2025,Italy,openalex_ror,Italy,1,openalex,True
41205666,2025,Iran,openalex_ror,Iran,3,openalex,True
41204130,2025,China,openalex_ror,China,1,openalex,True
41198102,2025,United States,openalex_ror,United States,0,openalex,True
41195408,2025,Japan,openalex_ror,Japan,0,openalex,True
41189791,2025,Romania,openalex_ror,Romania,0,openalex,True
41189781,2025,India,openalex_ror,India,0,openalex,True
41189774,2025,India,affil_country_name,India,0,openalex,True
41187966,2025,China,openalex_ror,China,1,openalex,True
41168723,2025,China,openalex_ror,China,0,openalex,True
41163821,2025,Saudi Arabia,openalex_ror,Saudi Arabia,0,openalex,True
41158724,2025,Switzerland,openalex_ror,Italy|Switzerland,0,openalex,True
41158178,2025,Iran,openalex_ror,Iran|New Zealand,1,openalex,True
41158161,2025,China,openalex_ror,China,0,openalex,True
41148025,2025,India,openalex_ror,India,0,openalex,True
41147948,2025,France,openalex_ror,France,2,openalex,True
41146198,2025,China,openalex_ror,China,0,openalex,True
41146077,2025,Iran,openalex_ror,Iran,0,openalex,True
41142946,2025,Chile,openalex_ror,Chile,2,openalex,True
41134277,2025,Germany,openalex_ror,France|Germany,0,openalex,True
41129167,2025,United States,openalex_ror,Spain|United States,3,openalex,True
41115939,2025,United States,openalex_ror,Germany|United States,0,openalex,True
41110583,2025,China,affil_country_name,China,3,openalex,True
41109393,2025,China,openalex_ror,China,2,openalex,True
41103827,2025,Japan,openalex_ror,Japan,4,openalex,True
41095669,2025,South Korea,affil_country_name,South Korea,2,openalex,True
41093867,2025,China,openalex_ror,China,0,openalex,True
41088682,2025,China,affil_country_name,China,0,openalex,True
41088631,2025,China,affil_country_name,China,0,openalex,True
41079506,2025,United Arab Emirates,openalex_ror,United Arab Emirates,1,openalex,True
41075913,2025,China,openalex_ror,China|Italy,1,openalex,True
41075735,2025,France,openalex_ror,France,0,openalex,True
41073324,2025,China,openalex_ror,China,0,openalex,True
41073323,2025,China,openalex_ror,China,0,openalex,True
41070079,2025,China,openalex_ror,China,2,openalex,True
41065742,2025,Switzerland,openalex_ror,India|Switzerland,3,openalex,True
41065739,2025,Australia,affil_country_name,Australia,0,openalex,True
41065738,2025,Colombia,affil_country_name,Colombia|Germany,0,openalex,True
41065733,2025,Unknown,no_affiliation,India,7,openalex,True
41065732,2025,Taiwan,openalex_ror,Taiwan,0,openalex,True
41059796,2025,China,affil_country_name,China,1,openalex,True
41059243,2025,Turkey,openalex_ror,Turkey,1,openalex,True
41052106,2025,China,openalex_ror,China,0,openalex,True
41050260,2024,Croatia,affil_country_name,Croatia,0,openalex,True
41035146,2025,Turkey,openalex_ror,Turkey,0,openalex,True
41034774,2025,China,openalex_ror,China,2,openalex,True
41029274,2025,China,openalex_ror,China,2,openalex,True
41016970,2025,United States,openalex_ror,United States,6,openalex,True
41010803,2025,Italy,openalex_ror,Italy,0,openalex,True
41005968,2025,China,openalex_ror,China,3,openalex,True
40999507,2025,China,openalex_ror,China,1,openalex,True
40994605,2025,China,openalex_ror,China,0,openalex,True
40992489,2025,China,openalex_ror,China,4,openalex,True
40989066,2025,India,affil_country_name,India,0,openalex,True
40986049,2025,Italy,openalex_ror,Italy|Latvia|Spain,2,openalex,True
40976615,2025,Indonesia,openalex_ror,Indonesia,1,openalex,True
40972742,2025,China,openalex_ror,China,1,openalex,True
40963955,2025,United States,affil_country_name,Canada|United States,3,openalex,True
40958233,2025,China,openalex_ror,China,1,openalex,True
40958129,2025,Singapore,affil_country_name,Germany|Singapore,0,openalex,True
40939641,2025,China,openalex_ror,China,6,openalex,True
40936031,2025,United States,openalex_ror,Taiwan|United States,1,openalex,True
40935225,2025,United States,openalex_ror,United States,3,openalex,True
40929568,2025,Germany,openalex_ror,Germany,0,openalex,True
40929562,2025,Finland,openalex_ror,Finland,4,openalex,True
40926937,2025,United States,openalex_ror,United States,1,openalex,True
40923618,2025,Brazil,affil_country_name_over_openalex,Brazil|United States,0,openalex,True
40923616,2025,China,openalex_ror,China,0,openalex,True
40923615,2025,China,openalex_ror,China,2,openalex,True
40923614,2025,Unknown,no_affiliation,,0,openalex,True
40923613,2025,China,openalex_ror,China,1,openalex,True
40923609,2025,Germany,openalex_ror,Germany|Lebanon,0,openalex,True
40923607,2025,China,openalex_ror,China|United Kingdom,4,openalex,True
40923606,2025,Germany,openalex_ror,Germany,5,openalex,True
40923605,2025,Italy,openalex_ror,Italy,2,openalex,True
40921752,2025,China,openalex_ror,China,0,openalex,True
40920465,2025,United Kingdom,affil_country_name,Singapore|United Kingdom,3,openalex,True
40920156,2025,Russia,openalex_ror,Russia,0,openalex,True
40917269,2025,Belgium,affil_country_name,Belgium,2,openalex,True
40900995,2025,China,openalex_ror,China,3,openalex,True
40889751,2025,Germany,openalex_ror,Germany,0,openalex,True
40887222,2025,Indonesia,openalex_ror,Indonesia,0,openalex,True
40885436,2025,China,openalex_ror,China,3,openalex,True
40877528,2025,China,openalex_ror,China,0,openalex,True
40868073,2025,Poland,openalex_ror,Poland,0,openalex,True
40880161,2025,India,openalex_ror,India,1,openalex,True
40875071,2025,Iran,openalex_ror,Iran,0,openalex,True
40855539,2025,China,affil_country_name,China,0,openalex,True
40865157,2025,China,openalex_ror,China,3,openalex,True
40864184,2025,Germany,openalex_ror,Germany,0,openalex,True
40847350,2025,China,openalex_ror,China,1,openalex,True
40840455,2025,Germany,openalex_ror,Germany,1,openalex,True
40842878,2025,China,openalex_ror,China,0,openalex,True
40842820,2025,Poland,openalex_ror,Poland,2,openalex,True
40837667,2025,China,affil_country_name,China,1,openalex,True
40837449,2025,Unknown,no_affiliation,,0,openalex,True
40831799,2025,China,openalex_ror,China,0,openalex,True
40830852,2025,China,openalex_ror,China,0,openalex,True
40830639,2025,Finland,affil_country_name,Finland,1,openalex,True
40829627,2025,Unknown,no_affiliation,,0,openalex,True
40827303,2025,Iran,openalex_ror,Iran,0,openalex,True
40826051,2025,China,openalex_ror,China,0,openalex,True
40823163,2025,United States,affil_country_name,United States,0,openalex,True
40817927,2025,Spain,affil_country_name,Spain,2,openalex,True
40807023,2025,United States,openalex_ror,United States,0,openalex,True
40806958,2025,Spain,openalex_ror,Spain,3,openalex,True
40796075,2025,United States,openalex_ror,United States,1,openalex,True
40789502,2025,China,openalex_ror,China,0,openalex,True
40786819,2025,China,affil_country_name,China,1,openalex,True
40785261,2025,China,openalex_ror,China,1,openalex,True
40781520,2025,India,openalex_ror,India,1,openalex,True
40781497,2025,China,openalex_ror,China,3,openalex,True
40779689,2025,South Korea,openalex_ror,South Korea,4,openalex,True
40778939,2025,United States,openalex_ror,United States,1,openalex,True
40778936,2025,Israel,openalex_ror,Israel,0,openalex,True
40778872,2025,Unknown,no_affiliation,Germany,2,openalex,True
40778870,2025,Taiwan,openalex_ror,Taiwan,8,openalex,True
40778869,2025,Israel,openalex_ror,Brazil|Israel,2,openalex,True
40778861,2025,Spain,openalex_ror,Spain,0,openalex,True
40766835,2025,China,openalex_ror,China,2,openalex,True
40757202,2025,China,openalex_ror,China,1,openalex,True
40752793,2025,United States,openalex_ror,United States,11,openalex,True
40747989,2025,Singapore,openalex_ror,Singapore,0,openalex,True
40745915,2025,China,openalex_ror,China,2,openalex,True
40745645,2025,China,openalex_ror,China,4,openalex,True
40737267,2025,Israel,openalex_ror,Israel,0,openalex,True
40730506,2025,Italy,openalex_ror,Italy,0,openalex,True
40725542,2025,China,openalex_ror,China,3,openalex,True
40710418,2025,Taiwan,openalex_ror,Taiwan,1,openalex,True
40704266,2025,Taiwan,openalex_ror,Taiwan|United States,0,openalex,True
40704251,2025,United States,openalex_ror,United States,0,openalex,True
40700085,2025,Germany,affil_country_name_over_openalex,Germany,0,openalex,True
40698097,2025,Romania,openalex_ror,Romania,1,openalex,True
40697325,2025,South Korea,affil_country_name,South Korea,6,openalex,True
40694076,2025,China,openalex_ror,China,1,openalex,True
40691596,2025,China,openalex_ror,China,1,openalex,True
40690961,2025,Germany,affil_country_name,Germany,0,openalex,True
40688776,2025,China,openalex_ror,China,1,openalex,True
40688735,2025,China,openalex_ror,China,0,openalex,True
40682746,2025,Brazil,openalex_ror,Brazil,2,openalex,True
40679422,2025,China,openalex_ror,China,0,openalex,True
40678733,2025,United States,openalex_ror,United States,0,openalex,True
40666777,2025,Iran,openalex_ror,Iran,0,openalex,True
40666763,2025,Saudi Arabia,openalex_ror,Saudi Arabia,2,openalex,True
40664759,2025,South Korea,openalex_ror,South Korea,9,openalex,True
40661247,2025,United States,openalex_ror,United States,9,openalex,True
40659730,2025,China,openalex_ror,China,0,openalex,True
40658632,2025,China,openalex_ror,China,0,openalex,True
40653830,2025,South Korea,openalex_ror,South Korea,1,openalex,True
40653540,2025,China,openalex_ror,China,3,openalex,True
40653255,2025,China,openalex_ror,China,14,openalex,True
40648779,2025,Spain,openalex_ror,Spain,3,openalex,True
40638060,2025,Turkey,openalex_ror,Turkey,2,openalex,True
40630851,2025,Iran,openalex_ror,Iran,1,openalex,True
40626440,2025,Unknown,no_affiliation,South Korea,2,openalex,True
40626438,2025,Unknown,no_affiliation,,1,openalex,True
40626434,2025,Unknown,no_affiliation,China,0,openalex,True
40626433,2025,India,openalex_ror,India,5,openalex,True
40626427,2025,Unknown,no_affiliation,,1,openalex,True
40625637,2025,Australia,affil_country_name,Australia,3,openalex,True
40623469,2025,Spain,affil_country_name_over_openalex,Spain,1,openalex,True
40622458,2025,Japan,openalex_ror,Japan,2,openalex,True
40607236,2025,United States,openalex_ror,United States,3,openalex,True
40601513,2025,United States,openalex_ror,United States,2,openalex,True
40601503,2025,United States,openalex_ror,United States,4,openalex,True
40597867,2025,Saudi Arabia,openalex_ror,Saudi Arabia,0,openalex,True
40597790,2025,China,openalex_ror,China,3,openalex,True
40597090,2025,China,openalex_ror,China|United States,0,openalex,True
40597045,2025,China,openalex_ror,China,5,openalex,True
40588075,2025,Hong Kong,openalex_ror,Australia|China|Denmark|Germany|Hong Kong|India|Japan|Singapore|Spain|United States,3,openalex,True
40586791,2025,Germany,openalex_ror,Germany,0,openalex,True
40580348,2025,Germany,openalex_ror,Germany,1,openalex,True
40580148,2025,Denmark,openalex_ror,Denmark,8,openalex,True
40579125,2025,China,affil_country_name,China,0,openalex,True
40578974,2025,Taiwan,openalex_ror,Taiwan,0,openalex,True
40570662,2025,Canada,openalex_ror,Canada,1,openalex,True
40567923,2025,Israel,affil_country_name,Israel,0,openalex,True
40560290,2025,Germany,openalex_ror,Germany,1,openalex,True
40557401,2024,Iran,openalex_ror,Iran,2,openalex,True
40554654,2025,Germany,openalex_ror,Germany,3,openalex,True
40553638,2025,Unknown,no_affiliation,,0,openalex,True
40547359,2025,China,openalex_ror,China,0,openalex,True
40540100,2025,Iran,openalex_ror,Iran,3,openalex,True
40537265,2025,India,openalex_ror,India,0,openalex,True
40536262,2025,Germany,openalex_ror,Germany|United Kingdom,0,openalex,True
40534800,2025,China,openalex_ror,China,0,openalex,True
40530230,2025,United States,affil_country_name,United States,1,openalex,True
40527392,2025,China,openalex_ror,China,0,openalex,True
40525849,2025,Iran,openalex_ror,Iran|United States,1,openalex,True
40520801,2025,China,openalex_ror,China,1,openalex,True
40517993,2025,Hong Kong,openalex_ror,China|Hong Kong,0,openalex,True
40513991,2025,United States,openalex_ror,United States,12,openalex,True
40512302,2025,China,openalex_ror,China,1,openalex,True
40507772,2025,Italy,openalex_ror,Italy,3,openalex,True
40506651,2025,Germany,openalex_ror,Germany|India,1,openalex,True
40494048,2025,China,openalex_ror,China,2,openalex,True
40492632,2025,Portugal,openalex_ror,Portugal,0,openalex,True
40488485,2025,Brazil,imputed_affil_country_over_openalex,United States,5,openalex,True
40488483,2025,Unknown,no_affiliation,,0,openalex,True
40488481,2025,Unknown,no_affiliation,,2,openalex,True
40482944,2025,Hong Kong,openalex_ror,China|Hong Kong,0,openalex,True
40482723,2025,Germany,openalex_ror,Germany,11,openalex,True
40474170,2025,China,affil_country_name,China,4,openalex,True
40474123,2025,China,openalex_ror,China,4,openalex,True
40472675,2025,Unknown,affil_unresolved,India,0,openalex,True
40470056,2025,China,openalex_ror,China,2,openalex,True
40469419,2025,China,openalex_ror,China,1,openalex,True
40458809,2025,New Zealand,openalex_ror,New Zealand,1,openalex,True
40458252,2025,Italy,openalex_ror,Italy,0,openalex,True
40456396,2025,China,openalex_ror,China,4,openalex,True
40451982,2025,China,openalex_ror,China,1,openalex,True
40449080,2025,Germany,openalex_ror,Germany,4,openalex,True
40445504,2025,Philippines,openalex_ror,Philippines,2,openalex,True
40427084,2025,Canada,openalex_ror,Canada,0,openalex,True
40426178,2025,China,openalex_ror,China,2,openalex,True
40421878,2025,Germany,openalex_ror,Germany,0,openalex,True
40408116,2025,China,openalex_ror,China,1,openalex,True
40401218,2025,United States,openalex_ror,United States,0,openalex,True
40398450,2025,United States,openalex_ror,United States,4,openalex,True
40398410,2025,China,openalex_ror,China,1,openalex,True
40385121,2025,China,openalex_ror,China,1,openalex,True
40385113,2025,China,openalex_ror,China,0,openalex,True
40381112,2025,Turkey,openalex_ror,Turkey,0,openalex,True
40381071,2025,Turkey,affil_country_name,Turkey,0,openalex,True
40371264,2025,China,openalex_ror,China,1,openalex,True
40353544,2025,Russia,affil_country_name,Russia,1,openalex,True
40351463,2025,China,openalex_ror,China,2,openalex,True
40340683,2025,Unknown,no_affiliation,United States,0,openalex,True
40340679,2025,Finland,openalex_ror,Finland,0,openalex,True
40340674,2025,Unknown,no_affiliation,China,3,openalex,True
40340673,2025,Unknown,no_affiliation,China,2,openalex,True
40335992,2025,China,openalex_ror,China,0,openalex,True
40330960,2025,India,affil_country_name,India,0,openalex,True
40329271,2025,Philippines,openalex_ror,Philippines,4,openalex,True
40328136,2025,Nepal,affil_country_name,Germany|Nepal,2,openalex,True
40323465,2025,China,openalex_ror,China,2,openalex,True
40323398,2025,Germany,openalex_ror,Germany,3,openalex,True
40321166,2025,Taiwan,openalex_ror,Taiwan,0,openalex,True
40320564,2025,United States,openalex_ror,United States,2,openalex,True
40319988,2025,China,openalex_ror,China,1,openalex,True
40319215,2025,Turkey,openalex_ror,Turkey,0,openalex,True
40297754,2025,New Zealand,affil_country_name,New Zealand,2,openalex,True
40297524,2025,China,openalex_ror,China,0,openalex,True
40296639,2025,Italy,openalex_ror,Italy,0,openalex,True
40295504,2025,Thailand,openalex_ror,Thailand,0,openalex,True
40291838,2025,Italy,openalex_ror,Italy,0,openalex,True
40291029,2025,China,openalex_ror,China,1,openalex,True
40287029,2025,Iran,openalex_ror,Iran,3,openalex,True
40283426,2025,Israel,openalex_ror,Israel,0,openalex,True
40281740,2025,China,openalex_ror,China,4,openalex,True
40279261,2025,United States,openalex_ror,United States,6,openalex,True
40277339,2025,United States,openalex_ror,United States,4,openalex,True
40276947,2025,China,openalex_ror,China,1,openalex,True
40265998,2025,United States,openalex_ror,United States,0,openalex,True
40258761,2025,China,openalex_ror,China,2,openalex,True
40256035,2025,China,openalex_ror,China,1,openalex,True
40252945,2025,Spain,openalex_ror,Spain,16,openalex,True
40244399,2025,China,affil_country_name,China,0,openalex,True
40243076,2025,India,openalex_ror,India,0,openalex,True
40243075,2025,Turkey,openalex_ror,Turkey,4,openalex,True
40243072,2025,India,openalex_ror,India,0,openalex,True
40243065,2025,India,affil_country_name,India,2,openalex,True
40241404,2025,Austria,openalex_ror,Austria,0,openalex,True
40233812,2025,Turkey,openalex_ror,Turkey,1,openalex,True
40231078,2025,China,openalex_ror,China,4,openalex,True
40228739,2025,Spain,affil_country_name,Spain,0,openalex,True
40227174,2025,China,openalex_ror,China,1,openalex,True
40226888,2025,Mexico,affil_country_name_over_openalex,Mexico|Peru|Spain|United States,3,openalex,True
40217732,2025,Israel,openalex_ror,Israel,1,openalex,True
40216806,2025,China,openalex_ror,China,4,openalex,True
40215757,2025,Croatia,affil_country_name,Croatia,0,openalex,True
40210829,2025,Croatia,openalex_ror,Croatia|Germany,2,openalex,True
40205533,2025,China,affil_country_name,China,0,openalex,True
40203707,2025,Russia,openalex_ror,Russia,1,openalex,True
40199570,2025,United States,openalex_ror,United States,3,openalex,True
40197080,2025,Brazil,imputed_affil_country_over_openalex,United States,8,openalex,True
40197076,2025,Unknown,no_affiliation,,2,openalex,True
40197068,2025,Unknown,no_affiliation,China,1,openalex,True
40190999,2025,Singapore,openalex_ror,Singapore,1,openalex,True
40189889,2025,China,openalex_ror,China,0,openalex,True
40178682,2025,China,openalex_ror,China,3,openalex,True
40171137,2025,China,openalex_ror,China,0,openalex,True
40167851,2025,China,openalex_ror,China,1,openalex,True
40165267,2025,Singapore,openalex_ror,Pakistan|Singapore,1,openalex,True
40159554,2025,Iran,openalex_ror,Iran,0,openalex,True
40158647,2025,China,openalex_ror,China,1,openalex,True
40155855,2025,South Korea,openalex_ror,South Korea,1,openalex,True
40148123,2025,Turkey,openalex_ror,Turkey,1,openalex,True
40146165,2025,United States,openalex_ror,Australia|United States,0,openalex,True
40144768,2025,China,affil_country_name,China,1,openalex,True
40142798,2025,Italy,openalex_ror,Italy,2,openalex,True
40142206,2025,Switzerland,affil_country_name_over_openalex,Serbia|Switzerland,0,openalex,True
40133883,2025,South Korea,openalex_ror,South Korea|United States,1,openalex,True
40132091,2025,Portugal,openalex_ror,Portugal,2,openalex,True
40127837,2025,Spain,affil_country_name,Spain,0,openalex,True
40125484,2025,Egypt,openalex_ror,Egypt,0,openalex,True
40103964,2025,China,affil_country_name,China|Netherlands|United Kingdom,0,openalex,True
40103957,2025,China,openalex_ror,China|United Kingdom,1,openalex,True
40103788,2025,China,openalex_ror,China,4,openalex,True
40102791,2025,Saudi Arabia,openalex_ror,Saudi Arabia,6,openalex,True
40102567,2025,Egypt,openalex_ror,Egypt,0,openalex,True
40102539,2025,Iran,openalex_ror,Germany|Iran,2,openalex,True
40094700,2025,United States,openalex_ror,United States,0,openalex,True
40092745,2025,Brazil,openalex_ror,Brazil,0,openalex,True
40085260,2025,China,openalex_ror,China,0,openalex,True
40078792,2025,Spain,openalex_ror,Italy|Spain,3,openalex,True
40075880,2025,Taiwan,openalex_ror,Taiwan,1,openalex,True
40075391,2025,Turkey,affil_country_name,Turkey,2,openalex,True
40069672,2025,China,openalex_ror,China,2,openalex,True
40068125,2025,China,openalex_ror,China,0,openalex,True
40067672,2025,Unknown,no_affiliation,China,1,openalex,True
40067671,2025,China,affil_country_name_propagated,China,0,openalex,True
40067670,2025,Singapore,openalex_ror,Singapore,0,openalex,True
40067669,2025,Unknown,no_affiliation,Lebanon|United States,5,openalex,True
40067668,2025,Germany,openalex_ror,Germany,18,openalex,True
40067665,2025,Unknown,no_affiliation,,1,openalex,True
40067658,2025,Australia,affil_country_name,Australia,0,openalex,True
40055637,2025,China,openalex_ror,China,2,openalex,True
40054583,2025,Taiwan,openalex_ror,Taiwan,0,openalex,True
40052286,2025,Germany,openalex_ror,Germany,2,openalex,True
40046896,2025,India,openalex_ror,India|United States,2,openalex,True
40046397,2025,Taiwan,openalex_ror,Taiwan,0,openalex,True
40045498,2025,Switzerland,affil_country_name_over_openalex,Switzerland,1,openalex,True
40044702,2025,Taiwan,openalex_ror,Taiwan,3,openalex,True
40042352,2025,Turkey,openalex_ror,Turkey,2,openalex,True
40038326,2025,China,openalex_ror,China,1,openalex,True
40035722,2025,China,openalex_ror,China,3,openalex,True
40031934,2025,China,openalex_ror,China,0,openalex,True
40023354,2025,Spain,openalex_ror,Spain,10,openalex,True
40016815,2025,China,openalex_ror,China|Hong Kong,1,openalex,True
40009249,2025,United States,openalex_ror,Iran|United States,4,openalex,True
40007272,2025,China,openalex_ror,China,5,openalex,True
40004598,2025,Italy,affil_country_name_over_openalex,Italy,2,openalex,True
40004569,2025,Poland,openalex_ror,Poland,1,openalex,True
40003656,2025,India,openalex_ror,India,1,openalex,True
40001065,2025,Pakistan,openalex_ror,Pakistan,3,openalex,True
39995743,2025,China,openalex_ror,China,3,openalex,True
41994238,2025,Saudi Arabia,affil_country_name,Saudi Arabia,0,openalex,True
39992245,2025,Singapore,openalex_ror,Singapore,2,openalex,True
39988607,2025,China,openalex_ror,China,1,openalex,True
39961450,2025,Iran,openalex_ror,Iran|United States,5,openalex,True
39960401,2025,Unknown,no_affiliation,,2,openalex,True
39959589,2023,Saudi Arabia,openalex_ror,Saudi Arabia,3,openalex,True
39952426,2025,China,openalex_ror,China|Hong Kong,3,openalex,True
39946315,2025,China,openalex_ror,China,3,openalex,True
39941542,2025,Poland,openalex_ror,Italy|Poland,5,openalex,True
39939419,2025,Switzerland,affil_country_name_over_openalex,Germany|Switzerland,1,openalex,True
39939204,2025,Germany,openalex_ror,Germany|United Kingdom,6,openalex,True
39939004,2025,China,openalex_ror,China,0,openalex,True
39938918,2025,Turkey,openalex_ror,Turkey,0,openalex,True
39937981,2025,Unknown,no_affiliation,,1,openalex,True
39937977,2025,Unknown,no_affiliation,,0,openalex,True
39937974,2025,Unknown,no_affiliation,China,3,openalex,True
39935797,2025,Vietnam,affil_country_name,Vietnam,11,openalex,True
39930352,2025,China,openalex_ror,China,4,openalex,True
39927507,2025,Unknown,no_affiliation,,0,openalex,True
39925558,2025,Saudi Arabia,openalex_ror,Saudi Arabia,1,openalex,True
39917039,2024,Saudi Arabia,openalex_ror,Saudi Arabia,3,openalex,True
39911435,2025,Germany,openalex_ror,Austria|Germany,1,openalex,True
39900802,2025,South Korea,openalex_ror,South Korea,14,openalex,True
39900646,2025,Turkey,affil_country_name,Turkey,0,openalex,True
39897142,2025,Philippines,openalex_ror,Philippines,0,openalex,True
39896888,2025,Italy,affil_country_name,Italy,0,openalex,True
39881018,2025,China,openalex_ror,China,1,openalex,True
39880672,2025,Singapore,openalex_ror,Hong Kong|Singapore|United Kingdom,12,openalex,True
39862961,2025,China,openalex_ror,China,2,openalex,True
39862292,2025,Turkey,openalex_ror,Turkey,1,openalex,True
39856569,2025,Canada,openalex_ror,Canada,1,openalex,True
39855446,2025,China,openalex_ror,China,2,openalex,True
39853271,2025,Germany,openalex_ror,Austria|Germany|Switzerland|United States,1,openalex,True
39841871,2025,United States,openalex_ror,United States,0,openalex,True
39840211,2024,Jordan,openalex_ror,Jordan|United States,0,openalex,True
39836548,2025,Nepal,affil_country_name,Germany|Nepal,2,openalex,True
39836534,2025,United States,openalex_ror,United States,2,openalex,True
39836318,2025,China,openalex_ror,China,1,openalex,True
39830041,2025,United States,affil_country_name,United States,0,openalex,True
39829621,2025,China,openalex_ror,China,0,openalex,True
39827234,2025,China,openalex_ror,China,1,openalex,True
39822075,2025,China,openalex_ror,China,1,openalex,True
39816207,2025,Iran,openalex_ror,Iran,6,openalex,True
39815836,2025,Italy,openalex_ror,Italy|Nigeria|United Kingdom,0,openalex,True
39814802,2025,China,openalex_ror,China,1,openalex,True
39811418,2024,United States,affil_country_name,United States,0,openalex,True
39805661,2025,South Korea,openalex_ror,South Korea,0,openalex,True
39795626,2025,Taiwan,openalex_ror,Taiwan,3,openalex,True
39795571,2024,Taiwan,openalex_ror,Taiwan,1,openalex,True
39792283,2025,Iran,openalex_ror,Iran|Spain|United States,4,openalex,True
39791962,2025,South Korea,affil_country_name,South Korea,3,openalex,True
39783820,2025,Czechia,openalex_ror,Czechia,2,openalex,True
39783819,2025,Unknown,no_affiliation,China,10,openalex,True
39783817,2025,Unknown,no_affiliation,India,16,openalex,True
39783811,2025,Saudi Arabia,openalex_ror,Saudi Arabia,2,openalex,True
39783809,2025,Unknown,no_affiliation,China,3,openalex,True
39762309,2025,Germany,openalex_ror,Germany,2,openalex,True
39743926,2024,Turkey,openalex_ror,Turkey,1,openalex,True
41624470,2025,Vietnam,openalex_ror,Vietnam,0,openalex,True
39737364,2024,United States,openalex_ror,United States,1,openalex,True
39735413,2024,China,openalex_ror,China,1,openalex,True
39733784,2024,China,openalex_ror,China,7,openalex,True
39731247,2024,Russia,openalex_ror,Russia,1,openalex,True
39723416,2024,Australia,affil_country_name,Australia,0,openalex,True
39720186,2024,United States,openalex_ror,United States,2,openalex,True
39697877,2024,China,openalex_ror,China,2,openalex,True
39696077,2024,China,openalex_ror,China,0,openalex,True
39694459,2024,Spain,openalex_ror,Spain,1,openalex,True
39692387,2024,Israel,openalex_ror,Israel,0,openalex,True
39691111,2024,Saudi Arabia,openalex_ror,Saudi Arabia,1,openalex,True
39687845,2024,India,openalex_ror,India,0,openalex,True
39687844,2024,China,openalex_ror,China,2,openalex,True
39685482,2024,Greece,openalex_ror,Greece,1,openalex,True
39674098,2024,Turkey,openalex_ror,Turkey,5,openalex,True
39666866,2024,Brazil,affil_country_name,Brazil,1,openalex,True
39665995,2024,Bahrain,affil_country_name_over_openalex,Bahrain|Spain,9,openalex,True
39661442,2024,United States,openalex_ror,United States,14,openalex,True
39658232,2024,Portugal,openalex_ror,Portugal,0,openalex,True
39656257,2024,Unknown,no_affiliation,Iran,2,openalex,True
39656255,2024,Unknown,no_affiliation,China,3,openalex,True
39656254,2024,Unknown,no_affiliation,China,4,openalex,True
39656252,2024,Unknown,no_affiliation,Germany,5,openalex,True
39656251,2024,Unknown,no_affiliation,,19,openalex,True
39656250,2024,Unknown,no_affiliation,Germany,2,openalex,True
39653022,2024,China,openalex_ror,China|Hong Kong,4,openalex,True
39651505,2024,Saudi Arabia,openalex_ror,Saudi Arabia,2,openalex,True
39648029,2024,China,openalex_ror,China,0,openalex,True
39641610,2025,United States,openalex_ror,United States,2,openalex,True
39635258,2024,India,affil_country_name,India,21,openalex,True
39633296,2024,China,openalex_ror,China,7,openalex,True
39632949,2024,United Kingdom,openalex_ror,Brazil|Germany|Peru|United Kingdom|United States,10,openalex,True
39621051,2024,China,openalex_ror,China,1,openalex,True
39602353,2025,Germany,openalex_ror,Germany,4,openalex,True
39600614,2024,Australia,affil_country_name,Australia,20,openalex,True
39591576,2024,Mexico,openalex_ror,Mexico,3,openalex,True
39582496,2024,Brazil,affil_country_name_over_openalex,Brazil|United States,2,openalex,True
39577672,2024,China,openalex_ror,China|Egypt|Germany|Russia|Singapore|Spain|United States,30,openalex,True
39576656,2024,China,openalex_ror,China,10,openalex,True
39575318,2024,Australia,openalex_ror,Australia,1,openalex,True
39569779,2024,Russia,openalex_ror,Russia,1,openalex,True
39555137,2024,United States,openalex_ror,United States,3,openalex,True
39554394,2024,Iran,openalex_ror,Iran,0,openalex,True
39539961,2024,China,openalex_ror,China,2,openalex,True
39539900,2024,United States,openalex_ror,United States,6,openalex,True
39533610,2024,China,openalex_ror,China,1,openalex,True
39525777,2024,China,openalex_ror,China,2,openalex,True
39530992,2024,Unknown,no_affiliation,,1,openalex,True
39530991,2024,Unknown,no_affiliation,,19,openalex,True
39530987,2024,Unknown,no_affiliation,Lebanon,14,openalex,True
39530985,2024,Israel,openalex_ror,Israel,1,openalex,True
39530980,2024,Unknown,no_affiliation,Japan,4,openalex,True
39528007,2024,China,openalex_ror,China,2,openalex,True
39511370,2024,China,openalex_ror,China,1,openalex,True
39510369,2024,China,openalex_ror,China,6,openalex,True
39508787,2024,United States,openalex_ror,United States,4,openalex,True
39508778,2024,United States,openalex_ror,United States,1,openalex,True
39507851,2024,India,openalex_ror,India,0,openalex,True
39505061,2024,China,openalex_ror,China,1,openalex,True
39502959,2024,United States,openalex_ror,United States,1,openalex,True
39502627,2024,South Korea,openalex_ror,South Korea,0,openalex,True
39489786,2024,Japan,openalex_ror,Japan,9,openalex,True
39483991,2024,Iran,openalex_ror,Iran,1,openalex,True
39470468,2024,Germany,openalex_ror,Germany,6,openalex,True
39465024,2023,United States,openalex_ror,United States,0,openalex,True
39464765,2024,India,openalex_ror,India,0,openalex,True
39459588,2024,Romania,openalex_ror,Romania,2,openalex,True
39458130,2024,Romania,openalex_ror,France|Romania,2,openalex,True
39457602,2024,Poland,openalex_ror,Poland,5,openalex,True
39452558,2024,Italy,openalex_ror,Italy,9,openalex,True
39448432,2024,Taiwan,openalex_ror,Taiwan,15,openalex,True
39446853,2024,India,openalex_ror,India,6,openalex,True
39446850,2024,China,openalex_ror,China,7,openalex,True
39430014,2024,China,openalex_ror,China,0,openalex,True
39429624,2024,China,affil_country_name,China,1,openalex,True
39427010,2024,Taiwan,affil_country_name,Taiwan,0,openalex,True
39421216,2024,China,openalex_ror,China,1,openalex,True
39413248,2025,Germany,openalex_ror,Germany,6,openalex,True
39407053,2024,Switzerland,openalex_ror,Switzerland,3,openalex,True
39398471,2024,United States,affil_country_name,United States,1,openalex,True
39398468,2024,Spain,openalex_ror,Spain,0,openalex,True
39387912,2024,Spain,openalex_ror,Spain,3,openalex,True
39387385,2024,Unknown,no_affiliation,Spain,14,openalex,True
39387384,2024,Unknown,no_affiliation,,7,openalex,True
39387380,2024,Unknown,no_affiliation,China,10,openalex,True
39387379,2024,Unknown,no_affiliation,Germany,2,openalex,True
39386175,2024,United States,openalex_ror,United States,2,openalex,True
39380189,2025,United States,openalex_ror,United States,1,openalex,True
39375138,2024,Unknown,no_affiliation,,0,openalex,True
39373787,2024,China,openalex_ror,China,5,openalex,True
39367336,2024,China,openalex_ror,China,1,openalex,True
39365199,2024,United States,openalex_ror,Brazil|United States,8,openalex,True
39364648,2024,China,openalex_ror,China,1,openalex,True
39363130,2024,Israel,openalex_ror,Israel,7,openalex,True
39359915,2024,China,openalex_ror,China,14,openalex,True
39356967,2024,China,openalex_ror,China,1,openalex,True
39350140,2024,China,openalex_ror,China,4,openalex,True
39333996,2024,China,openalex_ror,China,0,openalex,True
39333584,2024,Taiwan,openalex_ror,Taiwan,16,openalex,True
39324247,2024,Israel,openalex_ror,Israel,2,openalex,True
39319914,2024,Ukraine,openalex_ror,Ukraine,1,openalex,True
39318903,2024,United States,openalex_ror,United States,6,openalex,True
39317099,2024,Portugal,openalex_ror,Japan|Portugal|Spain,7,openalex,True
39316192,2024,India,affil_country_name,India,0,openalex,True
39315304,2024,United States,openalex_ror,United States,4,openalex,True
39313861,2024,Netherlands,affil_country_name,Netherlands,2,openalex,True
39313859,2024,United States,openalex_ror,United States,7,openalex,True
39313776,2024,Israel,openalex_ror,Israel,1,openalex,True
39313768,2024,Israel,openalex_ror,Israel,4,openalex,True
39311974,2024,China,openalex_ror,China,0,openalex,True
39309588,2024,India,openalex_ror,India,4,openalex,True
39292522,2024,India,openalex_ror,India,1,openalex,True
39290163,2024,China,openalex_ror,China,2,openalex,True
39289687,2024,China,openalex_ror,China,5,openalex,True
39287273,2024,China,openalex_ror,China,0,openalex,True
39284031,2025,Russia,openalex_ror,Russia,1,openalex,True
39281406,2023,United States,openalex_ror,United States,0,openalex,True
39281395,2023,Iran,openalex_ror,Iran,0,openalex,True
39280629,2024,China,openalex_ror,China|Hong Kong,7,openalex,True
39274399,2024,Italy,openalex_ror,Italy,14,openalex,True
39268033,2024,China,openalex_ror,China,2,openalex,True
39265284,2024,France,openalex_ror,France,0,openalex,True
39257104,2024,India,openalex_ror,India,2,openalex,True
39254251,2024,United States,openalex_ror,United States,0,openalex,True
39254246,2024,Unknown,no_affiliation,United States,2,openalex,True
39254245,2024,Unknown,no_affiliation,China,4,openalex,True
39254244,2024,India,affil_country_name_propagated,India,0,openalex,True
39254243,2024,Unknown,no_affiliation,United States,1,openalex,True
39254239,2024,Lebanon,openalex_ror,Lebanon,11,openalex,True
39254238,2024,Israel,affil_country_name,Israel,0,openalex,True
39246558,2024,India,affil_country_name,India,34,openalex,True
39244630,2024,France,openalex_ror,France,7,openalex,True
39237938,2024,China,openalex_ror,China,5,openalex,True
39231723,2024,Saudi Arabia,openalex_ror,Saudi Arabia|Spain,0,openalex,True
39227793,2024,China,openalex_ror,China,5,openalex,True
39226353,2024,Belgium,openalex_ror,Belgium|United States,11,openalex,True
39223626,2024,Norway,openalex_ror,Norway,1,openalex,True
39211657,2024,United States,openalex_ror,United States,8,openalex,True
39211645,2024,United States,openalex_ror,United States,1,openalex,True
39206083,2024,United States,openalex_ror,United States,6,openalex,True
39202239,2024,Taiwan,openalex_ror,Taiwan,5,openalex,True
39188874,2024,China,openalex_ror,China,6,openalex,True
39185835,2024,India,openalex_ror,India,1,openalex,True
39185830,2024,India,openalex_ror,India,1,openalex,True
39185826,2024,India,openalex_ror,India,8,openalex,True
39185824,2024,India,openalex_ror,India,2,openalex,True
39185363,2024,India,openalex_ror,India|United States,0,openalex,True
39184392,2024,China,openalex_ror,China,7,openalex,True
39182212,2024,Italy,affil_country_name_over_openalex,Italy|Romania,7,openalex,True
39169780,2024,Brazil,openalex_ror,Brazil,3,openalex,True
39156271,2024,United States,openalex_ror,United States,4,openalex,True
39155380,2024,China,openalex_ror,China,0,openalex,True
39154649,2024,Egypt,openalex_ror,Egypt|United Kingdom,2,openalex,True
39147902,2024,San Marino,openalex_ror,India|Italy|San Marino,0,openalex,True
39147728,2024,Spain,affil_country_name,Spain,3,openalex,True
39141409,2024,United States,openalex_ror,United States,3,openalex,True
39139351,2024,Saudi Arabia,openalex_ror,Saudi Arabia,2,openalex,True
39124578,2024,Poland,openalex_ror,Poland,4,openalex,True
39120023,2024,Unknown,no_affiliation,China,5,openalex,True
39120021,2024,Unknown,no_affiliation,,3,openalex,True
39120020,2024,Unknown,no_affiliation,,4,openalex,True
39120016,2024,United States,openalex_ror,United States,4,openalex,True
39120015,2024,Unknown,no_affiliation,China,2,openalex,True
39114735,2024,China,openalex_ror,China,2,openalex,True
39112522,2024,China,openalex_ror,China,0,openalex,True
39103855,2024,China,openalex_ror,China,1,openalex,True
39102261,2024,Italy,openalex_ror,Italy|Spain,13,openalex,True
39090690,2024,Japan,openalex_ror,Japan,0,openalex,True
39087822,2024,Colombia,openalex_ror,Colombia,1,openalex,True
39085159,2024,China,openalex_ror,China,0,openalex,True
39085158,2024,China,affil_country_name,China,0,openalex,True
39085157,2024,China,openalex_ror,China,0,openalex,True
39085155,2024,China,openalex_ror,China,0,openalex,True
39085154,2024,Unknown,no_affiliation,,0,openalex,True
39085153,2024,China,openalex_ror,China,0,openalex,True
39083227,2024,Portugal,openalex_ror,Portugal,5,openalex,True
39078970,2024,China,openalex_ror,China,3,openalex,True
39078967,2024,India,openalex_ror,India,3,openalex,True
39078954,2024,Malaysia,openalex_ror,Malaysia,0,openalex,True
39070107,2024,United States,openalex_ror,India|United States,7,openalex,True
39063559,2024,Taiwan,openalex_ror,Taiwan,5,openalex,True
39058250,2024,United States,openalex_ror,United States,1,openalex,True
39037500,2024,China,affil_country_name,China,4,openalex,True
39028227,2024,United States,openalex_ror,United States,4,openalex,True
39028028,2024,Japan,affil_country_name,Japan,0,openalex,True
39026900,2024,China,openalex_ror,China,2,openalex,True
39025658,2024,Israel,openalex_ror,Israel,7,openalex,True
39025652,2024,China,openalex_ror,China,6,openalex,True
39025644,2024,Iran,openalex_ror,Iran,1,openalex,True
39019581,2024,United States,openalex_ror,United States,5,openalex,True
39015239,2024,Brazil,affil_country_name,Brazil,6,openalex,True
39007817,2024,Spain,openalex_ror,Spain,3,openalex,True
39007811,2024,Unknown,no_affiliation,China,1,openalex,True
39005583,2024,Australia,openalex_ror,Australia,0,openalex,True
39002832,2024,China,openalex_ror,China,1,openalex,True
39002831,2024,China,openalex_ror,China,5,openalex,True
39002076,2024,Japan,affil_country_name,Japan,8,openalex,True
38999534,2024,Germany,openalex_ror,Germany,6,openalex,True
38997503,2024,China,openalex_ror,China,2,openalex,True
38985933,2024,Brazil,affil_country_name,Brazil,0,openalex,True
38984129,2024,Germany,openalex_ror,Germany,4,openalex,True
38984110,2024,Turkey,openalex_ror,Turkey,2,openalex,True
38978191,2024,Iran,openalex_ror,Iran,0,openalex,True
38967494,2024,China,openalex_ror,China,2,openalex,True
38964497,2024,India,openalex_ror,India,0,openalex,True
38954134,2024,Iran,openalex_ror,Iran|United States,6,openalex,True
38952720,2024,China,affil_country_name,China,15,openalex,True
38951314,2024,United States,openalex_ror,United States,16,openalex,True
38940469,2024,Turkey,openalex_ror,Turkey,0,openalex,True
38935041,2024,United States,openalex_ror,United States,13,openalex,True
38928690,2024,Taiwan,openalex_ror,Taiwan,3,openalex,True
38925892,2025,Unknown,no_affiliation,Colombia,0,openalex,True
38923497,2024,Iran,openalex_ror,Iran,0,openalex,True
38918902,2024,Chile,openalex_ror,Chile,3,openalex,True
38916805,2024,Israel,openalex_ror,Israel,0,openalex,True
38916023,2024,Saudi Arabia,openalex_ror,Saudi Arabia,8,openalex,True
38914606,2024,China,openalex_ror,China|United States,4,openalex,True
38907885,2024,Iran,affil_country_name,Iran|United States,1,openalex,True
38905464,2024,India,openalex_ror,India,3,openalex,True
38902457,2024,China,openalex_ror,China,3,openalex,True
38897594,2024,South Korea,openalex_ror,South Korea,2,openalex,True
38895670,2024,China,openalex_ror,China,0,openalex,True
38894817,2024,Israel,openalex_ror,Israel,6,openalex,True
38893017,2024,Poland,openalex_ror,Poland,6,openalex,True
38892769,2024,Singapore,openalex_ror,Singapore,6,openalex,True
38885176,2024,United States,openalex_ror,United States,2,openalex,True
38872649,2024,Portugal,openalex_ror,Portugal|United States,0,openalex,True
38872607,2024,Turkey,openalex_ror,Turkey,5,openalex,True
38867491,2024,China,openalex_ror,China,9,openalex,True
38865592,2024,China,openalex_ror,China,7,openalex,True
38863679,2024,China,openalex_ror,China,1,openalex,True
38860117,2024,United States,openalex_ror,Canada|United States,7,openalex,True
38854896,2024,Turkey,affil_country_name,Turkey,0,openalex,True
38853628,2024,Turkey,openalex_ror,Turkey,2,openalex,True
38851946,2024,New Zealand,openalex_ror,Australia|Canada|Germany|New Zealand|Nigeria|Taiwan|United Kingdom,23,openalex,True
41367836,2024,United States,openalex_ror,United States,3,openalex,True
38848058,2024,Unknown,no_affiliation,,4,openalex,True
38848054,2024,Unknown,no_affiliation,,3,openalex,True
38848053,2024,Unknown,no_affiliation,China,15,openalex,True
38830188,2024,United States,openalex_ror,United States,8,openalex,True
38807863,2024,Lebanon,openalex_ror,Lebanon,7,openalex,True
38796537,2024,South Korea,affil_country_name,South Korea,35,openalex,True
38792550,2024,Spain,openalex_ror,Spain,1,openalex,True
38780430,2024,Taiwan,openalex_ror,Taiwan,11,openalex,True
38779265,2024,India,openalex_ror,India,7,openalex,True
38770606,2024,Turkey,openalex_ror,Turkey,4,openalex,True
38767561,2024,India,openalex_ror,India,2,openalex,True
38767551,2024,India,openalex_ror,India,5,openalex,True
38767500,2024,Iran,openalex_ror,Canada|Iran,5,openalex,True
38766343,2024,Saudi Arabia,openalex_ror,Saudi Arabia,0,openalex,True
38761745,2024,China,openalex_ror,China,2,openalex,True
38759151,2024,United States,openalex_ror,United States,7,openalex,True
38758195,2024,France,openalex_ror,France,2,openalex,True
38749526,2024,India,openalex_ror,India,2,openalex,True
38748408,2024,Spain,openalex_ror,Spain,6,openalex,True
38741583,2024,United States,openalex_ror,United States,6,openalex,True
38741093,2024,China,openalex_ror,China,5,openalex,True
38739131,2024,Russia,openalex_ror,Russia,0,openalex,True
38736178,2024,United States,openalex_ror,United States,16,openalex,True
38721520,2024,China,openalex_ror,China,5,openalex,True
38721519,2024,China,openalex_ror,China,4,openalex,True
38721517,2024,China,openalex_ror,China,2,openalex,True
38719245,2024,India,openalex_ror,India,0,openalex,True
38717086,2024,Unknown,no_affiliation,China,10,openalex,True
38717084,2024,Brazil,imputed_affil_country_over_openalex,United States,4,openalex,True
38717083,2024,Unknown,no_affiliation,,7,openalex,True
38717082,2024,Unknown,no_affiliation,China,2,openalex,True
38717081,2024,Unknown,no_affiliation,,5,openalex,True
38717080,2024,Unknown,no_affiliation,Germany,2,openalex,True
38715272,2024,Unknown,no_affiliation,,3,openalex,True
38713483,2024,China,openalex_ror,China,2,openalex,True
38710236,2024,Iran,openalex_ror,Austria|Brazil|Iran|Italy|Spain|Switzerland|United States,13,openalex,True
38704713,2024,Unknown,affil_unresolved,United States,0,openalex,True
38700946,2024,Unknown,affil_unresolved,United States,10,openalex,True
38700941,2024,Singapore,openalex_ror,Singapore,11,openalex,True
38693644,2024,France,openalex_ror,France,0,openalex,True
38692706,2024,Italy,openalex_ror,Italy,2,openalex,True
38663225,2024,France,openalex_ror,France,0,openalex,True
38662191,2024,United States,openalex_ror,United States,4,openalex,True
38656032,2024,Brazil,openalex_ror,Brazil,3,openalex,True
38638871,2024,United States,openalex_ror,United States,0,openalex,True
38634955,2024,Poland,affil_country_name_over_openalex,Israel|Poland,0,openalex,True
38627647,2024,Iran,openalex_ror,Iran,0,openalex,True
38627567,2024,Taiwan,openalex_ror,Taiwan,6,openalex,True
38616949,2024,Egypt,openalex_ror,Brazil|Egypt,1,openalex,True
38610913,2024,Poland,openalex_ror,Poland,7,openalex,True
38610671,2024,United States,openalex_ror,United States,10,openalex,True
38610665,2024,Israel,openalex_ror,Israel,0,openalex,True
38604854,2024,China,openalex_ror,China,0,openalex,True
38601117,2024,China,openalex_ror,China,13,openalex,True
38600456,2024,China,openalex_ror,China,7,openalex,True
38600286,2024,China,affil_country_name,China,12,openalex,True
38593261,2024,Unknown,no_affiliation,,5,openalex,True
38593260,2024,Unknown,no_affiliation,China,4,openalex,True
38593259,2024,Unknown,no_affiliation,China,6,openalex,True
38584290,2024,China,openalex_ror,China,6,openalex,True
38562576,2024,China,openalex_ror,China,0,openalex,True
38561842,2024,United States,openalex_ror,United States,6,openalex,True
38561680,2024,China,openalex_ror,China,5,openalex,True
38558790,2024,China,openalex_ror,China|United Kingdom|United States,7,openalex,True
38558260,2024,United States,openalex_ror,United States,6,openalex,True
38549912,2024,Australia,openalex_ror,Australia,0,openalex,True
38546465,2024,India,openalex_ror,India,3,openalex,True
38546463,2024,India,openalex_ror,India,4,openalex,True
38541890,2024,Poland,openalex_ror,Italy|Poland,3,openalex,True
38537048,2024,Turkey,affil_country_name,Turkey,,,False
38535765,2024,United Kingdom,openalex_ror,United Kingdom,16,openalex,True
38532848,2024,India,openalex_ror,India,2,openalex,True
38527771,2024,China,openalex_ror,China,17,openalex,True
38525385,2024,Brazil,openalex_ror,Brazil|United States,12,openalex,True
38525382,2024,Colombia,affil_country_name,Colombia,1,openalex,True
38523280,2024,Netherlands,affil_country_name,Netherlands,0,openalex,True
38521346,2024,Spain,openalex_ror,Spain,0,openalex,True
38518990,2024,United States,openalex_ror,United States,26,openalex,True
38516169,2024,Iran,openalex_ror,Austria|Iran|Switzerland|United States,21,openalex,True
38513713,2024,Israel,openalex_ror,Finland|Israel|United Kingdom|United States,7,openalex,True
38512159,2024,United States,openalex_ror,United States,0,openalex,True
38509410,2024,China,openalex_ror,China,3,openalex,True
38498276,2024,China,openalex_ror,China,12,openalex,True
38495052,2024,China,openalex_ror,China,0,openalex,True
38487335,2024,Germany,affil_country_name_over_openalex,Germany,4,openalex,True
38481187,2024,China,openalex_ror,China,0,openalex,True
38478758,2024,United States,openalex_ror,United States,5,openalex,True
38472953,2024,Romania,openalex_ror,Romania,2,openalex,True
38466768,2024,Unknown,no_affiliation,,1,openalex,True
38466766,2024,China,openalex_ror,China,1,openalex,True
38466761,2024,Italy,openalex_ror,Italy,4,openalex,True
38462377,2024,China,openalex_ror,China,0,openalex,True
38454381,2024,China,openalex_ror,China,3,openalex,True
38446490,2024,Spain,affil_country_name_over_openalex,Spain,1,openalex,True
38437155,2024,Germany,openalex_ror,Germany|Norway|Switzerland,3,openalex,True
38435392,2024,China,openalex_ror,China,2,openalex,True
38434461,2024,Saudi Arabia,openalex_ror,Saudi Arabia,1,openalex,True
38431898,2024,Mexico,openalex_ror,Mexico,1,openalex,True
38428893,2024,China,openalex_ror,China,2,openalex,True
38428861,2024,China,openalex_ror,China,4,openalex,True
38418603,2024,Germany,openalex_ror,Germany,3,openalex,True
38410630,2024,Greece,openalex_ror,Greece,17,openalex,True
38407590,2024,Japan,openalex_ror,Japan,3,openalex,True
38405105,2024,Greece,openalex_ror,Australia|Germany|Greece|United States,29,openalex,True
38403780,2024,Germany,openalex_ror,Germany,8,openalex,True
38403614,2024,China,openalex_ror,China,0,openalex,True
38391676,2024,South Korea,openalex_ror,South Korea,3,openalex,True
38389611,2024,Saudi Arabia,openalex_ror,Saudi Arabia,1,openalex,True
38389207,2024,United States,openalex_ror,Belgium|United States,4,openalex,True
38386250,2024,Spain,openalex_ror,Spain,2,openalex,True
38383079,2023,Spain,openalex_ror,Spain,13,openalex,True
38381615,2024,Australia,openalex_ror,Australia,9,openalex,True
38377878,2024,China,openalex_ror,China,8,openalex,True
38370587,2024,China,openalex_ror,China,0,openalex,True
38368345,2024,Finland,openalex_ror,Finland,4,openalex,True
38365580,2024,Unknown,no_affiliation,Czechia,0,openalex,True
38353281,2024,Iran,openalex_ror,Iran,6,openalex,True
38351423,2024,United Arab Emirates,affil_country_name_over_openalex,Lebanon|United Arab Emirates,0,openalex,True
38347671,2024,Austria,openalex_ror,Austria|Germany,2,openalex,True
38346124,2024,Unknown,no_affiliation,Israel,5,openalex,True
38346121,2024,Brazil,imputed_affil_country_over_openalex,United States,10,openalex,True
38343904,2024,United States,openalex_ror,United States,9,openalex,True
38340212,2024,Germany,affil_country_name,Germany,30,openalex,True
38337384,2024,Australia,openalex_ror,Australia|Canada,1,openalex,True
38331788,2024,China,openalex_ror,China,26,openalex,True
38329555,2024,China,openalex_ror,China,13,openalex,True
38321320,2024,Israel,openalex_ror,Israel,3,openalex,True
38317793,2024,Egypt,openalex_ror,Egypt,2,openalex,True
38317330,2024,China,openalex_ror,China,1,openalex,True
38317325,2024,China,openalex_ror,China,5,openalex,True
38309660,2024,Spain,openalex_ror,Spain,0,openalex,True
38305328,2024,Israel,openalex_ror,Israel,3,openalex,True
38300218,2024,Canada,openalex_ror,Canada|United States,6,openalex,True
38288954,2024,Pakistan,openalex_ror,Pakistan,9,openalex,True
38287289,2024,Taiwan,openalex_ror,Taiwan,8,openalex,True
38282962,2024,China,openalex_ror,China,1,openalex,True
38277050,2024,United States,openalex_ror,United States,3,openalex,True
38275916,2024,Israel,openalex_ror,Israel,5,openalex,True
38271420,2024,Spain,affil_country_name_over_openalex,Spain,7,openalex,True
38270250,2024,South Korea,openalex_ror,South Korea,4,openalex,True
38265274,2024,Spain,openalex_ror,Spain,5,openalex,True
38263379,2024,Germany,openalex_ror,Germany,4,openalex,True
38259844,2023,China,openalex_ror,China,5,openalex,True
38251919,2024,Colombia,openalex_ror,Colombia,2,openalex,True
38250484,2023,Iran,openalex_ror,Iran,1,openalex,True
38239948,2024,Iran,openalex_ror,Iran,17,openalex,True
38239940,2024,China,openalex_ror,China,0,openalex,True
38237715,2024,United States,openalex_ror,Brazil|United States,2,openalex,True
38235646,2023,Russia,openalex_ror,Russia,1,openalex,True
38235634,2023,Russia,openalex_ror,Russia,0,openalex,True
38235628,2023,Russia,openalex_ror,Russia,1,openalex,True
38234620,2023,China,affil_country_name,China,3,openalex,True
38234306,2024,Iran,openalex_ror,Iran,3,openalex,True
38231497,2024,China,openalex_ror,China,8,openalex,True
38227767,2024,China,openalex_ror,China,4,openalex,True
38223300,2024,United States,openalex_ror,Peru|United States,7,openalex,True
38221644,2024,China,openalex_ror,China,7,openalex,True
38195676,2024,China,openalex_ror,China,7,openalex,True
38190564,2024,Unknown,no_affiliation,China,6,openalex,True
38190563,2024,Unknown,no_affiliation,,4,openalex,True
38190561,2024,Unknown,no_affiliation,,14,openalex,True
38190557,2024,Unknown,no_affiliation,,2,openalex,True
38190027,2024,China,openalex_ror,China,6,openalex,True
38185959,2024,Pakistan,openalex_ror,Pakistan,0,openalex,True
38185600,2024,Spain,openalex_ror,Spain,0,openalex,True
38179268,2023,China,openalex_ror,China,5,openalex,True
38178013,2024,Brazil,openalex_ror,Brazil,14,openalex,True
38162559,2022,Syria,openalex_ror,Syria|United Arab Emirates|United Kingdom,10,openalex,True
38161519,2023,Mexico,openalex_ror,Mexico,6,openalex,True
38161515,2023,United States,openalex_ror,United States,1,openalex,True
40115644,2024,China,openalex_ror,China|India,0,openalex,True
38153777,2023,Germany,openalex_ror,Germany,16,openalex,True
38146972,2023,India,openalex_ror,India,1,openalex,True
38146603,2023,Germany,openalex_ror,Germany,2,openalex,True
38135134,2023,China,openalex_ror,China,9,openalex,True
38131581,2023,India,openalex_ror,India,1,openalex,True
38131577,2023,India,affil_country_name,India,6,openalex,True
38131572,2023,Iran,openalex_ror,Brazil|Iran,0,openalex,True
38131566,2023,India,openalex_ror,India,9,openalex,True
38124047,2023,Canada,openalex_ror,Canada,1,openalex,True
38111940,2023,Iran,openalex_ror,Iran,2,openalex,True
38111853,2023,United States,openalex_ror,Canada|United States,4,openalex,True
38099386,2023,India,openalex_ror,India,3,openalex,True
38099358,2023,Mexico,openalex_ror,Belgium|Mexico,7,openalex,True
38096874,2023,Mexico,openalex_ror,Brazil|Mexico,2,openalex,True
38095689,2023,United States,openalex_ror,United States,2,openalex,True
38094319,2023,Unknown,no_affiliation,,0,openalex,True
38091059,2023,China,openalex_ror,China,7,openalex,True
38089650,2023,Saudi Arabia,openalex_ror,Saudi Arabia,3,openalex,True
38089649,2023,India,openalex_ror,India|United States,19,openalex,True
38089509,2023,Mexico,openalex_ror,Mexico,7,openalex,True
38077780,2023,United Arab Emirates,openalex_ror,United Arab Emirates,0,openalex,True
38073674,2023,Egypt,openalex_ror,Brazil|Egypt,10,openalex,True
38073672,2023,Canada,openalex_ror,Canada,1,openalex,True
38066467,2023,China,openalex_ror,China,10,openalex,True
38063831,2023,Unknown,no_affiliation,Italy,2,openalex,True
38061902,2023,China,openalex_ror,China,0,openalex,True
38051678,2023,Taiwan,openalex_ror,Taiwan,9,openalex,True
38048136,2024,Israel,openalex_ror,Israel,5,openalex,True
38032001,2023,Germany,openalex_ror,Germany,13,openalex,True
38028522,2023,China,openalex_ror,China,4,openalex,True
38028510,2023,China,affil_country_name,China,2,openalex,True
38027722,2023,China,openalex_ror,China,1,openalex,True
38026604,2023,China,affil_country_name,China,3,openalex,True
38026600,2023,United Kingdom,affil_country_name,United Kingdom|United States,4,openalex,True
38015972,2023,United States,openalex_ror,United States,5,openalex,True
38015419,2024,Canada,openalex_ror,Canada,3,openalex,True
38012462,2023,China,openalex_ror,China,4,openalex,True
37998414,2023,Spain,openalex_ror,Spain,3,openalex,True
37996736,2023,China,openalex_ror,China,5,openalex,True
37996630,2023,Spain,openalex_ror,Greece|Spain,4,openalex,True
37993276,2023,Colombia,openalex_ror,Colombia,3,openalex,True
37988258,2023,South Korea,openalex_ror,South Korea,0,openalex,True
37983313,2023,Israel,openalex_ror,Israel,2,openalex,True
37982777,2023,Unknown,no_affiliation,,2,openalex,True
37979904,2023,China,openalex_ror,China,10,openalex,True
37965960,2023,Netherlands,openalex_ror,Italy|Netherlands,26,openalex,True
37964822,2023,China,openalex_ror,China,5,openalex,True
37962882,2023,United Kingdom,openalex_ror,France|Singapore|United Kingdom,17,openalex,True
37959406,2023,Poland,affil_country_name,Ireland|Poland,4,openalex,True
37957578,2023,China,openalex_ror,China,5,openalex,True
37954910,2023,United States,affil_country_name,United States,8,openalex,True
37947823,2023,Israel,openalex_ror,Israel,1,openalex,True
37946967,2023,Unknown,no_affiliation,,0,openalex,True
37942232,2023,Portugal,openalex_ror,Portugal,0,openalex,True
37939068,2023,South Korea,affil_country_name,South Korea,7,openalex,True
37937761,2023,Unknown,no_affiliation,,9,openalex,True
37937760,2023,Unknown,no_affiliation,,9,openalex,True
37937758,2023,Unknown,no_affiliation,China,9,openalex,True
37937757,2023,Unknown,no_affiliation,United States,24,openalex,True
37937756,2023,Unknown,no_affiliation,,0,openalex,True
37937755,2023,India,openalex_ror,India,1,openalex,True
37937754,2023,United States,openalex_ror,United States,19,openalex,True
37923602,2023,China,openalex_ror,China,1,openalex,True
37925481,2023,China,openalex_ror,China,1,openalex,True
37906019,2023,Greece,openalex_ror,Greece,0,openalex,True
37905613,2023,China,openalex_ror,China,4,openalex,True
37904374,2023,Taiwan,openalex_ror,Taiwan,0,openalex,True
37894101,2023,China,affil_country_name,China,3,openalex,True
37886779,2023,China,openalex_ror,China,0,openalex,True
37881779,2023,United States,openalex_ror,United States,0,openalex,True
37881328,2023,China,openalex_ror,China,3,openalex,True
37879640,2023,Iran,openalex_ror,Iran|Turkey|United States,7,openalex,True
37876510,2023,Romania,openalex_ror,Romania,4,openalex,True
37873055,2023,United States,affil_country_name,United States,0,openalex,True
37871883,2023,China,openalex_ror,China,12,openalex,True
37870848,2023,United States,openalex_ror,United States,10,openalex,True
37870044,2023,Turkey,openalex_ror,Turkey,3,openalex,True
37870003,2023,India,openalex_ror,India,1,openalex,True
37867287,2023,United States,affil_city_hint,United States,2,openalex,True
37867286,2023,United States,openalex_ror,United States,8,openalex,True
37867284,2023,Singapore,openalex_ror,Singapore,9,openalex,True
37867283,2023,Unknown,no_affiliation,,22,openalex,True
37865389,2023,China,openalex_ror,China,15,openalex,True
37865388,2023,France,openalex_ror,Canada|France,13,openalex,True
37861937,2023,Egypt,openalex_ror,BI|Egypt,4,openalex,True
37854948,2023,United States,openalex_ror,Iran|United States,5,openalex,True
37851736,2023,Iran,openalex_ror,Iran,3,openalex,True
37851133,2023,China,openalex_ror,China,16,openalex,True
37850767,2023,Unknown,affil_unresolved,India,2,openalex,True
37846084,2024,China,openalex_ror,China,8,openalex,True
37845633,2023,China,openalex_ror,China,6,openalex,True
37843316,2023,Turkey,openalex_ror,Turkey,0,openalex,True
37835042,2023,Spain,openalex_ror,Spain,3,openalex,True
37834823,2023,China,openalex_ror,China,3,openalex,True
37824301,2023,Unknown,no_affiliation,Thailand,8,openalex,True
37824192,2023,China,openalex_ror,China,4,openalex,True
37820078,2023,United States,openalex_ror,United States,6,openalex,True
37816246,2023,China,openalex_ror,China,10,openalex,True
37814157,2023,Germany,openalex_ror,Germany,0,openalex,True
37805419,2023,China,openalex_ror,China,1,openalex,True
37805413,2023,China,openalex_ror,China,1,openalex,True
37804021,2023,Pakistan,openalex_ror,Pakistan,0,openalex,True
37803347,2023,China,openalex_ror,China,5,openalex,True
37795415,2023,China,openalex_ror,China,15,openalex,True
37792813,2023,China,openalex_ror,China,5,openalex,True
37787252,2023,India,affil_country_name,India,1,openalex,True
37781320,2023,United States,openalex_ror,United States,12,openalex,True
37774800,2023,Italy,openalex_ror,Italy|Spain,55,openalex,True
37774740,2023,China,openalex_ror,China,4,openalex,True
37750098,2023,United States,openalex_ror,United States,7,openalex,True
37748318,2023,Switzerland,openalex_ror,India|Switzerland,7,openalex,True
37738490,2023,United States,openalex_ror,United States,0,openalex,True
37731051,2023,Greece,openalex_ror,Greece|India,9,openalex,True
37731050,2023,Greece,openalex_ror,Greece|India,1,openalex,True
37729174,2023,China,openalex_ror,China,1,openalex,True
37725147,2023,China,openalex_ror,China,2,openalex,True
37724263,2023,China,openalex_ror,China,1,openalex,True
37713651,2023,Israel,openalex_ror,Israel,3,openalex,True
37702522,2024,United States,openalex_ror,United States,23,openalex,True
37702453,2024,United States,openalex_ror,United States,12,openalex,True
37699556,2023,Italy,openalex_ror,Egypt|Italy|Latvia|Norway,18,openalex,True
37692774,2023,China,affil_country_name,China,0,openalex,True
37691365,2023,Pakistan,affil_country_name,Pakistan,1,openalex,True
37675911,2023,Unknown,no_affiliation,Denmark,0,openalex,True
37675910,2023,Unknown,no_affiliation,,0,openalex,True
37675909,2023,Unknown,no_affiliation,China,8,openalex,True
37675908,2023,Unknown,no_affiliation,Germany,0,openalex,True
37672251,2023,United States,affil_country_name,United States,12,openalex,True
37669421,2023,Greece,openalex_ror,Greece,17,openalex,True
37666487,2023,Canada,openalex_ror,Canada,0,openalex,True
37665497,2023,Egypt,openalex_ror,Egypt,6,openalex,True
37663590,2023,United States,openalex_ror,United States,0,openalex,True
37662649,2023,United States,openalex_ror,United States,4,openalex,True
37656340,2023,China,openalex_ror,China,3,openalex,True
37654661,2023,Japan,openalex_ror,Japan,0,openalex,True
37652933,2023,South Korea,openalex_ror,South Korea,6,openalex,True
37644351,2023,Italy,affil_country_name_over_openalex,Brazil|Italy|United Kingdom,2,openalex,True
37641671,2023,Iran,openalex_ror,Iran,8,openalex,True
37640272,2023,United States,openalex_ror,United States,33,openalex,True
37638275,2023,United States,openalex_ror,United States,15,openalex,True
37633325,2023,United States,openalex_ror,United States,12,openalex,True
37625152,2023,United States,openalex_ror,United States,0,openalex,True
37620195,2023,France,openalex_ror,France,0,openalex,True
37616187,2023,China,openalex_ror,China,5,openalex,True
37614825,2023,United States,openalex_ror,United States,19,openalex,True
37603162,2023,United States,openalex_ror,United States,29,openalex,True
37602629,2023,India,openalex_ror,India,1,openalex,True
37602610,2023,Brazil,openalex_ror,Brazil,5,openalex,True
37602609,2023,India,affil_country_name,India,11,openalex,True
37602337,2023,China,affil_country_name,China,6,openalex,True
37602170,2023,India,affil_country_name,India,2,openalex,True
37595291,2023,Australia,affil_country_name,Australia,38,openalex,True
37594948,2023,Germany,openalex_ror,Germany,13,openalex,True
37578178,2023,Unknown,no_affiliation,China,6,openalex,True
37575980,2023,China,openalex_ror,China,9,openalex,True
37572159,2023,China,openalex_ror,China,4,openalex,True
37565903,2023,China,openalex_ror,China,8,openalex,True
37561251,2023,China,openalex_ror,China,1,openalex,True
37560555,2023,Turkey,openalex_ror,Turkey,3,openalex,True
37553927,2023,Pakistan,affil_country_name,Pakistan,1,openalex,True
37551356,2022,Thailand,openalex_ror,Thailand,4,openalex,True
37550974,2023,China,openalex_ror,China,0,openalex,True
37548824,2023,Colombia,affil_country_name,Colombia,2,openalex,True
37544781,2023,China,openalex_ror,China,1,openalex,True
37543736,2023,Australia,openalex_ror,Australia,3,openalex,True
37525155,2023,China,openalex_ror,China,19,openalex,True
37521150,2023,United States,openalex_ror,United States,11,openalex,True
37510871,2023,Spain,affil_country_name,Spain,2,openalex,True
37506370,2023,Taiwan,openalex_ror,Taiwan,0,openalex,True
37505289,2023,Spain,openalex_ror,Spain,3,openalex,True
37495937,2023,China,openalex_ror,China,2,openalex,True
37490883,2023,China,openalex_ror,China,10,openalex,True
37489329,2023,Germany,openalex_ror,Germany,2,openalex,True
37483313,2023,United Kingdom,openalex_ror,United Kingdom,1,openalex,True
37476755,2023,Unknown,no_affiliation,,0,openalex,True
37470969,2023,Taiwan,openalex_ror,Taiwan,6,openalex,True
37469861,2023,United States,affil_country_name,United States,3,openalex,True
37465503,2023,China,openalex_ror,China,2,openalex,True
37464345,2023,Nepal,affil_country_name,Germany|Nepal,19,openalex,True
37458945,2023,China,openalex_ror,China|Spain|United States,6,openalex,True
37458453,2023,Spain,openalex_ror,Spain,13,openalex,True
37453939,2023,China,openalex_ror,China,14,openalex,True
37451964,2023,United States,openalex_ror,United States,1,openalex,True
37449510,2023,France,openalex_ror,France,4,openalex,True
37445571,2023,United States,openalex_ror,United States,8,openalex,True
37445506,2023,Serbia,openalex_ror,Serbia|Switzerland,3,openalex,True
37445353,2023,Italy,openalex_ror,Italy,2,openalex,True
37438954,2023,China,openalex_ror,China,2,openalex,True
37436139,2023,Saudi Arabia,openalex_ror,Saudi Arabia,6,openalex,True
37418971,2023,Italy,openalex_ror,Italy|Netherlands,15,openalex,True
37417158,2023,India,affil_country_name,India,0,openalex,True
37417110,2023,India,affil_country_name,India,2,openalex,True
37417109,2023,India,openalex_ror,India,1,openalex,True
37410299,2023,China,openalex_ror,China,8,openalex,True
37408723,2022,Saudi Arabia,openalex_ror,Saudi Arabia,2,openalex,True
37408717,2022,Saudi Arabia,openalex_ror,Saudi Arabia,11,openalex,True
37405568,2023,Iran,openalex_ror,Iran,16,openalex,True
37405512,2023,China,openalex_ror,China,1,openalex,True
37397954,2023,United States,openalex_ror,United States,6,openalex,True
37389763,2023,Saudi Arabia,openalex_ror,Saudi Arabia,5,openalex,True
37388169,2022,United States,openalex_ror,United States,2,openalex,True
37379118,2023,Russia,openalex_ror,Russia,3,openalex,True
37379112,2023,Russia,openalex_ror,Russia,0,openalex,True
37379108,2023,Russia,openalex_ror,Russia,5,openalex,True
37379041,2023,China,openalex_ror,China,5,openalex,True
37379027,2023,South Korea,affil_country_name,South Korea,17,openalex,True
37365492,2023,China,openalex_ror,China,31,openalex,True
37364679,2023,Spain,openalex_ror,Spain,0,openalex,True
37364677,2023,Spain,openalex_ror,Spain,1,openalex,True
37362313,2023,Spain,openalex_ror,Spain,23,openalex,True
37361690,2023,United States,openalex_ror,United States,2,openalex,True
37354360,2023,China,openalex_ror,China,0,openalex,True
37350417,2023,China,openalex_ror,China,2,openalex,True
37348513,2023,Germany,affil_country_name,Germany,3,openalex,True
37345314,2023,United States,openalex_ror,United States,18,openalex,True
37340090,2023,China,openalex_ror,China,5,openalex,True
37336511,2023,South Korea,openalex_ror,South Korea,6,openalex,True
37334265,2023,China,openalex_ror,China,8,openalex,True
37331426,2023,China,openalex_ror,China,11,openalex,True
37328617,2023,China,openalex_ror,China,1,openalex,True
37325042,2023,China,openalex_ror,China,3,openalex,True
37322689,2023,India,affil_country_name,India,0,openalex,True
37322663,2023,India,affil_country_name,India,10,openalex,True
37322655,2023,India,affil_country_name,India,5,openalex,True
37322646,2023,China,openalex_ror,China,5,openalex,True
37316286,2023,India,openalex_ror,India,2,openalex,True
37306206,2023,United Kingdom,openalex_ror,United Kingdom,5,openalex,True
37306204,2023,Unknown,no_affiliation,China,2,openalex,True
37306202,2023,Italy,openalex_ror,Italy,1,openalex,True
37306201,2023,United Kingdom,openalex_ror,United Kingdom,1,openalex,True
37297956,2023,Israel,openalex_ror,Israel,18,openalex,True
37289141,2023,Finland,openalex_ror,Finland,7,openalex,True
37287640,2023,United States,openalex_ror,United States,13,openalex,True
37277614,2023,Croatia,openalex_ror,Croatia|Germany,20,openalex,True
37273504,2023,India,openalex_ror,India,6,openalex,True
37271309,2023,United States,openalex_ror,United States,6,openalex,True
37264578,2023,China,openalex_ror,China,0,openalex,True
37264576,2023,China,openalex_ror,China,1,openalex,True
37264322,2023,China,openalex_ror,China,3,openalex,True
37257174,2023,Brazil,affil_country_name,Brazil,2,openalex,True
37254861,2023,United States,affil_country_name,United States,0,openalex,True
37252172,2023,United States,openalex_ror,United States,4,openalex,True
37252164,2022,Taiwan,openalex_ror,Taiwan,1,openalex,True
37251989,2023,China,openalex_ror,China,19,openalex,True
37251984,2023,United States,openalex_ror,Iran|United States,5,openalex,True
37240176,2023,Russia,openalex_ror,Russia,5,openalex,True
37238641,2023,United States,openalex_ror,United States,25,openalex,True
37227748,2023,Singapore,openalex_ror,Singapore,5,openalex,True
37218171,2023,Italy,openalex_ror,Germany|Italy,6,openalex,True
37214299,2023,China,openalex_ror,China|United Kingdom,5,openalex,True
37210641,2023,Iran,openalex_ror,Iran,4,openalex,True
37208645,2023,China,openalex_ror,China,4,openalex,True
37206164,2023,India,affil_country_name,India,0,openalex,True
37203053,2023,India,affil_country_name,India,0,openalex,True
37203052,2023,China,openalex_ror,China,2,openalex,True
37203051,2023,China,openalex_ror,China|Singapore|United States,2,openalex,True
37203044,2023,India,openalex_ror,India,9,openalex,True
37203043,2023,China,openalex_ror,China,7,openalex,True
37203042,2023,India,affil_country_name,India,6,openalex,True
37198622,2023,Germany,affil_country_name,Germany,4,openalex,True
37194118,2023,China,openalex_ror,China,16,openalex,True
37193056,2023,Italy,affil_country_name,Italy,3,openalex,True
37192993,2023,China,affil_country_name,China,6,openalex,True
37192554,2023,Iran,openalex_ror,Iran,6,openalex,True
37187955,2023,Egypt,affil_country_name,Egypt,3,openalex,True
37186807,2023,Iran,openalex_ror,Iran|New Zealand,9,openalex,True
37184499,2023,United States,openalex_ror,Brazil|United States,10,openalex,True
37180047,2023,China,openalex_ror,China,13,openalex,True
37166228,2023,China,openalex_ror,China,19,openalex,True
37164397,2023,Switzerland,openalex_ror,Switzerland,0,openalex,True
37162399,2023,United Kingdom,openalex_ror,United Kingdom|United States,55,openalex,True
37162395,2023,Unknown,no_affiliation,,4,openalex,True
37162392,2023,United States,openalex_ror,United States,17,openalex,True
37153094,2023,China,openalex_ror,China,7,openalex,True
37146290,2022,Italy,openalex_ror,Italy,7,openalex,True
37144645,2023,United States,openalex_ror,United States,9,openalex,True
37139295,2023,China,openalex_ror,China,20,openalex,True
37133414,2023,United States,openalex_ror,United States,11,openalex,True
37125139,2023,Israel,openalex_ror,Israel,1,openalex,True
37123747,2023,Saudi Arabia,openalex_ror,Saudi Arabia,3,openalex,True
37123732,2023,United States,affil_country_name,United States,3,openalex,True
37123422,2022,Egypt,openalex_ror,Egypt,5,openalex,True
37123406,2023,China,openalex_ror,China|United States,4,openalex,True
37123358,2023,China,openalex_ror,China,2,openalex,True
37122005,2023,China,openalex_ror,China,1,openalex,True
37113611,2023,Iran,openalex_ror,Iran,34,openalex,True
37109228,2023,Italy,openalex_ror,Italy,35,openalex,True
37101407,2023,Portugal,openalex_ror,Portugal,2,openalex,True
37099670,2023,China,openalex_ror,China,6,openalex,True
37097193,2023,Switzerland,openalex_ror,Brazil|Switzerland,12,openalex,True
37095881,2023,Croatia,openalex_ror,Bosnia and Herzegovina|Croatia,6,openalex,True
37091331,2023,China,openalex_ror,China,30,openalex,True
37087043,2023,Brazil,openalex_ror,Australia|Austria|Brazil|Canada|China|France|Germany|Greece|Israel|Singapore|Switzerland|United Kingdom|United States,55,openalex,True
37085797,2023,Canada,openalex_ror,Canada,33,openalex,True
37085363,2023,Iran,openalex_ror,Iran,6,openalex,True
37083872,2023,Egypt,openalex_ror,Egypt,9,openalex,True
37081425,2023,China,openalex_ror,China,2,openalex,True
37078178,2023,Taiwan,openalex_ror,Taiwan,7,openalex,True
37077486,2023,China,openalex_ror,China,7,openalex,True
37077475,2023,China,openalex_ror,China,8,openalex,True
37071088,2023,Japan,openalex_ror,Japan,0,openalex,True
37070148,2023,Poland,openalex_ror,Poland,0,openalex,True
37069944,2023,Egypt,openalex_ror,Egypt,4,openalex,True
37067693,2023,Saudi Arabia,openalex_ror,Saudi Arabia,4,openalex,True
37051278,2023,Italy,openalex_ror,Italy,2,openalex,True
37043981,2023,China,openalex_ror,China,7,openalex,True
37042853,2023,Turkey,affil_country_name,Turkey,3,openalex,True
37040470,2023,China,affil_country_name,China,2,openalex,True
37040213,2023,Unknown,no_affiliation,China,8,openalex,True
37040210,2023,Unknown,no_affiliation,China,3,openalex,True
37034379,2023,Saudi Arabia,openalex_ror,Saudi Arabia,2,openalex,True
37026292,2023,India,openalex_ror,India,6,openalex,True
37026291,2023,India,openalex_ror,India,3,openalex,True
37026241,2023,India,openalex_ror,India,79,openalex,True
37023053,2023,Germany,openalex_ror,Germany,9,openalex,True
37017958,2023,China,openalex_ror,China,6,openalex,True
37014746,2023,United States,openalex_ror,United States,12,openalex,True
37009857,2023,Czechia,openalex_ror,Czechia,1,openalex,True
37007258,2023,Saudi Arabia,openalex_ror,Saudi Arabia,1,openalex,True
36995816,2023,United States,openalex_ror,Brazil|United States,1,openalex,True
36983581,2023,Taiwan,openalex_ror,Taiwan,14,openalex,True
36977127,2023,India,affil_country_name,India,3,openalex,True
36975013,2023,Germany,affil_country_name_over_openalex,Germany,5,openalex,True
36973657,2023,Taiwan,openalex_ror,Taiwan,6,openalex,True
36963605,2023,United States,openalex_ror,United States,45,openalex,True
36951821,2023,United States,openalex_ror,United States,1,openalex,True
36943309,2023,United States,openalex_ror,United States,24,openalex,True
36937680,2023,China,openalex_ror,China,9,openalex,True
36937201,2023,Germany,openalex_ror,Germany,5,openalex,True
36937191,2023,Egypt,openalex_ror,Egypt,0,openalex,True
36935801,2023,Saudi Arabia,openalex_ror,Saudi Arabia,6,openalex,True
36935780,2023,China,openalex_ror,China,17,openalex,True
36932359,2023,Iran,openalex_ror,Iran,4,openalex,True
36931367,2023,United States,openalex_ror,United States,4,openalex,True
36928622,2023,Poland,openalex_ror,Poland,2,openalex,True
36928130,2023,Iran,openalex_ror,Iran|United Kingdom|United States,37,openalex,True
36923029,2023,Hong Kong,openalex_ror,Hong Kong,30,openalex,True
36917962,2023,China,openalex_ror,China,14,openalex,True
36917119,2023,United States,openalex_ror,United States,24,openalex,True
36913543,2023,Lebanon,openalex_ror,Lebanon,6,openalex,True
36905461,2023,China,openalex_ror,China|Hong Kong,3,openalex,True
36902566,2023,Israel,openalex_ror,Israel,3,openalex,True
36899981,2023,United States,openalex_ror,United States,4,openalex,True
36892244,2023,Unknown,no_affiliation,,6,openalex,True
36892243,2023,Unknown,no_affiliation,,19,openalex,True
36892242,2023,Brazil,openalex_ror,Brazil,6,openalex,True
36890912,2023,China,openalex_ror,China,9,openalex,True
36877318,2023,Iran,openalex_ror,Iran,1,openalex,True
36872677,2023,United States,openalex_ror,United States,7,openalex,True
36870589,2023,United States,openalex_ror,United States,4,openalex,True
36869982,2023,China,openalex_ror,China,2,openalex,True
36869979,2023,Turkey,openalex_ror,Turkey,10,openalex,True
36867474,2023,Netherlands,affil_country_name,Netherlands,0,openalex,True
36862309,2023,China,openalex_ror,China|Italy,11,openalex,True
36859561,2023,Germany,openalex_ror,Germany,2,openalex,True
36855211,2023,Egypt,openalex_ror,Egypt,11,openalex,True
36836490,2023,China,openalex_ror,China,7,openalex,True
36827995,2023,Unknown,no_affiliation,,0,openalex,True
36826752,2023,China,openalex_ror,China,12,openalex,True
36820795,2023,China,openalex_ror,Australia|China|United States,20,openalex,True
36820573,2023,China,openalex_ror,China,6,openalex,True
36820123,2023,United States,affil_country_name_over_openalex,GD|United States,3,openalex,True
36816223,2023,China,openalex_ror,China,9,openalex,True
36816215,2023,China,openalex_ror,China,1,openalex,True
36811831,2023,United States,openalex_ror,United States,17,openalex,True
36809816,2023,United States,openalex_ror,United States,24,openalex,True
36800492,2023,India,openalex_ror,India,13,openalex,True
36794626,2022,China,openalex_ror,Belgium|China|Lebanon|Switzerland,7,openalex,True
36793199,2023,Poland,openalex_ror,Poland,16,openalex,True
36791274,2023,India,openalex_ror,India,10,openalex,True
36782180,2023,China,openalex_ror,China,2,openalex,True
36779807,2023,Portugal,openalex_ror,Portugal,6,openalex,True
36779469,2023,United States,openalex_ror,United States,2,openalex,True
36779466,2023,Unknown,no_affiliation,China,14,openalex,True
36778055,2023,China,openalex_ror,China,7,openalex,True
36774646,2023,China,openalex_ror,China,19,openalex,True
36760919,2022,Italy,openalex_ror,Italy,1,openalex,True
36751124,2023,China,affil_country_name,China,6,openalex,True
36745850,2023,Spain,openalex_ror,Spain,13,openalex,True
36743675,2022,China,openalex_ror,China,26,openalex,True
36730946,2023,United States,openalex_ror,United States,4,openalex,True
36730463,2023,United States,openalex_ror,United States,4,openalex,True
36730364,2022,Greece,openalex_ror,Greece|India,11,openalex,True
36730347,2023,Singapore,openalex_ror,Singapore,0,openalex,True
36729709,2022,Mexico,openalex_ror,Mexico,1,openalex,True
36729642,2022,China,openalex_ror,China,8,openalex,True
36728310,2023,Egypt,openalex_ror,Egypt,5,openalex,True
36727344,2023,China,openalex_ror,China,13,openalex,True
36727343,2023,India,affil_country_name,India,1,openalex,True
36727342,2023,India,openalex_ror,India,1,openalex,True
36726315,2023,China,openalex_ror,China,29,openalex,True
36722722,2023,United States,openalex_ror,United States,21,openalex,True
36721582,2022,Saudi Arabia,openalex_ror,Saudi Arabia,0,openalex,True
36721345,2023,India,affil_country_name,India,1,openalex,True
36717828,2023,China,openalex_ror,China,17,openalex,True
36700932,2023,Germany,openalex_ror,Germany,20,openalex,True
36695544,2023,Czechia,openalex_ror,Czechia,8,openalex,True
36692698,2023,Egypt,openalex_ror,Egypt,5,openalex,True
36689681,2023,Peru,affil_country_name,Brazil|Israel|Peru|United States,6,openalex,True
36688539,2023,Argentina,openalex_ror,Argentina,0,openalex,True
36685712,2022,South Korea,openalex_ror,South Korea,7,openalex,True
36682954,2023,Spain,openalex_ror,Spain,3,openalex,True
36675659,2023,Switzerland,affil_country_name_over_openalex,Serbia|Switzerland,4,openalex,True
36670012,2023,Spain,affil_country_name_over_openalex,Spain,0,openalex,True
36662234,2023,China,openalex_ror,China,8,openalex,True
36652015,2023,China,openalex_ror,China,21,openalex,True
36644473,2022,Iran,openalex_ror,Brazil|Iran,5,openalex,True
36644469,2022,Iran,openalex_ror,Iran|United States,3,openalex,True
36630439,2023,Unknown,no_affiliation,,16,openalex,True
36630432,2023,United Kingdom,openalex_ror,United Kingdom,15,openalex,True
36630431,2023,Japan,openalex_ror,Japan,1,openalex,True
36630429,2023,Unknown,no_affiliation,China,12,openalex,True
36630428,2023,Unknown,no_affiliation,,12,openalex,True
36628014,2022,United States,affil_country_name,GD|United States,0,openalex,True
36619641,2022,China,openalex_ror,China,0,openalex,True
36615041,2022,Poland,openalex_ror,Poland,32,openalex,True
36611322,2022,China,openalex_ror,China,14,openalex,True
36594280,2022,China,openalex_ror,China,0,openalex,True
36588209,2023,Colombia,openalex_ror,Colombia,6,openalex,True
39967914,2023,Russia,openalex_ror,Russia,2,openalex,True
36581595,2022,United Kingdom,openalex_ror,China|Italy|United Kingdom,4,openalex,True
36578667,2022,Egypt,openalex_ror,Egypt|United States,4,openalex,True
36577630,2022,France,openalex_ror,France,0,openalex,True
36572737,2022,China,openalex_ror,China,5,openalex,True
36564516,2022,Germany,openalex_ror,Germany,3,openalex,True
36553038,2022,Brazil,openalex_ror,Brazil,14,openalex,True
36548936,2022,Germany,affil_country_name,Germany,16,openalex,True
36547739,2022,China,openalex_ror,China,11,openalex,True
36542108,2022,China,openalex_ror,China,4,openalex,True
36539706,2022,Philippines,openalex_ror,Philippines|United States,5,openalex,True
36539217,2023,United States,openalex_ror,United States,15,openalex,True
36534673,2022,United States,affil_country_name,United States,14,openalex,True
36532578,2022,China,openalex_ror,China,3,openalex,True
36524598,2022,Spain,openalex_ror,Spain,2,openalex,True
36524521,2022,Iran,openalex_ror,Iran,2,openalex,True
36523778,2022,Italy,openalex_ror,Italy,6,openalex,True
36517698,2022,China,openalex_ror,China,20,openalex,True
36517578,2022,United Kingdom,openalex_ror,United Kingdom,1,openalex,True
36501713,2022,Italy,openalex_ror,Italy,15,openalex,True
36482343,2022,China,openalex_ror,China,10,openalex,True
36480900,2022,China,openalex_ror,China,0,openalex,True
36476304,2022,Unknown,no_affiliation,United States,37,openalex,True
36476303,2022,Unknown,no_affiliation,,3,openalex,True
36476302,2022,Unknown,no_affiliation,,3,openalex,True
36476300,2022,Unknown,no_affiliation,,5,openalex,True
36476299,2022,Unknown,no_affiliation,China,3,openalex,True
36476297,2022,United Kingdom,openalex_ror,China|Czechia|Germany|India|United Kingdom,26,openalex,True
36464663,2022,China,openalex_ror,China,1,openalex,True
36463966,2022,Australia,affil_country_name_over_openalex,Australia|Canada,5,openalex,True
36458595,2022,Germany,openalex_ror,Germany|Switzerland,7,openalex,True
36458563,2022,India,openalex_ror,India,12,openalex,True
36449679,2022,Brazil,affil_country_name,Brazil,2,openalex,True
36444207,2022,United States,openalex_ror,United States,5,openalex,True
36431330,2022,United States,openalex_ror,United States,7,openalex,True
36410469,2022,China,openalex_ror,China,55,openalex,True
36404963,2022,Iran,openalex_ror,Iran|Nigeria,1,openalex,True
36402902,2022,China,openalex_ror,China,2,openalex,True
36388243,2022,United States,openalex_ror,United States,2,openalex,True
36384541,2022,China,openalex_ror,China,3,openalex,True
36381848,2022,United States,openalex_ror,United States,5,openalex,True
36377271,2022,China,openalex_ror,China,4,openalex,True
36374312,2022,China,openalex_ror,China,6,openalex,True
36370839,2022,United States,openalex_ror,Austria|Germany|United States,9,openalex,True
36367270,2022,Australia,affil_country_name,Australia,1,openalex,True
36367269,2022,Canada,affil_country_name_propagated,Canada,2,openalex,True
36367267,2022,Australia,affil_country_name_propagated,Australia,1,openalex,True
36367265,2022,China,affil_country_name_propagated,China,1,openalex,True
36367264,2022,Brazil,openalex_ror,Brazil,4,openalex,True
36367263,2022,United Kingdom,openalex_ror,United Kingdom,4,openalex,True
36367262,2022,Unknown,no_affiliation,United States,54,openalex,True
36367261,2022,United States,openalex_ror,United States,7,openalex,True
36367259,2022,Unknown,no_affiliation,,5,openalex,True
36367258,2022,Unknown,no_affiliation,,11,openalex,True
36362522,2022,United States,openalex_ror,United States,8,openalex,True
36348201,2022,Israel,openalex_ror,Israel,4,openalex,True
36345532,2022,Australia,openalex_ror,Australia,5,openalex,True
36344601,2022,Spain,openalex_ror,Spain,5,openalex,True
36341039,2022,Italy,openalex_ror,Italy,2,openalex,True
36330059,2022,China,openalex_ror,China,6,openalex,True
36325836,2023,France,openalex_ror,France,4,openalex,True
36325829,2022,United States,openalex_ror,United States,0,openalex,True
36320050,2022,Egypt,openalex_ror,Egypt,7,openalex,True
36318813,2022,Argentina,affil_country_name,Argentina,2,openalex,True
36315644,2022,Canada,openalex_ror,Canada,2,openalex,True
36307873,2022,China,openalex_ror,China|United States,3,openalex,True
36307607,2022,Iraq,openalex_ror,Iraq,5,openalex,True
36294491,2022,South Korea,affil_country_name,South Korea,18,openalex,True
36292351,2022,Spain,openalex_ror,Spain,1,openalex,True
36285731,2022,China,openalex_ror,China,4,openalex,True
36274677,2022,Brazil,openalex_ror,Brazil,8,openalex,True
36271372,2022,China,openalex_ror,China,18,openalex,True
36267955,2022,Italy,openalex_ror,Italy|United States,6,openalex,True
36265575,2022,United States,openalex_ror,United States,6,openalex,True
36264334,2022,China,openalex_ror,China,0,openalex,True
36262841,2022,China,openalex_ror,China,11,openalex,True
36251042,2022,Germany,openalex_ror,Germany,3,openalex,True
36250753,2022,Australia,openalex_ror,Australia,19,openalex,True
36246953,2022,Kuwait,openalex_ror,Kuwait,3,openalex,True
36239188,2022,United States,openalex_ror,United States,21,openalex,True
36237491,2022,Portugal,openalex_ror,Portugal,0,openalex,True
36226374,2022,China,openalex_ror,China,6,openalex,True
36223055,2022,Iran,openalex_ror,Iran|United States,4,openalex,True
36220657,2022,China,openalex_ror,China,0,openalex,True
36220656,2022,China,openalex_ror,China,0,openalex,True
36219770,2022,Brazil,openalex_ror,Brazil,2,openalex,True
36217120,2022,China,openalex_ror,China,6,openalex,True
36214353,2022,United States,openalex_ror,United States,2,openalex,True
36214351,2022,Unknown,no_affiliation,China,8,openalex,True
36214348,2022,Unknown,no_affiliation,China,4,openalex,True
36211320,2022,Greece,openalex_ror,Greece,11,openalex,True
36211312,2022,Lebanon,openalex_ror,Lebanon,2,openalex,True
36210376,2022,Canada,openalex_ror,Canada,0,openalex,True
36207168,2022,United States,openalex_ror,Brazil|United States,26,openalex,True
36205877,2022,China,openalex_ror,China,4,openalex,True
36190031,2022,China,openalex_ror,China|United States,3,openalex,True
36179351,2022,Belgium,openalex_ror,Belgium,24,openalex,True
36169431,2022,Turkey,openalex_ror,Turkey,2,openalex,True
36166075,2022,China,openalex_ror,China,7,openalex,True
36160168,2022,China,openalex_ror,China|Germany|India,15,openalex,True
36160150,2022,China,openalex_ror,China,4,openalex,True
36156507,2022,Italy,openalex_ror,Italy,22,openalex,True
36153757,2022,China,openalex_ror,China,14,openalex,True
36153404,2022,South Korea,openalex_ror,South Korea,4,openalex,True
36147395,2021,India,openalex_ror,India,4,openalex,True
36147260,2022,Iran,openalex_ror,Iran,2,openalex,True
36138148,2022,China,openalex_ror,China,3,openalex,True
36119391,2022,United States,openalex_ror,United States,6,openalex,True
36114139,2022,Spain,affil_country_name_over_openalex,Spain,20,openalex,True
36100171,2022,Italy,affil_country_name_over_openalex,Italy,0,openalex,True
36100165,2022,Italy,openalex_ror,Italy,1,openalex,True
36098392,2022,Unknown,no_affiliation,,24,openalex,True
36098389,2022,Unknown,no_affiliation,,4,openalex,True
36098388,2022,Unknown,no_affiliation,China,18,openalex,True
36091697,2022,United States,openalex_ror,United States,6,openalex,True
36091674,2022,China,openalex_ror,China,5,openalex,True
36083561,2022,Spain,openalex_ror,Spain,8,openalex,True
36071403,2022,Taiwan,openalex_ror,Taiwan,5,openalex,True
36066533,2022,Unknown,no_affiliation,,0,openalex,True
36061972,2022,Switzerland,openalex_ror,Germany|Israel|Switzerland,18,openalex,True
36051276,2022,Saudi Arabia,openalex_ror,Saudi Arabia,29,openalex,True
36046572,2022,United States,openalex_ror,United States,11,openalex,True
36046571,2022,Saudi Arabia,openalex_ror,Saudi Arabia,9,openalex,True
36044110,2022,China,openalex_ror,China,2,openalex,True
36042913,2022,United States,openalex_ror,United States,25,openalex,True
36033821,2022,Taiwan,openalex_ror,Taiwan,6,openalex,True
36033138,2022,United States,openalex_ror,United States,2,openalex,True
36026702,2023,China,openalex_ror,China,5,openalex,True
36026694,2023,United States,openalex_ror,United States,2,openalex,True
36026693,2023,South Korea,openalex_ror,South Korea,4,openalex,True
36026691,2023,United States,openalex_ror,United States,9,openalex,True
36026475,2022,Netherlands,affil_country_name,Netherlands,0,openalex,True
36018143,2022,India,affil_country_name,India,0,openalex,True
36018102,2022,India,affil_country_name,India,0,openalex,True
36018101,2022,India,openalex_ror,India,2,openalex,True
36017038,2022,South Korea,affil_country_name,South Korea,4,openalex,True
36013505,2022,Spain,openalex_ror,Spain,8,openalex,True
36013100,2022,United States,openalex_ror,United States,4,openalex,True
36013070,2022,United States,openalex_ror,United States,12,openalex,True
36008331,2022,China,openalex_ror,China,1,openalex,True
36001080,2022,China,openalex_ror,China|United Kingdom,32,openalex,True
35999830,2022,China,openalex_ror,China,11,openalex,True
35996774,2021,Unknown,no_affiliation,India,3,openalex,True
35991655,2022,China,openalex_ror,China,4,openalex,True
35987793,2022,Thailand,openalex_ror,Thailand,0,openalex,True
35987663,2022,United States,openalex_ror,United States,8,openalex,True
35987632,2022,China,openalex_ror,China,4,openalex,True
35984557,2022,China,openalex_ror,China,10,openalex,True
35978275,2022,China,openalex_ror,China,12,openalex,True
35977749,2022,India,openalex_ror,India,0,openalex,True
35973684,2022,Switzerland,affil_country_name_over_openalex,Germany|Switzerland|United States,5,openalex,True
35971499,2022,Saudi Arabia,openalex_ror,Saudi Arabia,1,openalex,True
35971489,2022,United Kingdom,openalex_ror,United Kingdom,22,openalex,True
35971220,2022,United States,openalex_ror,United States,0,openalex,True
35971217,2022,Hong Kong,openalex_ror,Hong Kong,0,openalex,True
35965627,2022,China,openalex_ror,China,4,openalex,True
35957728,2022,China,openalex_ror,China,35,openalex,True
35956035,2022,Germany,openalex_ror,Germany,18,openalex,True
35948025,2022,Turkey,affil_country_name,Turkey,2,openalex,True
35947004,2022,United Kingdom,openalex_ror,United Kingdom,27,openalex,True
35947001,2022,Unknown,no_affiliation,Norway,8,openalex,True
35947000,2022,Kosovo,openalex_ror,Kosovo,17,openalex,True
35946998,2022,Unknown,no_affiliation,,4,openalex,True
35942531,2022,Greece,openalex_ror,Greece,2,openalex,True
35928358,2022,Iran,openalex_ror,Iran,3,openalex,True
35925360,2022,Germany,affil_country_name,Germany,0,openalex,True
35919011,2022,India,affil_country_name,India,0,openalex,True
35918497,2022,Turkey,openalex_ror,Turkey,1,openalex,True
35916882,2022,China,openalex_ror,China,0,openalex,True
35916554,2022,United States,openalex_ror,United States,7,openalex,True
35912896,2022,China,openalex_ror,China,18,openalex,True
35909114,2022,China,openalex_ror,China,14,openalex,True
35903314,2022,China,openalex_ror,China,5,openalex,True
35895108,2022,China,openalex_ror,China,5,openalex,True
35887939,2022,United States,openalex_ror,United States,3,openalex,True
35887926,2022,Russia,openalex_ror,Russia|Switzerland,11,openalex,True
35887874,2022,Switzerland,openalex_ror,Lebanon|Singapore|Switzerland,16,openalex,True
35887309,2022,United States,openalex_ror,Singapore|United States,35,openalex,True
35886858,2022,Germany,openalex_ror,Germany,17,openalex,True
35876884,2022,China,openalex_ror,China,3,openalex,True
35866219,2022,Greece,openalex_ror,Greece,5,openalex,True
35865659,2022,Spain,affil_country_name_over_openalex,Portugal|Spain,4,openalex,True
35864163,2022,Egypt,openalex_ror,Egypt,25,openalex,True
35864161,2022,Spain,openalex_ror,Spain,16,openalex,True
35860103,2022,Saudi Arabia,openalex_ror,Saudi Arabia,6,openalex,True
35859778,2022,China,openalex_ror,China,5,openalex,True
35858198,2022,Unknown,no_affiliation,China,25,openalex,True
35858196,2022,Israel,openalex_ror,Israel,4,openalex,True
35858195,2022,Italy,openalex_ror,Italy,29,openalex,True
35858192,2022,United Kingdom,openalex_ror,United Kingdom,36,openalex,True
35854064,2022,Turkey,openalex_ror,Germany|Turkey,0,openalex,True
35849545,2022,China,openalex_ror,China,9,openalex,True
35837490,2022,Norway,affil_country_name,Norway|United States,7,openalex,True
35820852,2022,China,openalex_ror,China,11,openalex,True
35814884,2022,China,openalex_ror,China,0,openalex,True
35813999,2022,Italy,openalex_ror,Italy|Singapore|United Kingdom,25,openalex,True
35801733,2022,China,openalex_ror,China,6,openalex,True
35800671,2022,Canada,affil_country_name,Canada,18,openalex,True
35790199,2022,Germany,openalex_ror,Germany,1,openalex,True
35786809,2022,Canada,openalex_ror,Canada,3,openalex,True
35781597,2022,China,openalex_ror,China,8,openalex,True
35779050,2022,United Kingdom,openalex_ror,United Kingdom,43,openalex,True
35779049,2022,United States,openalex_ror,United States,3,openalex,True
35776392,2022,Iran,openalex_ror,Iran,2,openalex,True
35773703,2022,China,openalex_ror,China,9,openalex,True
35770247,2022,Germany,openalex_ror,Germany|Spain,1,openalex,True
35770010,2022,China,openalex_ror,China,8,openalex,True
35757019,2022,Egypt,openalex_ror,Egypt,8,openalex,True
35756422,2022,China,openalex_ror,China,9,openalex,True
35751042,2022,China,openalex_ror,China,13,openalex,True
35748936,2022,South Korea,affil_country_name,South Korea,28,openalex,True
35743344,2022,United States,openalex_ror,United States,5,openalex,True
35731540,2022,Germany,openalex_ror,Germany,4,openalex,True
35723594,2022,China,openalex_ror,China,1,openalex,True
35713451,2022,China,openalex_ror,China,10,openalex,True
35705567,2022,United Kingdom,openalex_ror,United Kingdom,13,openalex,True
35696132,2022,China,openalex_ror,China,5,openalex,True
35692276,2022,Turkey,openalex_ror,Turkey,5,openalex,True
35692270,2022,Turkey,openalex_ror,Turkey,2,openalex,True
35692027,2022,China,openalex_ror,China,2,openalex,True
35690708,2022,United States,openalex_ror,United States,4,openalex,True
35686714,2022,Netherlands,imputed_affil_country_over_openalex,India,18,openalex,True
35686713,2022,Unknown,no_affiliation,China,55,openalex,True
35686708,2022,Unknown,no_affiliation,China,29,openalex,True
35686707,2022,Unknown,no_affiliation,Norway,43,openalex,True
35665335,2022,China,openalex_ror,China|Italy,4,openalex,True
35665110,2022,China,openalex_ror,China,2,openalex,True
35663519,2022,Iran,openalex_ror,Iran,7,openalex,True
35660423,2022,Turkey,openalex_ror,Turkey,1,openalex,True
35657347,2022,Egypt,openalex_ror,Egypt,13,openalex,True
35656757,2022,Iran,openalex_ror,Iran,9,openalex,True
35656390,2022,Philippines,openalex_ror,Philippines,11,openalex,True
35654122,2022,United States,openalex_ror,United States,0,openalex,True
35646859,2022,China,openalex_ror,China,7,openalex,True
35646175,2022,Iran,openalex_ror,Iran,3,openalex,True
35643966,2022,Kosovo,openalex_ror,Kosovo|Turkey,8,openalex,True
35643458,2022,China,openalex_ror,China,9,openalex,True
35635596,2022,China,openalex_ror,China,5,openalex,True
35628834,2022,Japan,openalex_ror,Japan,0,openalex,True
35612343,2022,Italy,openalex_ror,Italy|Spain,1,openalex,True
35611017,2022,United States,openalex_ror,United States,0,openalex,True
35606707,2022,China,openalex_ror,China,10,openalex,True
35601171,2022,Saudi Arabia,openalex_ror,Saudi Arabia,6,openalex,True
35601167,2022,China,openalex_ror,China,7,openalex,True
35601161,2022,Iran,openalex_ror,Iran|Spain,6,openalex,True
35594919,2022,United States,openalex_ror,United States,31,openalex,True
35592861,2022,China,openalex_ror,China|United States,2,openalex,True
35584772,2022,Germany,openalex_ror,Germany,3,openalex,True
35578349,2022,Italy,openalex_ror,Italy|United States,1,openalex,True
35572401,2021,Singapore,openalex_ror,Brazil|Singapore,11,openalex,True
35551580,2022,China,openalex_ror,China,7,openalex,True
35547206,2022,China,openalex_ror,China,13,openalex,True
35544940,2023,Turkey,openalex_ror,Turkey,1,openalex,True
35543577,2022,Unknown,affil_unresolved,Brazil,1,openalex,True
35537865,2022,Norway,openalex_ror,Norway,2,openalex,True
35536712,2022,United Kingdom,openalex_ror,United Kingdom,43,openalex,True
35536710,2022,Unknown,no_affiliation,,18,openalex,True
35535010,2022,Spain,openalex_ror,Peru|Spain,10,openalex,True
35532881,2022,United States,openalex_ror,United States,4,openalex,True
35532880,2022,China,openalex_ror,China|Norway,12,openalex,True
35514797,2022,China,openalex_ror,China,2,openalex,True
35513494,2022,United States,openalex_ror,United States,27,openalex,True
35502018,2022,Colombia,affil_country_name,Colombia,8,openalex,True
35502012,2022,India,openalex_ror,India,52,openalex,True
35499634,2022,Germany,openalex_ror,Germany,3,openalex,True
35494521,2022,China,openalex_ror,China,2,openalex,True
35492322,2022,China,affil_country_name,China|United States,14,openalex,True
35488809,2022,China,openalex_ror,China|United States,13,openalex,True
35480973,2022,China,openalex_ror,China,19,openalex,True
35479941,2022,China,openalex_ror,China,14,openalex,True
35476818,2022,Hong Kong,openalex_ror,Hong Kong,1,openalex,True
35469471,2022,China,openalex_ror,China,7,openalex,True
35468752,2022,Brazil,openalex_ror,Brazil,6,openalex,True
35463029,2022,China,openalex_ror,China,11,openalex,True
35452094,2022,China,openalex_ror,China,23,openalex,True
35449802,2022,China,openalex_ror,China,16,openalex,True
35438438,2022,United States,openalex_ror,United States,2,openalex,True
35433653,2022,China,openalex_ror,China|United Kingdom,64,openalex,True
35426106,2022,Germany,openalex_ror,Germany,0,openalex,True
35418146,2022,Japan,openalex_ror,Japan,3,openalex,True
35417523,2023,Brazil,openalex_ror,Brazil,3,openalex,True
35412929,2022,Unknown,no_affiliation,China,10,openalex,True
35412928,2022,Unknown,no_affiliation,,14,openalex,True
35412925,2022,Unknown,no_affiliation,China,18,openalex,True
35412923,2022,Unknown,no_affiliation,China,16,openalex,True
35412921,2022,Unknown,no_affiliation,,7,openalex,True
35407603,2022,Italy,openalex_ror,Italy,2,openalex,True
35399961,2021,United States,openalex_ror,United States,28,openalex,True
35394466,2022,Italy,openalex_ror,Italy,7,openalex,True
35391518,2022,China,openalex_ror,China,2,openalex,True
35391509,2022,China,openalex_ror,China,1,openalex,True
35389912,2022,United States,openalex_ror,United States,4,openalex,True
35383619,2022,United States,openalex_ror,United States,9,openalex,True
35383617,2022,Italy,openalex_ror,Italy,9,openalex,True
35382779,2022,China,openalex_ror,China,21,openalex,True
35378687,2022,China,openalex_ror,China,3,openalex,True
35378598,2022,Germany,openalex_ror,Germany,8,openalex,True
35358536,2022,Spain,openalex_ror,Spain,44,openalex,True
35355880,2022,China,openalex_ror,China,19,openalex,True
35353643,2022,United States,openalex_ror,United States,3,openalex,True
35340750,2022,Italy,openalex_ror,Italy,14,openalex,True
35333817,2022,United States,openalex_ror,United States,7,openalex,True
35333788,2022,Switzerland,affil_country_name,Switzerland,3,openalex,True
35326011,2022,China,openalex_ror,China,5,openalex,True
35320868,2022,Switzerland,openalex_ror,Switzerland,1,openalex,True
35320865,2022,Switzerland,openalex_ror,Switzerland,1,openalex,True
35320402,2022,Germany,openalex_ror,Germany,6,openalex,True
35313744,2022,Peru,affil_country_name,Peru|United States,4,openalex,True
35310064,2022,China,openalex_ror,China,10,openalex,True
35309847,2022,China,openalex_ror,China,1,openalex,True
35295603,2022,Taiwan,openalex_ror,Taiwan,2,openalex,True
35294155,2021,Hong Kong,openalex_ror,Hong Kong,3,openalex,True
35279119,2022,China,openalex_ror,China,3,openalex,True
35279107,2022,Egypt,openalex_ror,Egypt,5,openalex,True
35277568,2022,South Korea,openalex_ror,South Korea,5,openalex,True
35276084,2022,United States,openalex_ror,United States,3,openalex,True
35275008,2022,Unknown,no_affiliation,Turkey,4,openalex,True
35275003,2022,Unknown,no_affiliation,China,9,openalex,True
35273348,2022,Iran,openalex_ror,Iran,16,openalex,True
35262896,2022,Spain,openalex_ror,Greece|Spain,1,openalex,True
35262765,2022,Australia,openalex_ror,Australia,3,openalex,True
35260116,2022,China,openalex_ror,China,3,openalex,True
35255102,2022,Azerbaijan,affil_country_name,Azerbaijan,3,openalex,True
35254965,2022,Turkey,openalex_ror,Turkey,0,openalex,True
35248396,2022,Spain,openalex_ror,Poland|Spain,9,openalex,True
35247335,2022,United States,openalex_ror,United States,30,openalex,True
35244627,2022,China,openalex_ror,China,16,openalex,True
35243159,2022,Iran,openalex_ror,Iran,2,openalex,True
35234539,2022,Spain,openalex_ror,Spain,7,openalex,True
35234428,2022,Russia,openalex_ror,Russia,3,openalex,True
35234069,2022,France,openalex_ror,France,5,openalex,True
35226900,2022,Portugal,openalex_ror,Portugal,1,openalex,True
35225587,2022,India,openalex_ror,India,2,openalex,True
35221669,2021,Thailand,openalex_ror,Thailand,12,openalex,True
35217941,2022,Turkey,affil_country_name,Turkey,1,openalex,True
37641651,2021,Iran,openalex_ror,Iran|United States,6,openalex,True
35196147,2022,China,openalex_ror,China,6,openalex,True
35188852,2022,United States,openalex_ror,United States,6,openalex,True
35186987,2022,China,openalex_ror,China,19,openalex,True
35186691,2022,China,openalex_ror,China,10,openalex,True
35186690,2022,China,affil_country_name,China,1,openalex,True
35179405,2022,China,affil_country_name,China,3,openalex,True
35175978,2022,Germany,affil_country_name_over_openalex,Germany,0,openalex,True
35175977,2022,Spain,openalex_ror,Spain,0,openalex,True
35175136,2022,Iran,openalex_ror,Iran,20,openalex,True
35171146,2022,United States,openalex_ror,United States,24,openalex,True
35171143,2022,China,openalex_ror,China,8,openalex,True
35171141,2022,United States,openalex_ror,United States,5,openalex,True
35170649,2023,Iran,openalex_ror,Iran|United States,1,openalex,True
35169656,2022,Mexico,openalex_ror,Mexico,3,openalex,True
35168601,2022,Spain,openalex_ror,Spain,8,openalex,True
35167040,2022,United States,openalex_ror,United States,8,openalex,True
35160135,2022,United States,openalex_ror,United States,4,openalex,True
35159971,2022,Japan,openalex_ror,Japan,6,openalex,True
35157194,2022,Philippines,openalex_ror,Philippines,2,openalex,True
35156869,2022,Iran,openalex_ror,Iran|Spain,2,openalex,True
35156464,2022,Canada,affil_country_name_propagated,Canada,0,openalex,True
35156461,2022,Unknown,no_affiliation,China,13,openalex,True
35156460,2022,Unknown,no_affiliation,Iran,9,openalex,True
35156458,2022,Unknown,no_affiliation,China,22,openalex,True
35156456,2022,Greece,openalex_ror,Greece,1,openalex,True
35154818,2021,South Korea,openalex_ror,South Korea,2,openalex,True
35153473,2022,Egypt,openalex_ror,Egypt,0,openalex,True
35149635,2022,China,openalex_ror,China,6,openalex,True
35148689,2022,Iran,openalex_ror,Iran,23,openalex,True
35148585,2022,Pakistan,openalex_ror,Pakistan,1,openalex,True
35147774,2022,Germany,openalex_ror,Germany,3,openalex,True
35144353,2022,China,openalex_ror,China,0,openalex,True
35140987,2022,China,openalex_ror,China,3,openalex,True
35135801,2022,India,openalex_ror,India,6,openalex,True
35133403,2022,China,openalex_ror,China,58,openalex,True
35131797,2022,India,openalex_ror,India,5,openalex,True
35128190,2021,Iran,openalex_ror,Iran,3,openalex,True
35128188,2021,Iran,openalex_ror,Iran,3,openalex,True
35128171,2022,Israel,openalex_ror,Israel,0,openalex,True
35128155,2022,United States,openalex_ror,United States,7,openalex,True
35124756,2022,Czechia,openalex_ror,Czechia,16,openalex,True
35123812,2022,France,openalex_ror,France,1,openalex,True
35122607,2022,United States,openalex_ror,United States,1,openalex,True
35121684,2022,Italy,affil_country_name_over_openalex,Italy,24,openalex,True
35119608,2022,Switzerland,openalex_ror,Switzerland,1,openalex,True
35113311,2022,Switzerland,openalex_ror,Switzerland,0,openalex,True
35111033,2021,United States,affil_country_name,United States,1,openalex,True
35110276,2022,Norway,affil_country_name,Norway|Sweden,21,openalex,True
35108456,2022,China,openalex_ror,Australia|China,7,openalex,True
35102752,2022,Spain,openalex_ror,Spain|United States,12,openalex,True
35094222,2022,Egypt,openalex_ror,Egypt,5,openalex,True
35091975,2022,Spain,openalex_ror,Spain,0,openalex,True
35086203,2022,India,affil_country_name,India,1,openalex,True
35081716,2021,Colombia,openalex_ror,Colombia,4,openalex,True
35071414,2021,South Korea,openalex_ror,South Korea,5,openalex,True
35067664,2022,China,openalex_ror,China,13,openalex,True
35067663,2022,Brazil,openalex_ror,Brazil,9,openalex,True
35067661,2022,United States,openalex_ror,United States,40,openalex,True
35067019,2022,Turkey,affil_country_name,Turkey,1,openalex,True
35059929,2022,Iran,openalex_ror,Iran,10,openalex,True
35047373,2022,China,openalex_ror,China,3,openalex,True
35046636,2022,United States,affil_country_name,United States,7,openalex,True
35041131,2022,Iran,openalex_ror,Iran,7,openalex,True
35034214,2022,Switzerland,openalex_ror,Switzerland,12,openalex,True
35031702,2022,United Kingdom,openalex_ror,United Kingdom,2,openalex,True
35020543,2022,Unknown,no_affiliation,,10,openalex,True
35020540,2022,Mexico,openalex_ror,Mexico,6,openalex,True
35020537,2022,Unknown,no_affiliation,United States,26,openalex,True
35020101,2022,Egypt,openalex_ror,Egypt,1,openalex,True
35016626,2022,China,openalex_ror,China,4,openalex,True
35013609,2022,Iran,openalex_ror,Canada|Iran|United States,10,openalex,True
35005508,2021,Turkey,openalex_ror,Turkey,2,openalex,True
35004659,2021,China,openalex_ror,China,5,openalex,True
34997880,2022,South Korea,affil_country_name,South Korea,6,openalex,True
34995787,2022,Turkey,openalex_ror,Turkey,4,openalex,True
34992474,2021,United States,openalex_ror,United States,4,openalex,True
34989257,2022,Spain,openalex_ror,Portugal|Spain,3,openalex,True
34987816,2021,Iran,openalex_ror,Iran,2,openalex,True
34983674,2022,China,openalex_ror,China|Spain,11,openalex,True
34983448,2022,China,openalex_ror,China,12,openalex,True
34978784,2022,China,openalex_ror,China,9,openalex,True
34974458,2022,India,openalex_ror,India,11,openalex,True
34967830,2021,United States,openalex_ror,United States,55,openalex,True
34963489,2021,Egypt,openalex_ror,Egypt,10,openalex,True
34961648,2021,Spain,openalex_ror,Spain,1,openalex,True
34961514,2021,China,openalex_ror,China,20,openalex,True
34957070,2021,China,openalex_ror,China,6,openalex,True
34956671,2021,Egypt,openalex_ror,Egypt,1,openalex,True
34950016,2021,South Korea,openalex_ror,South Korea,0,openalex,True
34949535,2021,Nepal,affil_country_name,Germany|Nepal,30,openalex,True
34937276,2022,India,openalex_ror,India,3,openalex,True
34937258,2022,India,affil_country_name,India,0,openalex,True
34937257,2022,India,openalex_ror,India,2,openalex,True
34937212,2022,Spain,openalex_ror,Italy|Spain,7,openalex,True
34937211,2022,India,affil_country_name,India,0,openalex,True
34937209,2022,Saudi Arabia,openalex_ror,Saudi Arabia,5,openalex,True
34917434,2021,United States,openalex_ror,France|Lebanon|United Arab Emirates|United States,8,openalex,True
34914559,2021,Unknown,no_affiliation,,6,openalex,True
34914557,2021,Unknown,no_affiliation,,8,openalex,True
34914555,2021,Unknown,no_affiliation,,14,openalex,True
34914554,2021,Unknown,no_affiliation,,30,openalex,True
34914552,2021,Unknown,no_affiliation,,8,openalex,True
34914551,2021,Unknown,no_affiliation,,5,openalex,True
34912833,2021,China,openalex_ror,Australia|China,3,openalex,True
34912576,2021,China,openalex_ror,China,25,openalex,True
34911120,2021,Germany,openalex_ror,Germany,5,openalex,True
34908851,2021,China,openalex_ror,China,2,openalex,True
34908829,2021,Germany,openalex_ror,Germany,6,openalex,True
34907940,2022,Brazil,openalex_ror,Brazil,22,openalex,True
34905159,2021,China,openalex_ror,China,16,openalex,True
34879853,2021,Romania,openalex_ror,Romania,7,openalex,True
34874947,2021,France,openalex_ror,France,12,openalex,True
34871567,2021,Spain,openalex_ror,Spain,2,openalex,True
34868671,2021,Turkey,openalex_ror,Turkey,9,openalex,True
34865401,2021,Unknown,no_affiliation,,6,openalex,True
34865400,2021,Unknown,no_affiliation,,6,openalex,True
34864796,2022,Mexico,openalex_ror,Mexico|Spain,3,openalex,True
34864776,2022,China,openalex_ror,China,8,openalex,True
34861667,2022,Taiwan,openalex_ror,Taiwan,67,openalex,True
34854826,2022,United States,openalex_ror,United States,50,openalex,True
34844683,2021,Spain,openalex_ror,Canada|Spain,3,openalex,True
34843558,2021,Egypt,openalex_ror,Egypt,6,openalex,True
34840692,2021,Iran,openalex_ror,Iran,14,openalex,True
34826974,2021,India,openalex_ror,India,1,openalex,True
34826973,2021,Spain,openalex_ror,Spain|United States,6,openalex,True
34826969,2021,Algeria,openalex_ror,Algeria|Egypt,13,openalex,True
34815760,2021,China,openalex_ror,China,8,openalex,True
34808930,2021,China,openalex_ror,China,7,openalex,True
34801040,2021,China,openalex_ror,China,8,openalex,True
34799784,2021,Spain,openalex_ror,Spain,8,openalex,True
34795413,2021,United Kingdom,openalex_ror,United Kingdom,1,openalex,True
34790915,2021,China,openalex_ror,China,0,openalex,True
34788593,2021,United States,openalex_ror,United States,31,openalex,True
34784925,2021,South Korea,affil_country_name,South Korea,4,openalex,True
37641710,2021,Egypt,openalex_ror,Egypt,6,openalex,True
34778293,2021,Singapore,openalex_ror,China|Singapore,8,openalex,True
34768003,2021,Singapore,openalex_ror,India|Singapore,17,openalex,True
34761687,2021,Croatia,openalex_ror,Croatia,1,openalex,True
34759669,2021,India,affil_country_name,India,6,openalex,True
34756143,2021,Unknown,no_affiliation,,2,openalex,True
34756142,2021,Unknown,no_affiliation,,21,openalex,True
34756141,2021,Unknown,no_affiliation,,3,openalex,True
34756140,2021,Unknown,no_affiliation,,9,openalex,True
34753881,2022,Spain,openalex_ror,Spain,5,openalex,True
34751040,2021,Spain,openalex_ror,Spain,1,openalex,True
34741758,2021,China,openalex_ror,Austria|China|United Kingdom,29,openalex,True
34737545,2021,Canada,openalex_ror,Brazil|Canada|United States,20,openalex,True
34732680,2022,Germany,affil_country_name_over_openalex,Germany,22,openalex,True
34721950,2021,United States,openalex_ror,United States,7,openalex,True
34720985,2021,India,affil_country_name,India,0,openalex,True
34709501,2021,United Kingdom,affil_country_name_over_openalex,Austria|United Kingdom,5,openalex,True
34706380,2021,Greece,affil_city_hint,Germany|Greece|Switzerland,0,openalex,True
34704192,2021,China,openalex_ror,China,15,openalex,True
34694256,2022,Turkey,affil_country_name,Turkey,13,openalex,True
34690272,2021,Iran,openalex_ror,Iran|New Zealand,9,openalex,True
34679121,2021,United States,affil_country_name,Canada|Israel|United States,4,openalex,True
34675479,2021,United States,affil_country_name,United States,0,openalex,True
34675478,2021,Thailand,openalex_ror,Thailand,3,openalex,True
34675148,2021,Australia,openalex_ror,Australia,9,openalex,True
34670947,2022,Spain,openalex_ror,Spain,11,openalex,True
34670943,2022,China,openalex_ror,China,4,openalex,True
34670218,2021,China,openalex_ror,China,9,openalex,True
34667739,2021,China,openalex_ror,China,7,openalex,True
34667736,2021,China,openalex_ror,China,7,openalex,True
34665231,2021,China,openalex_ror,China,3,openalex,True
34665161,2021,Mexico,openalex_ror,Mexico,2,openalex,True
34661478,2021,Unknown,no_affiliation,,23,openalex,True
34661477,2021,Unknown,no_affiliation,,2,openalex,True
34661476,2021,Unknown,no_affiliation,,12,openalex,True
34661473,2021,Denmark,openalex_ror,Denmark,23,openalex,True
34646679,2021,Saudi Arabia,openalex_ror,Saudi Arabia,3,openalex,True
34644283,2022,Egypt,openalex_ror,Egypt,5,openalex,True
34635956,2021,Iran,openalex_ror,Iran,6,openalex,True
34624248,2021,Iran,openalex_ror,Iran,13,openalex,True
34599746,2021,Japan,openalex_ror,Japan,1,openalex,True
34595185,2021,China,openalex_ror,China|United States,23,openalex,True
34594105,2021,Italy,openalex_ror,Italy,12,openalex,True
34584335,2021,Kosovo,openalex_ror,Italy|Kosovo|Turkey,4,openalex,True
34580392,2021,Germany,openalex_ror,Germany,5,openalex,True
34573930,2021,Poland,affil_country_name,Germany|Poland,23,openalex,True
34571669,2021,India,openalex_ror,India,1,openalex,True
34571632,2021,India,openalex_ror,India,0,openalex,True
34571607,2021,India,affil_country_name,India,12,openalex,True
34564765,2021,Nepal,openalex_ror,Australia|Nepal|Pakistan|Spain|United States,3,openalex,True
34559401,2021,China,openalex_ror,China|Germany,13,openalex,True
34555080,2021,China,openalex_ror,China,16,openalex,True
34554360,2021,Israel,openalex_ror,Israel,2,openalex,True
34544088,2021,United States,affil_city_hint,United States,1,openalex,True
34540612,2021,China,openalex_ror,China,20,openalex,True
34540434,2021,United States,openalex_ror,United States,8,openalex,True
34538661,2021,France,openalex_ror,France,31,openalex,True
34533388,2021,Italy,openalex_ror,Italy,2,openalex,True
34533277,2021,Netherlands,openalex_ror,Germany|Israel|Netherlands,5,openalex,True
34530754,2021,China,openalex_ror,China,2,openalex,True
34526763,2021,Spain,openalex_ror,Germany|Spain,1,openalex,True
34524207,2022,Hong Kong,openalex_ror,Hong Kong,8,openalex,True
34513459,2021,United States,affil_country_name,Pakistan|United States,2,openalex,True
34506241,2021,Unknown,no_affiliation,,24,openalex,True
34506240,2021,Unknown,no_affiliation,,6,openalex,True
34503472,2021,China,openalex_ror,China,3,openalex,True
34503464,2021,China,openalex_ror,China,17,openalex,True
34501222,2021,United States,openalex_ror,United States,8,openalex,True
34501218,2021,United States,openalex_ror,United States,16,openalex,True
34497302,2021,Germany,openalex_ror,Germany,10,openalex,True
34486581,2022,United States,openalex_ror,United States,14,openalex,True
34486580,2022,Iran,openalex_ror,Iran,4,openalex,True
34483451,2021,Bosnia and Herzegovina,affil_country_name,Bosnia and Herzegovina|Croatia,1,openalex,True
34480727,2021,Italy,affil_country_name,Italy,9,openalex,True
34476600,2021,Iran,openalex_ror,Iran,10,openalex,True
34469435,2021,Germany,openalex_ror,Germany|Spain,1,openalex,True
34469342,2021,Germany,openalex_ror,Germany,18,openalex,True
34468462,2021,Netherlands,affil_country_name,Netherlands,0,openalex,True
34468458,2021,China,openalex_ror,China,7,openalex,True
34468457,2021,United Kingdom,openalex_ror,United Kingdom,5,openalex,True
34468456,2021,China,openalex_ror,China,9,openalex,True
34468455,2021,Spain,openalex_ror,Spain,16,openalex,True
34461000,2021,United States,openalex_ror,United States,3,openalex,True
34453607,2021,Australia,openalex_ror,Australia|China,7,openalex,True
34450111,2021,United States,openalex_ror,United States,7,openalex,True
34432117,2021,Austria,openalex_ror,Austria|Germany,5,openalex,True
34431901,2021,Brazil,openalex_ror,Brazil,5,openalex,True
34431899,2021,Turkey,affil_country_name,Turkey,4,openalex,True
34427627,2021,Mexico,openalex_ror,Mexico,12,openalex,True
34426768,2021,United States,openalex_ror,United States,0,openalex,True
34417707,2021,United States,openalex_ror,United States,136,openalex,True
34414088,2021,Iran,openalex_ror,Iran,6,openalex,True
34408389,2021,Egypt,openalex_ror,Egypt,13,openalex,True
34393181,2022,Australia,openalex_ror,Australia,0,openalex,True
34393178,2021,Iran,openalex_ror,Iran,6,openalex,True
34392473,2021,China,openalex_ror,China,3,openalex,True
34388076,2021,Unknown,no_affiliation,,7,openalex,True
34388072,2021,Unknown,no_affiliation,,7,openalex,True
34388071,2021,Unknown,no_affiliation,,12,openalex,True
34388069,2021,Unknown,no_affiliation,,29,openalex,True
34385916,2021,Italy,openalex_ror,Italy,4,openalex,True
34384340,2021,New Zealand,openalex_ror,New Zealand,11,openalex,True
34381620,2021,India,openalex_ror,India,11,openalex,True
34370173,2021,Spain,openalex_ror,Greece|Spain,9,openalex,True
34367786,2021,India,openalex_ror,India,1,openalex,True
34366127,2021,France,openalex_ror,France,4,openalex,True
34362982,2021,China,openalex_ror,China,7,openalex,True
34353057,2021,China,openalex_ror,China,23,openalex,True
37641615,2021,Egypt,openalex_ror,Egypt|Saudi Arabia,6,openalex,True
34345164,2021,Egypt,openalex_ror,Egypt,21,openalex,True
34344123,2021,China,openalex_ror,China,0,openalex,True
34340777,2021,Spain,affil_country_name_over_openalex,Mexico|Spain,2,openalex,True
34340669,2021,China,openalex_ror,China,33,openalex,True
34326281,2022,Spain,openalex_ror,Spain,23,openalex,True
34313139,2021,Spain,openalex_ror,Spain,1,openalex,True
34310351,2022,Australia,openalex_ror,Australia,0,openalex,True
34301233,2021,China,openalex_ror,China,13,openalex,True
34300233,2021,United States,openalex_ror,United States,14,openalex,True
34295616,2021,Germany,openalex_ror,Germany|Singapore,28,openalex,True
34294635,2021,United States,openalex_ror,United States,10,openalex,True
34292893,2021,Spain,openalex_ror,Spain,7,openalex,True
34292889,2021,Australia,openalex_ror,Australia,2,openalex,True
34290197,2021,China,openalex_ror,China,14,openalex,True
34290034,2021,India,openalex_ror,India,1,openalex,True
34287694,2021,South Korea,openalex_ror,South Korea,8,openalex,True
34284749,2021,China,openalex_ror,China,2,openalex,True
34282390,2021,China,openalex_ror,China,25,openalex,True
34281477,2021,United States,openalex_ror,United States,10,openalex,True
34278211,2021,India,openalex_ror,India,12,openalex,True
34277789,2021,China,openalex_ror,China,12,openalex,True
34269097,2021,Israel,openalex_ror,Israel,0,openalex,True
34268398,2021,China,openalex_ror,China,3,openalex,True
34267499,2021,United States,openalex_ror,United States,0,openalex,True
34262253,2021,India,affil_country_name,India,0,openalex,True
36660114,2021,Bosnia and Herzegovina,affil_country_name,Bosnia and Herzegovina|Croatia,2,openalex,True
34259803,2021,South Korea,openalex_ror,South Korea|United States,34,openalex,True
34258051,2021,India,openalex_ror,India,7,openalex,True
34248580,2021,Italy,openalex_ror,Italy,1,openalex,True
34247218,2021,Italy,openalex_ror,Italy|United Kingdom,4,openalex,True
34244978,2021,United States,openalex_ror,United States,0,openalex,True
34244977,2021,United Kingdom,openalex_ror,Spain|United Kingdom,0,openalex,True
34244000,2021,Spain,openalex_ror,Spain,1,openalex,True
34241701,2021,Germany,openalex_ror,Germany,27,openalex,True
34236910,2021,Spain,affil_country_name_propagated,Spain,0,openalex,True
34236907,2021,Unknown,no_affiliation,,19,openalex,True
34236905,2021,Unknown,no_affiliation,,13,openalex,True
34236902,2021,Unknown,no_affiliation,,14,openalex,True
34233585,2021,Australia,openalex_ror,Australia|Canada|United Kingdom|United States,5,openalex,True
34231433,2021,Turkey,affil_country_name,Turkey,1,openalex,True
34221494,2021,China,openalex_ror,China,8,openalex,True
34204958,2021,United States,openalex_ror,United States,13,openalex,True
34198433,2021,China,openalex_ror,China,9,openalex,True
34191032,2023,United States,openalex_ror,United States,8,openalex,True
34185167,2021,Israel,openalex_ror,Canada|Israel,11,openalex,True
34170776,2021,Unknown,no_affiliation,,11,openalex,True
34169467,2021,United States,openalex_ror,United States,2,openalex,True
34163129,2021,United States,affil_country_name,United States,5,openalex,True
34156780,2021,Russia,openalex_ror,Russia,0,openalex,True
34156777,2021,Russia,openalex_ror,Russia,2,openalex,True
34150532,2021,China,openalex_ror,China,6,openalex,True
34150531,2021,Poland,affil_country_name,Poland,0,openalex,True
34148702,2021,France,openalex_ror,France,4,openalex,True
34146044,2021,India,openalex_ror,India,4,openalex,True
34146043,2021,India,openalex_ror,India,4,openalex,True
34146011,2021,India,openalex_ror,India|United Kingdom,11,openalex,True
34146007,2021,India,openalex_ror,Australia|India,87,openalex,True
34135568,2021,Switzerland,openalex_ror,Switzerland,9,openalex,True
34130538,2021,China,openalex_ror,China,12,openalex,True
34129211,2021,United States,openalex_ror,United States,44,openalex,True
34128496,2021,Spain,openalex_ror,Spain,35,openalex,True
34128385,2021,Singapore,openalex_ror,Singapore|United States,19,openalex,True
34118276,2021,China,openalex_ror,China,21,openalex,True
34117538,2021,Egypt,openalex_ror,Egypt,8,openalex,True
34117389,2021,China,openalex_ror,China,8,openalex,True
34097113,2021,Israel,openalex_ror,Israel,9,openalex,True
34095607,2021,Colombia,affil_country_name,Brazil|Colombia|Switzerland,1,openalex,True
34091554,2022,Greece,openalex_ror,Greece,5,openalex,True
34091553,2021,United States,openalex_ror,United States,4,openalex,True
34091500,2021,China,openalex_ror,China,2,openalex,True
34086008,2021,United States,openalex_ror,United States,10,openalex,True
34074995,2022,Spain,openalex_ror,Spain,2,openalex,True
34074993,2021,Greece,affil_country_name_over_openalex,Greece,11,openalex,True
34072378,2021,South Korea,openalex_ror,South Korea,3,openalex,True
34070242,2021,Switzerland,affil_country_name_over_openalex,Russia|Serbia|Switzerland,5,openalex,True
34065718,2021,South Korea,openalex_ror,South Korea,7,openalex,True
34050067,2021,Greece,openalex_ror,Greece,18,openalex,True
34044692,2021,Unknown,no_affiliation,,24,openalex,True
34044689,2021,Unknown,no_affiliation,,4,openalex,True
34043738,2021,Spain,openalex_ror,Spain,5,openalex,True
34041930,2021,Ireland,affil_country_name,France|Germany|Ireland|Italy|Poland|Portugal|Russia|Spain|Switzerland|Turkey,11,openalex,True
34038662,2021,Unknown,no_affiliation,,28,openalex,True
34038660,2021,Unknown,no_affiliation,,9,openalex,True
34038658,2021,Unknown,no_affiliation,,13,openalex,True
34038306,2021,China,affil_country_name,China,2,openalex,True
34038303,2021,Unknown,no_affiliation,,10,openalex,True
34038300,2021,Unknown,no_affiliation,,37,openalex,True
34038297,2021,Unknown,no_affiliation,,4,openalex,True
34034681,2021,China,affil_country_name,China,8,openalex,True
34030503,2021,India,openalex_ror,India,0,openalex,True
34016861,2021,Singapore,affil_country_name,Singapore,0,openalex,True
34016860,2021,Belgium,affil_country_name,Belgium,0,openalex,True
34016859,2021,Portugal,affil_country_name,Portugal,0,openalex,True
34016858,2021,Peru,affil_country_name,Peru,0,openalex,True
34016857,2021,Germany,affil_country_name,Germany,0,openalex,True
34016856,2021,Brazil,affil_country_name,Brazil,0,openalex,True
34016855,2021,United States,affil_city_hint,United States,0,openalex,True
34016854,2021,Unknown,no_affiliation,,0,openalex,True
34012891,2021,Indonesia,openalex_ror,Indonesia,11,openalex,True
34012890,2021,China,openalex_ror,China,21,openalex,True
34011754,2021,Taiwan,openalex_ror,Taiwan,4,openalex,True
34011047,2021,China,openalex_ror,China,5,openalex,True
34010104,2021,Croatia,openalex_ror,Croatia,0,openalex,True
34009511,2021,United States,openalex_ror,United States,20,openalex,True
34003943,2021,Spain,openalex_ror,Spain,7,openalex,True
33992084,2021,Iran,openalex_ror,Iran,43,openalex,True
33989233,2021,United States,openalex_ror,United States,14,openalex,True
33986846,2021,China,openalex_ror,China,2,openalex,True
33982437,2021,China,openalex_ror,China,13,openalex,True
33979108,2021,Spain,openalex_ror,Spain,15,openalex,True
33976687,2021,Mexico,openalex_ror,Mexico,9,openalex,True
33958854,2021,United States,openalex_ror,United States,1,openalex,True
33947941,2021,Japan,openalex_ror,Japan,1,openalex,True
33946455,2021,Spain,openalex_ror,Italy|Spain,11,openalex,True
33945570,2021,Germany,openalex_ror,Germany,21,openalex,True
33938384,2021,Australia,openalex_ror,Australia,0,openalex,True
33935491,2021,South Korea,openalex_ror,South Korea,5,openalex,True
33935490,2021,Egypt,openalex_ror,Egypt,2,openalex,True
33934904,2021,France,openalex_ror,France,0,openalex,True
33931424,2021,India,affil_country_name,India,9,openalex,True
33929804,2021,Belgium,openalex_ror,Belgium,14,openalex,True
33926640,2021,United States,openalex_ror,United States,27,openalex,True
33911210,2021,United Kingdom,openalex_ror,United Kingdom,1,openalex,True
33910801,2021,Italy,openalex_ror,Italy,2,openalex,True
33907531,2021,Poland,affil_city_hint,Poland,2,openalex,True
33907375,2021,United States,openalex_ror,United States,3,openalex,True
33901097,2021,Ireland,affil_country_name_over_openalex,Ireland|South Korea|United Kingdom,1,openalex,True
33901096,2021,Australia,openalex_ror,Australia,1,openalex,True
33901065,2021,Unknown,no_affiliation,,5,openalex,True
33895344,2021,United States,openalex_ror,United States,0,openalex,True
33892729,2021,South Korea,openalex_ror,South Korea,29,openalex,True
33892554,2021,China,openalex_ror,China,2,openalex,True
33891212,2021,China,openalex_ror,China,18,openalex,True
33878199,2021,China,openalex_ror,China,10,openalex,True
33875942,2021,China,openalex_ror,China,27,openalex,True
33869890,2021,United States,openalex_ror,United States,9,openalex,True
33867759,2020,United States,openalex_ror,United States,0,openalex,True
33866730,2021,Pakistan,affil_country_name,Pakistan,3,openalex,True
33864783,2021,United States,openalex_ror,United States,8,openalex,True
33863311,2021,Germany,affil_country_name,Germany,47,openalex,True
33858699,2021,Saudi Arabia,openalex_ror,Saudi Arabia,2,openalex,True
33852551,2021,Spain,openalex_ror,Spain,2,openalex,True
33849476,2021,Taiwan,openalex_ror,Taiwan,10,openalex,True
33842594,2021,China,openalex_ror,China,20,openalex,True
33842006,2020,Singapore,openalex_ror,Singapore,52,openalex,True
33836914,2021,France,openalex_ror,France,8,openalex,True
33832118,2021,South Korea,openalex_ror,South Korea,4,openalex,True
33832051,2021,China,openalex_ror,China,4,openalex,True
33832048,2021,China,openalex_ror,China,1,openalex,True
33822679,2021,United States,openalex_ror,United States,26,openalex,True
33818490,2021,Singapore,openalex_ror,Singapore,51,openalex,True
33788073,2021,India,openalex_ror,India,3,openalex,True
33783676,2021,China,openalex_ror,China,8,openalex,True
33782267,2022,United States,openalex_ror,United States,1,openalex,True
33777445,2021,Taiwan,openalex_ror,Taiwan,5,openalex,True
33770391,2021,China,openalex_ror,China,17,openalex,True
33770171,2021,Italy,openalex_ror,Italy,35,openalex,True
33769921,2021,Spain,openalex_ror,Spain,26,openalex,True
33769762,2021,Germany,openalex_ror,Germany,8,openalex,True
33769761,2021,Italy,affil_country_name_over_openalex,Italy,43,openalex,True
33769593,2021,India,openalex_ror,Australia|India,34,openalex,True
33762815,2021,United States,openalex_ror,United States,61,openalex,True
33761045,2021,Saudi Arabia,openalex_ror,Saudi Arabia,13,openalex,True
33751303,2021,Israel,openalex_ror,Israel,19,openalex,True
33748994,2021,Australia,openalex_ror,Australia,0,openalex,True
33747829,2021,Italy,openalex_ror,Italy,2,openalex,True
33747821,2021,China,affil_country_name,China,3,openalex,True
33747820,2021,China,openalex_ror,China,16,openalex,True
33745871,2021,Canada,openalex_ror,Canada,5,openalex,True
33741072,2021,China,openalex_ror,China|Italy|United Kingdom,12,openalex,True
33733442,2021,Turkey,affil_country_name,Turkey,1,openalex,True
33730316,2021,Turkey,openalex_ror,Turkey,2,openalex,True
33727789,2021,Egypt,openalex_ror,Egypt,0,openalex,True
33727101,2021,Australia,affil_country_name_over_openalex,Australia|Canada,0,openalex,True
33725268,2021,Colombia,openalex_ror,Colombia,13,openalex,True
33722277,2021,Japan,affil_country_name,Japan,2,openalex,True
33716013,2021,Italy,affil_country_name_over_openalex,Italy,8,openalex,True
33689606,2021,Turkey,openalex_ror,Turkey,7,openalex,True
33688156,2021,Canada,openalex_ror,Canada,0,openalex,True
33678653,2021,China,openalex_ror,China,3,openalex,True
33664562,2021,Norway,openalex_ror,Norway,20,openalex,True
33661364,2021,China,openalex_ror,China|United States,40,openalex,True
33642854,2021,Portugal,openalex_ror,Portugal,7,openalex,True
33633469,2021,Portugal,openalex_ror,Portugal,10,openalex,True
33630150,2021,Germany,openalex_ror,Austria|Germany,27,openalex,True
33629728,2022,United States,openalex_ror,United States,19,openalex,True
33625651,2021,Italy,openalex_ror,Italy,29,openalex,True
33623364,2021,United States,openalex_ror,United States,5,openalex,True
33614459,2021,China,openalex_ror,China,7,openalex,True
33609200,2021,Singapore,openalex_ror,Italy|Lebanon|Singapore|Spain,45,openalex,True
33607948,2021,China,openalex_ror,China,5,openalex,True
33605945,2021,United States,affil_country_name,United States,,,False
33603895,2021,Romania,openalex_ror,Romania,6,openalex,True
33603331,2021,United States,openalex_ror,United States,13,openalex,True
33603326,2021,United States,affil_country_name,United States,3,openalex,True
33599172,2021,Turkey,openalex_ror,Turkey,16,openalex,True
33598633,2021,Germany,openalex_ror,Germany,0,openalex,True
33596623,2021,Egypt,openalex_ror,Egypt,9,openalex,True
33577701,2021,Unknown,no_affiliation,,0,openalex,True
33577277,2021,United States,openalex_ror,United States,1,openalex,True
33575533,2020,Saudi Arabia,openalex_ror,Saudi Arabia,6,openalex,True
33573798,2021,France,openalex_ror,France,0,openalex,True
33560744,2021,Israel,openalex_ror,Israel,6,openalex,True
33560675,2021,South Korea,openalex_ror,South Korea,10,openalex,True
33556075,2021,China,openalex_ror,China,28,openalex,True
33548046,2021,China,openalex_ror,China,44,openalex,True
33546149,2021,Germany,affil_country_name,Germany,7,openalex,True
33546027,2021,Spain,openalex_ror,Peru|Spain,11,openalex,True
33545171,2021,United States,openalex_ror,United Kingdom|United States,10,openalex,True
33542985,2020,Saudi Arabia,openalex_ror,Saudi Arabia,5,openalex,True
33542980,2020,Saudi Arabia,openalex_ror,Saudi Arabia,11,openalex,True
33542541,2021,Czechia,openalex_ror,Czechia,6,openalex,True
33541051,2021,China,openalex_ror,China,3,openalex,True
33541047,2021,China,openalex_ror,China,0,openalex,True
33529586,2021,Chile,openalex_ror,Chile,15,openalex,True
33520302,2021,China,openalex_ror,China,1,openalex,True
33516763,2021,United States,openalex_ror,United States,23,openalex,True
33515419,2021,United States,openalex_ror,United States,10,openalex,True
33500124,2021,United States,openalex_ror,Brazil|United States,57,openalex,True
33494622,2021,China,openalex_ror,China,21,openalex,True
33492010,2021,Saudi Arabia,openalex_ror,Saudi Arabia,11,openalex,True
33489342,2020,Iran,openalex_ror,Iran,28,openalex,True
33475960,2021,Egypt,openalex_ror,Egypt,15,openalex,True
33470676,2021,India,openalex_ror,India,6,openalex,True
33470341,2021,Brazil,openalex_ror,Brazil,5,openalex,True
33470283,2020,Brazil,openalex_ror,Brazil,0,openalex,True
33468105,2021,China,openalex_ror,China,17,openalex,True
33468076,2021,China,openalex_ror,China,12,openalex,True
33468074,2021,China,openalex_ror,China,10,openalex,True
33466126,2021,China,openalex_ror,China,7,openalex,True
33456601,2020,Iran,openalex_ror,Iran,2,openalex,True
33437231,2020,Saudi Arabia,openalex_ror,Saudi Arabia,6,openalex,True
33432996,2021,Unknown,no_affiliation,,25,openalex,True
33432995,2021,Unknown,no_affiliation,,26,openalex,True
33432993,2021,Unknown,no_affiliation,,16,openalex,True
33432992,2021,Unknown,no_affiliation,,13,openalex,True
33432991,2021,Unknown,no_affiliation,,20,openalex,True
33426776,2021,Australia,affil_country_name,Australia,,,False
33426775,2021,Italy,openalex_ror,Italy,3,openalex,True
33422053,2021,South Korea,openalex_ror,South Korea,1,openalex,True
33420518,2021,Germany,openalex_ror,Germany,1,openalex,True
33417662,2020,Bosnia and Herzegovina,affil_country_name_over_openalex,Bosnia and Herzegovina|Croatia,7,openalex,True
33412407,2020,Saudi Arabia,openalex_ror,Saudi Arabia,5,openalex,True
33400926,2021,China,openalex_ror,China,47,openalex,True
33398494,2021,France,openalex_ror,France,3,openalex,True
33390254,2020,France,openalex_ror,France,0,openalex,True
33390036,2021,Spain,affil_country_name,Spain,3,openalex,True
33389422,2021,Turkey,affil_country_name,Turkey,3,openalex,True
33384166,2020,Spain,openalex_ror,Spain,3,openalex,True
33381263,2020,Germany,openalex_ror,Germany,11,openalex,True
33380786,2020,Saudi Arabia,openalex_ror,Saudi Arabia,8,openalex,True
33379378,2020,Italy,openalex_ror,Italy,6,openalex,True
33378342,2020,Denmark,openalex_ror,Denmark,6,openalex,True
33376296,2020,Egypt,openalex_ror,Egypt,5,openalex,True
33371652,2020,Russia,openalex_ror,Russia,8,openalex,True
33369925,2020,India,openalex_ror,India,7,openalex,True
33367171,2020,Romania,openalex_ror,Romania,3,openalex,True
33358474,2020,France,openalex_ror,France,4,openalex,True
33344199,2020,China,openalex_ror,China,0,openalex,True
33344196,2020,Brazil,affil_country_name,Brazil,6,openalex,True
33342057,2020,China,openalex_ror,China,13,openalex,True
33337792,2021,Unknown,no_affiliation,,0,openalex,True
33336797,2020,China,openalex_ror,China|United States,33,openalex,True
33331131,2020,Iran,affil_country_name,Iran,,,False
33328768,2020,United States,openalex_ror,United States,2,openalex,True
33328722,2020,United States,openalex_ror,United States,5,openalex,True
33326987,2020,China,openalex_ror,China,7,openalex,True
33326173,2020,Taiwan,openalex_ror,Taiwan,30,openalex,True
33319122,2020,United States,openalex_ror,United States,9,openalex,True
33315894,2020,Spain,openalex_ror,Spain,18,openalex,True
33315742,2021,Mexico,affil_country_name_over_openalex,Mexico,6,openalex,True
33315737,2021,Hong Kong,openalex_ror,Hong Kong,7,openalex,True
33315735,2021,France,affil_country_name_over_openalex,France,7,openalex,True
33315734,2021,Switzerland,openalex_ror,Switzerland,23,openalex,True
33313044,2020,China,openalex_ror,China,17,openalex,True
33307790,2020,Israel,openalex_ror,Israel,12,openalex,True
33303426,2020,South Korea,openalex_ror,South Korea,10,openalex,True
33296261,2020,China,openalex_ror,China|United Kingdom,32,openalex,True
33295998,2020,Unknown,no_affiliation,,16,openalex,True
33295995,2020,Unknown,no_affiliation,,0,openalex,True
33295990,2020,Unknown,no_affiliation,,50,openalex,True
33295217,2020,Israel,openalex_ror,Israel,13,openalex,True
33293787,2020,Egypt,openalex_ror,Egypt,11,openalex,True
33292814,2020,China,openalex_ror,China,20,openalex,True
33292492,2020,China,openalex_ror,China,3,openalex,True
33275175,2020,Germany,openalex_ror,Austria|Germany,8,openalex,True
33273267,2021,India,openalex_ror,India,5,openalex,True
33273190,2021,United States,openalex_ror,United States,3,openalex,True
33273152,2021,India,affil_country_name,Greece|India|Switzerland,1,openalex,True
33263285,2020,United States,openalex_ror,United States,65,openalex,True
33259395,2020,India,affil_country_name,India,0,openalex,True
33259394,2020,Mexico,affil_country_name,Mexico,0,openalex,True
33259393,2020,Unknown,unresolved,,0,openalex,True
33259392,2020,Unknown,no_affiliation,,4,openalex,True
33259389,2020,Iran,openalex_ror,Iran,8,openalex,True
33255392,2020,Spain,openalex_ror,Spain,25,openalex,True
33252566,2021,Poland,openalex_ror,Poland,15,openalex,True
33252563,2021,India,openalex_ror,India,2,openalex,True
33252562,2021,Germany,openalex_ror,Germany,14,openalex,True
33245060,2020,India,affil_country_name,India,12,openalex,True
33244219,2020,United States,affil_country_name,United States,2,openalex,True
33240901,2020,China,openalex_ror,China|United States,32,openalex,True
33239861,2020,Greece,openalex_ror,Greece,24,openalex,True
33238750,2020,India,affil_country_name,India,2,openalex,True
33235434,2020,United States,affil_country_name,United States,19,openalex,True
33235430,2020,United States,openalex_ror,United States,34,openalex,True
33231800,2020,China,affil_country_name,China,2,openalex,True
33229709,2020,India,openalex_ror,India,4,openalex,True
33229708,2020,India,openalex_ror,India,14,openalex,True
33229707,2020,India,openalex_ror,India,7,openalex,True
33229706,2020,India,openalex_ror,India|United States,3,openalex,True
33229705,2020,United States,openalex_ror,United States,7,openalex,True
33229703,2020,India,affil_country_name,India,0,openalex,True
33229702,2020,India,openalex_ror,India,2,openalex,True
33229701,2020,India,affil_country_name,India,1,openalex,True
33229700,2020,China,openalex_ror,China|United States,4,openalex,True
33229699,2020,India,openalex_ror,India,3,openalex,True
33229698,2020,India,openalex_ror,India,5,openalex,True
33229696,2020,India,affil_country_name,India,0,openalex,True
33229695,2020,India,openalex_ror,India,0,openalex,True
33229694,2020,India,affil_country_name,India,1,openalex,True
33229693,2020,India,affil_country_name,India,0,openalex,True
33229692,2020,India,openalex_ror,India,2,openalex,True
33229686,2020,India,openalex_ror,India,7,openalex,True
33229684,2020,India,affil_country_name,India,4,openalex,True
33229683,2020,India,openalex_ror,India,4,openalex,True
33229682,2020,India,openalex_ror,India,6,openalex,True
33229681,2020,Japan,openalex_ror,Japan,8,openalex,True
33229680,2020,India,openalex_ror,India,1,openalex,True
33229679,2020,India,openalex_ror,India,6,openalex,True
33229678,2020,Israel,openalex_ror,Israel,6,openalex,True
33229677,2020,India,openalex_ror,India,3,openalex,True
33229676,2020,India,openalex_ror,India,12,openalex,True
33229675,2020,China,affil_country_name,China,15,openalex,True
33229674,2020,Turkey,affil_country_name,Turkey,8,openalex,True
33229662,2020,India,openalex_ror,India,4,openalex,True
33229661,2020,United Kingdom,openalex_ror,India|United Kingdom|United States,28,openalex,True
33229660,2020,India,openalex_ror,India,16,openalex,True
33229657,2020,India,openalex_ror,India|Italy,33,openalex,True
33229656,2020,India,openalex_ror,India,33,openalex,True
33229655,2020,India,openalex_ror,Australia|India,25,openalex,True
33229651,2020,India,affil_country_name,Greece|India|Switzerland|United States,39,openalex,True
33229650,2020,India,openalex_ror,India,22,openalex,True
33229648,2020,India,openalex_ror,India,37,openalex,True
33229647,2020,India,openalex_ror,India|Singapore,53,openalex,True
33229646,2020,India,affil_country_name,India,8,openalex,True
33229645,2020,India,affil_country_name,India,16,openalex,True
33229644,2020,Egypt,openalex_ror,Egypt,13,openalex,True
33229635,2020,India,openalex_ror,India,13,openalex,True
33229633,2020,India,affil_country_name,India,2,openalex,True
33229631,2020,India,openalex_ror,India,0,openalex,True
33223821,2020,United States,affil_country_name,United States,6,openalex,True
33221325,2020,Japan,openalex_ror,Japan,75,openalex,True
33219659,2021,United States,openalex_ror,United States,7,openalex,True
33215010,2020,South Korea,openalex_ror,China|South Korea,4,openalex,True
33215001,2020,China,openalex_ror,China,3,openalex,True
33214416,2021,China,openalex_ror,China,8,openalex,True
33214413,2021,United States,affil_city_hint,United States,14,openalex,True
33208352,2020,Spain,openalex_ror,Spain,34,openalex,True
33207383,2020,Unknown,no_affiliation,,11,openalex,True
33197451,2020,China,openalex_ror,China,24,openalex,True
33196573,2021,Mexico,openalex_ror,Mexico,6,openalex,True
33196544,2021,United States,openalex_ror,United States,8,openalex,True
33187386,2020,Taiwan,openalex_ror,Taiwan,2,openalex,True
33181632,2021,Denmark,openalex_ror,Denmark,3,openalex,True
33181628,2021,Denmark,openalex_ror,Denmark,10,openalex,True
33172714,2020,France,openalex_ror,France,5,openalex,True
33170285,2020,Unknown,no_affiliation,,40,openalex,True
33170284,2020,Unknown,no_affiliation,,7,openalex,True
33170278,2020,Unknown,no_affiliation,,25,openalex,True
33163228,2020,China,openalex_ror,China|United States,15,openalex,True
33158609,2020,France,affil_country_name_over_openalex,France,7,openalex,True
33157908,2020,China,openalex_ror,China,5,openalex,True
33154614,2020,United States,openalex_ror,United States,9,openalex,True
33151244,2020,Italy,openalex_ror,Italy,2,openalex,True
33149067,2020,United States,openalex_ror,United States,15,openalex,True
33149048,2021,United States,openalex_ror,United States,23,openalex,True
33149046,2021,Germany,openalex_ror,Germany,18,openalex,True
33149045,2021,Spain,openalex_ror,Spain,14,openalex,True
33139878,2020,Italy,openalex_ror,Italy|United States,67,openalex,True
33139876,2020,Turkey,openalex_ror,Turkey,17,openalex,True
33135507,2020,China,openalex_ror,China|Italy,4,openalex,True
33133438,2020,Iran,openalex_ror,Iran,3,openalex,True
33128672,2020,Egypt,openalex_ror,Egypt,13,openalex,True
33128671,2020,Spain,openalex_ror,Spain,6,openalex,True
33126654,2020,Japan,openalex_ror,Japan,6,openalex,True
33124450,2020,Spain,openalex_ror,Spain,2,openalex,True
33122882,2020,Egypt,openalex_ror,Egypt,2,openalex,True
33122489,2021,United States,openalex_ror,United States,14,openalex,True
33120693,2020,Brazil,openalex_ror,Brazil,3,openalex,True
33116393,2020,United States,openalex_ror,United States,12,openalex,True
33116382,2020,Hong Kong,affil_country_name,Hong Kong,14,openalex,True
33116373,2020,United States,affil_country_name,United States,12,openalex,True
33116359,2020,Egypt,openalex_ror,Egypt,4,openalex,True
33097521,2020,South Korea,openalex_ror,South Korea,5,openalex,True
33096271,2020,United States,openalex_ror,United States,16,openalex,True
33093898,2020,China,openalex_ror,China,7,openalex,True
33093154,2020,India,affil_country_name,India|United Kingdom,26,openalex,True
33088244,2020,Finland,openalex_ror,Finland,13,openalex,True
33083053,2020,China,openalex_ror,China,5,openalex,True
33083051,2020,France,affil_country_name_over_openalex,France,4,openalex,True
33066752,2020,China,openalex_ror,China,9,openalex,True
33062315,2020,China,openalex_ror,China|Philippines,9,openalex,True
33061271,2020,Singapore,openalex_ror,Singapore,12,openalex,True
33061262,2020,Italy,openalex_ror,Italy,20,openalex,True
33059419,2020,China,affil_country_name,China,8,openalex,True
33056961,2020,Russia,openalex_ror,Russia,4,openalex,True
33054427,2020,China,openalex_ror,China,7,openalex,True
33047249,2020,Singapore,openalex_ror,Singapore|United Kingdom,10,openalex,True
33034360,2020,Unknown,no_affiliation,,22,openalex,True
33034359,2020,Unknown,no_affiliation,,6,openalex,True
33034357,2020,Unknown,no_affiliation,,51,openalex,True
33028265,2020,China,openalex_ror,China,12,openalex,True
33024325,2020,United Kingdom,openalex_ror,Israel|United Kingdom,4,openalex,True
33017121,2020,Iran,openalex_ror,Iran,20,openalex,True
33014490,2020,United States,openalex_ror,Egypt|United States,8,openalex,True
33004196,2020,France,openalex_ror,France,3,openalex,True
32999411,2020,China,openalex_ror,China,21,openalex,True
32991505,2021,South Korea,openalex_ror,South Korea,27,openalex,True
32991501,2020,Canada,affil_country_name,Canada,12,openalex,True
32980816,2020,Spain,openalex_ror,Spain,24,openalex,True
32976324,2020,United States,openalex_ror,United States,17,openalex,True
32972758,2020,Turkey,openalex_ror,Turkey,0,openalex,True
32965637,2020,Spain,openalex_ror,Colombia|Spain,7,openalex,True
32956581,2021,Canada,openalex_ror,Canada|Germany,16,openalex,True
32953593,2020,China,openalex_ror,China,7,openalex,True
32951669,2020,United States,openalex_ror,United States,0,openalex,True
32947408,2021,Iran,openalex_ror,Iran,13,openalex,True
32947394,2021,India,affil_country_name,India,26,openalex,True
32947389,2021,Belgium,openalex_ror,Belgium,14,openalex,True
32943835,2020,Egypt,openalex_ror,Egypt,9,openalex,True
32932367,2021,China,affil_country_name,China|United States,,,False
32932366,2021,Germany,openalex_ror,Germany,29,openalex,True
32926895,2020,Brazil,affil_country_name,Brazil,57,openalex,True
32925649,2021,United Kingdom,affil_country_name_over_openalex,United Kingdom,16,openalex,True
32925645,2021,Turkey,openalex_ror,Turkey,12,openalex,True
32925635,2021,India,openalex_ror,India,0,openalex,True
32922966,2020,China,openalex_ror,China,11,openalex,True
32915816,2020,Spain,openalex_ror,Spain,4,openalex,True
32910331,2020,Poland,affil_country_name,Poland|Spain,22,openalex,True
32905844,2020,United States,openalex_ror,United States,48,openalex,True
32904630,2020,South Korea,openalex_ror,South Korea,1,openalex,True
32903100,2020,Ireland,affil_country_name,Ireland|Spain,3,openalex,True
32902932,2021,Italy,openalex_ror,Italy,9,openalex,True
32902784,2020,Egypt,openalex_ror,Egypt,6,openalex,True
32901827,2020,Unknown,no_affiliation,,29,openalex,True
32901826,2020,Unknown,no_affiliation,,9,openalex,True
32901825,2020,Unknown,no_affiliation,,6,openalex,True
32901403,2020,China,openalex_ror,China,27,openalex,True
32898110,2020,Unknown,unresolved,,0,openalex,True
32898109,2020,China,affil_country_name,China,0,openalex,True
32898096,2020,Spain,openalex_ror,Spain,5,openalex,True
32892680,2020,United States,openalex_ror,United States,13,openalex,True
32868880,2020,Singapore,openalex_ror,Singapore,76,openalex,True
32864076,2020,Canada,openalex_ror,Canada,4,openalex,True
32854462,2020,Turkey,affil_country_name,Turkey,3,openalex,True
32848360,2020,United States,affil_country_name,United States,5,openalex,True
32847425,2020,China,openalex_ror,China,4,openalex,True
32841750,2020,Italy,openalex_ror,Germany|Italy,39,openalex,True
32841281,2020,Italy,openalex_ror,Italy,33,openalex,True
32840599,2020,United States,openalex_ror,United States,1,openalex,True
32840077,2020,China,openalex_ror,China,3,openalex,True
32832240,2020,Spain,openalex_ror,Spain,17,openalex,True
32826703,2021,France,openalex_ror,France,5,openalex,True
32826646,2020,China,openalex_ror,China,4,openalex,True
32821690,2020,Thailand,openalex_ror,Thailand,7,openalex,True
32821107,2020,China,openalex_ror,China|Hong Kong,15,openalex,True
32821083,2020,United States,openalex_ror,United States,12,openalex,True
32818358,2020,Taiwan,openalex_ror,Taiwan,7,openalex,True
32818347,2020,Israel,openalex_ror,Israel,6,openalex,True
32818116,2020,United States,openalex_ror,United States,17,openalex,True
32811175,2020,Israel,openalex_ror,Israel,6,openalex,True
32793715,2020,China,openalex_ror,China,12,openalex,True
32789082,2020,United States,openalex_ror,United States,1,openalex,True
32785724,2020,Unknown,no_affiliation,,8,openalex,True
32785723,2020,Unknown,no_affiliation,,3,openalex,True
32785722,2020,Unknown,no_affiliation,,9,openalex,True
32779827,2020,Australia,affil_country_name_over_openalex,Australia,8,openalex,True
32779464,2020,Russia,openalex_ror,Russia,2,openalex,True
32774907,2020,Iran,openalex_ror,Iran,25,openalex,True
32773550,2020,Unknown,no_affiliation,,0,openalex,True
32773548,2020,Germany,openalex_ror,Germany,20,openalex,True
32769749,2021,United States,openalex_ror,United States,33,openalex,True
32766464,2020,United States,openalex_ror,United States,19,openalex,True
32765745,2020,Romania,openalex_ror,Romania,19,openalex,True
32742060,2020,Bosnia and Herzegovina,affil_country_name_over_openalex,Bosnia and Herzegovina|Croatia,11,openalex,True
32739184,2020,Canada,openalex_ror,Canada,2,openalex,True
32739178,2020,Singapore,openalex_ror,Singapore,0,openalex,True
32737727,2020,Turkey,affil_country_name,Azerbaijan|Turkey,27,openalex,True
32733701,2020,China,openalex_ror,China,0,openalex,True
32732704,2020,Turkey,openalex_ror,Turkey,7,openalex,True
32727402,2020,China,openalex_ror,China|South Korea,11,openalex,True
32725487,2020,Italy,openalex_ror,Italy,17,openalex,True
32724668,2020,China,openalex_ror,China|Greece,2,openalex,True
32720171,2020,Spain,openalex_ror,Spain,6,openalex,True
32715156,2020,Japan,openalex_ror,Japan,11,openalex,True
32709958,2020,Singapore,openalex_ror,Belgium|France|Singapore|Spain|United Kingdom,197,openalex,True
32708510,2020,Singapore,openalex_ror,Italy|Singapore,40,openalex,True
32704414,2020,South Korea,affil_country_name,Singapore|South Korea,82,openalex,True
32703383,2020,Unknown,no_affiliation,,16,openalex,True
32703002,2020,India,openalex_ror,India,4,openalex,True
32701012,2020,United States,openalex_ror,United States,9,openalex,True
32700115,2020,Australia,affil_country_name,Australia,4,openalex,True
32698618,2020,Egypt,openalex_ror,Egypt,27,openalex,True
32695929,2020,Brazil,openalex_ror,Brazil,2,openalex,True
32694305,2021,India,openalex_ror,India,8,openalex,True
32687418,2020,Germany,openalex_ror,Germany,5,openalex,True
32685784,2020,Colombia,affil_country_name,Colombia|Germany,12,openalex,True
32683741,2020,Iran,openalex_ror,Iran,1,openalex,True
32682402,2020,South Korea,affil_country_name,South Korea,14,openalex,True
32680481,2020,China,openalex_ror,China|Germany,35,openalex,True
32675657,2020,India,openalex_ror,India,9,openalex,True
32671600,2020,China,openalex_ror,China,23,openalex,True
32668101,2020,Italy,openalex_ror,Italy,13,openalex,True
32666768,2020,Bulgaria,affil_country_name,Bulgaria,15,openalex,True
32657906,2020,United States,openalex_ror,United States,5,openalex,True
32656291,2020,China,openalex_ror,China,29,openalex,True
32656290,2020,China,openalex_ror,China,9,openalex,True
32653492,2020,United States,openalex_ror,United States,70,openalex,True
32646401,2020,South Korea,openalex_ror,South Korea,7,openalex,True
32644171,2020,Unknown,no_affiliation,,15,openalex,True
32644167,2020,Unknown,no_affiliation,,36,openalex,True
32644166,2020,Unknown,no_affiliation,,13,openalex,True
32643431,2020,China,openalex_ror,China,20,openalex,True
32637727,2020,Germany,openalex_ror,Germany,0,openalex,True
32630998,2020,Turkey,affil_country_name,Turkey,12,openalex,True
32620412,2020,Turkey,openalex_ror,Turkey,6,openalex,True
32617805,2020,Hong Kong,openalex_ror,Hong Kong,5,openalex,True
32615201,2020,United States,openalex_ror,United States,110,openalex,True
32607947,2020,Iran,openalex_ror,Iran,7,openalex,True
32606388,2020,South Korea,openalex_ror,South Korea,6,openalex,True
32601965,2020,India,affil_country_name,India,2,openalex,True
32601964,2020,China,openalex_ror,China,6,openalex,True
32597207,2020,Bosnia and Herzegovina,affil_country_name_over_openalex,Bosnia and Herzegovina,1,openalex,True
32591559,2020,South Korea,openalex_ror,South Korea,13,openalex,True
32587186,2020,India,openalex_ror,India,3,openalex,True
32574774,2020,Canada,openalex_ror,Canada,10,openalex,True
32570425,2020,Norway,openalex_ror,Norway,1,openalex,True
32569029,2020,China,openalex_ror,China,27,openalex,True
32566797,2020,India,affil_country_name,India,8,openalex,True
32566511,2020,South Korea,openalex_ror,South Korea,9,openalex,True
32560634,2020,China,openalex_ror,China,39,openalex,True
32558728,2020,Unknown,affil_unresolved,United States,10,openalex,True
32552787,2020,Canada,openalex_ror,Canada,22,openalex,True
32546954,2020,United States,openalex_ror,United States,25,openalex,True
32546746,2020,Israel,openalex_ror,Israel,9,openalex,True
32541415,2020,United Kingdom,affil_country_name,United Kingdom,0,openalex,True
32539132,2020,Switzerland,openalex_ror,Germany|Switzerland,35,openalex,True
32537477,2020,Greece,affil_country_name_over_openalex,China|Greece|United Kingdom,7,openalex,True
32530753,2020,Germany,affil_country_name,Germany,2,openalex,True
32521031,2020,Unknown,no_affiliation,,0,openalex,True
32521030,2020,Unknown,no_affiliation,Denmark,8,openalex,True
32521028,2020,Unknown,no_affiliation,,2,openalex,True
32521027,2020,Unknown,no_affiliation,,2,openalex,True
32521024,2020,Unknown,no_affiliation,,20,openalex,True
32521023,2020,Unknown,no_affiliation,,8,openalex,True
32521022,2020,Unknown,no_affiliation,,3,openalex,True
32519218,2020,Japan,openalex_ror,Japan,3,openalex,True
32510021,2020,Canada,affil_country_name,Canada,1,openalex,True
32503482,2020,Taiwan,openalex_ror,Taiwan,15,openalex,True
32498548,2020,Egypt,openalex_ror,Egypt,14,openalex,True
32495535,2020,South Korea,openalex_ror,South Korea,7,openalex,True
32495529,2020,South Korea,openalex_ror,South Korea,8,openalex,True
32494120,2020,Colombia,affil_country_name,Colombia,6,openalex,True
32488057,2020,South Korea,openalex_ror,South Korea,6,openalex,True
32487813,2020,United States,openalex_ror,United States,11,openalex,True
32487809,2020,United States,openalex_ror,United States,7,openalex,True
32485706,2020,China,openalex_ror,China|United States,24,openalex,True
32483077,2020,United States,openalex_ror,United States,11,openalex,True
32483074,2020,Iran,openalex_ror,Iran,14,openalex,True
32472791,2020,Brazil,openalex_ror,Brazil,1,openalex,True
32468871,2020,China,openalex_ror,China,11,openalex,True
32461475,2020,Greece,openalex_ror,Greece,4,openalex,True
32461423,2020,India,affil_country_name,India,0,openalex,True
32461422,2020,India,affil_country_name,India,12,openalex,True
32460319,2020,China,openalex_ror,China|Hong Kong|United States,16,openalex,True
32447511,2020,Turkey,openalex_ror,Turkey,3,openalex,True
32444016,2020,Unknown,no_affiliation,,2,openalex,True
32439395,2020,Spain,openalex_ror,Spain,12,openalex,True
32433759,2020,China,openalex_ror,China,27,openalex,True
32430870,2020,Turkey,openalex_ror,Turkey|United States,2,openalex,True
32426553,2020,United States,openalex_ror,United States,9,openalex,True
32425495,2020,United States,openalex_ror,United States,24,openalex,True
32420226,2020,Egypt,affil_country_name,Egypt,6,openalex,True
32420225,2020,China,openalex_ror,China,11,openalex,True
32419383,2020,China,openalex_ror,China,98,openalex,True
32413008,2020,India,affil_country_name,India,18,openalex,True
32412958,2020,United States,openalex_ror,United States,9,openalex,True
32411425,2020,China,openalex_ror,China|Hong Kong|United States,20,openalex,True
32410891,2020,Serbia,affil_country_name,Bosnia and Herzegovina|Serbia,14,openalex,True
32410588,2020,South Korea,openalex_ror,South Korea,29,openalex,True
32399405,2020,China,openalex_ror,China,19,openalex,True
32398471,2020,Norway,openalex_ror,Norway,11,openalex,True
32398416,2020,United States,openalex_ror,United States,46,openalex,True
32396643,2020,Unknown,no_affiliation,,6,openalex,True
32396642,2020,Unknown,no_affiliation,,9,openalex,True
32396641,2020,Unknown,no_affiliation,,25,openalex,True
32396640,2020,Unknown,no_affiliation,,13,openalex,True
32388671,2020,Turkey,affil_country_name,Turkey,2,openalex,True
32384420,2020,Peru,affil_country_name_over_openalex,Peru,34,openalex,True
32379087,2020,Germany,openalex_ror,Germany,31,openalex,True
32377418,2020,China,openalex_ror,China,41,openalex,True
32361861,2020,Germany,openalex_ror,Germany,16,openalex,True
32358276,2020,Japan,openalex_ror,Japan,6,openalex,True
32358272,2020,Germany,affil_country_name_over_openalex,Germany,10,openalex,True
32358271,2020,Israel,openalex_ror,Israel,10,openalex,True
32355080,2020,Iran,openalex_ror,Iran,2,openalex,True
32351721,2020,China,openalex_ror,China|United States,7,openalex,True
32349906,2020,Spain,openalex_ror,Spain,0,openalex,True
32347695,2020,South Korea,affil_country_name_over_openalex,South Korea,27,openalex,True
32341434,2020,Spain,openalex_ror,Spain,8,openalex,True
32341315,2020,Iran,openalex_ror,Iran,16,openalex,True
32335058,2020,United States,openalex_ror,United States,13,openalex,True
32334584,2020,China,openalex_ror,China,31,openalex,True
32328759,2020,China,openalex_ror,China,10,openalex,True
32326563,2020,Italy,openalex_ror,Italy,13,openalex,True
32323165,2020,Brazil,openalex_ror,Brazil,3,openalex,True
32318279,2020,United States,openalex_ror,United States,4,openalex,True
32318276,2020,Italy,openalex_ror,Germany|Italy,7,openalex,True
32317475,2020,India,openalex_ror,India,5,openalex,True
32317474,2020,India,affil_country_name,India,8,openalex,True
32317441,2020,India,affil_country_name_over_openalex,India|United States,28,openalex,True
32315500,2020,Singapore,openalex_ror,Singapore,7,openalex,True
32306923,2020,China,openalex_ror,China,11,openalex,True
32303070,2020,Unknown,no_affiliation,,0,openalex,True
32299533,2020,China,openalex_ror,China,6,openalex,True
32297251,2020,Iran,openalex_ror,Iran,9,openalex,True
32296098,2020,South Korea,openalex_ror,South Korea|United States,10,openalex,True
32292858,2020,Iran,openalex_ror,Iran,0,openalex,True
32280192,2020,Egypt,openalex_ror,Egypt,0,openalex,True
32279436,2020,Australia,openalex_ror,Australia,96,openalex,True
32274612,2020,Israel,openalex_ror,Israel,5,openalex,True
32271528,2020,Italy,affil_country_name_over_openalex,Italy,7,openalex,True
32271527,2020,United Kingdom,openalex_ror,United Kingdom,1,openalex,True
32271520,2020,United States,openalex_ror,United States,25,openalex,True
32271519,2020,Denmark,openalex_ror,Denmark,10,openalex,True
32271301,2020,Unknown,no_affiliation,,2,openalex,True
32271298,2020,Iran,openalex_ror,Iran,5,openalex,True
32271293,2020,United States,openalex_ror,United States,22,openalex,True
32271291,2020,United States,openalex_ror,United States,8,openalex,True
32271272,2020,United States,openalex_ror,United States,25,openalex,True
32271270,2020,China,openalex_ror,China,25,openalex,True
32271267,2020,Australia,affil_country_name_over_openalex,Australia,44,openalex,True
32267954,2020,Unknown,no_affiliation,,34,openalex,True
32265385,2020,Germany,openalex_ror,Germany,37,openalex,True
32255519,2020,Mexico,openalex_ror,Mexico|United States,30,openalex,True
32249851,2020,Germany,openalex_ror,Germany,23,openalex,True
32248796,2020,China,openalex_ror,China|Germany,26,openalex,True
32243424,2020,United Kingdom,openalex_ror,Spain|United Kingdom,51,openalex,True
32231236,2020,China,openalex_ror,China,45,openalex,True
32226762,2019,United States,openalex_ror,United States,2,openalex,True
32215076,2019,Vietnam,affil_country_name,Vietnam,4,openalex,True
32212414,2020,Germany,openalex_ror,Germany,44,openalex,True
32210511,2020,Croatia,openalex_ror,Bosnia and Herzegovina|Croatia|United Kingdom,6,openalex,True
32205730,2020,China,openalex_ror,China,1,openalex,True
32201375,2020,China,openalex_ror,China,29,openalex,True
32197872,2020,Spain,openalex_ror,Spain,4,openalex,True
32195441,2020,United States,openalex_ror,United Arab Emirates|United States,2,openalex,True
32185074,2020,Egypt,openalex_ror,Egypt,10,openalex,True
32184550,2020,Spain,openalex_ror,Spain,9,openalex,True
32183750,2020,China,openalex_ror,China,24,openalex,True
32183742,2020,China,openalex_ror,China,8,openalex,True
32176160,2020,United States,openalex_ror,United States,47,openalex,True
32173114,2020,United States,openalex_ror,Germany|United Kingdom|United States,54,openalex,True
32172662,2020,Turkey,openalex_ror,Turkey,24,openalex,True
32163466,2020,China,openalex_ror,China,29,openalex,True
32161770,2020,Switzerland,openalex_ror,Switzerland,18,openalex,True
32159824,2020,Unknown,no_affiliation,Netherlands,8,openalex,True
32159821,2020,Unknown,no_affiliation,,0,openalex,True
32159820,2020,Unknown,no_affiliation,,2,openalex,True
32159819,2020,Unknown,no_affiliation,,64,openalex,True
32159818,2020,Unknown,no_affiliation,,29,openalex,True
32157182,2020,China,openalex_ror,China,4,openalex,True
32150061,2020,Taiwan,openalex_ror,Taiwan,4,openalex,True
32146116,2020,United States,openalex_ror,United States,8,openalex,True
32142498,2020,Turkey,openalex_ror,Turkey,36,openalex,True
32142046,2020,Unknown,no_authors,,,,False
32142045,2020,Unknown,no_affiliation,,0,openalex,True
32142040,2020,China,openalex_ror,China,32,openalex,True
32133947,2020,India,openalex_ror,India,9,openalex,True
32126046,2020,United States,openalex_ror,United States,29,openalex,True
32126042,2020,Canada,openalex_ror,Canada,44,openalex,True
32126041,2020,Iran,openalex_ror,Iran,2,openalex,True
32126040,2020,Spain,openalex_ror,Spain,9,openalex,True
32126039,2020,China,openalex_ror,China,5,openalex,True
32126038,2020,Spain,affil_country_name_over_openalex,Spain,8,openalex,True
32125536,2020,Turkey,openalex_ror,Turkey,10,openalex,True
32118897,2020,Unknown,no_affiliation,United States,2,openalex,True
32118670,2020,Turkey,affil_country_name,Turkey,4,openalex,True
32118668,2020,Egypt,openalex_ror,Egypt,16,openalex,True
32110119,2020,Australia,openalex_ror,Australia,14,openalex,True
32109987,2020,Egypt,openalex_ror,Egypt,10,openalex,True
32098716,2020,Iran,openalex_ror,Iran|United Kingdom,14,openalex,True
32095205,2020,Iran,openalex_ror,Iran,35,openalex,True
32095068,2020,Norway,openalex_ror,Norway|United States,17,openalex,True
32093676,2020,China,openalex_ror,China,24,openalex,True
32090903,2019,China,openalex_ror,China,32,openalex,True
32090037,2020,China,openalex_ror,China,5,openalex,True
32083225,2020,United States,openalex_ror,United States,7,openalex,True
32081669,2020,Spain,openalex_ror,Spain,29,openalex,True
32079839,2020,India,affil_country_name,India,4,openalex,True
32076966,2020,China,openalex_ror,China|United States,12,openalex,True
32076835,2020,Germany,affil_country_name,Germany,4,openalex,True
32074825,2020,China,openalex_ror,China,3,openalex,True
32074822,2020,China,openalex_ror,China,5,openalex,True
32074821,2020,China,openalex_ror,China,1,openalex,True
32074820,2020,China,openalex_ror,China,1,openalex,True
32074819,2020,China,openalex_ror,China,10,openalex,True
32074817,2020,China,openalex_ror,China,0,openalex,True
32074816,2020,China,openalex_ror,China,7,openalex,True
32060303,2020,China,openalex_ror,China,18,openalex,True
32057016,2020,India,openalex_ror,India,5,openalex,True
32055096,2019,Bosnia and Herzegovina,affil_country_name,Bosnia and Herzegovina|Croatia,41,openalex,True
32053123,2020,Israel,openalex_ror,Israel,3,openalex,True
32050252,2020,Colombia,affil_country_name_over_openalex,Colombia,1,openalex,True
32050234,2020,China,openalex_ror,China,13,openalex,True
32050215,2020,China,openalex_ror,China,14,openalex,True
32050209,2020,United States,openalex_ror,United States,4,openalex,True
32049825,2020,Japan,openalex_ror,Japan,2,openalex,True
32042837,2020,Brazil,openalex_ror,Brazil|Italy|United Kingdom|United States,141,openalex,True
32040010,2020,China,openalex_ror,China|Hong Kong|United States,20,openalex,True
32037752,2020,South Korea,openalex_ror,South Korea,17,openalex,True
32035631,2020,France,openalex_ror,France,5,openalex,True
32032435,2020,Unknown,no_affiliation,,0,openalex,True
32032434,2020,Unknown,no_affiliation,,26,openalex,True
32032433,2020,Unknown,no_affiliation,,6,openalex,True
32032431,2020,Unknown,no_affiliation,,25,openalex,True
32032430,2020,Unknown,no_affiliation,,10,openalex,True
32032429,2020,Unknown,no_affiliation,Germany|United Kingdom,18,openalex,True
32032428,2020,Unknown,no_affiliation,,32,openalex,True
32027190,2020,China,openalex_ror,China,4,openalex,True
32017400,2020,Germany,openalex_ror,Australia|Germany,16,openalex,True
32010287,2019,China,openalex_ror,China,5,openalex,True
32004166,2020,Spain,affil_country_name,Spain,5,openalex,True
32003129,2020,China,openalex_ror,China,63,openalex,True
32001250,2020,India,openalex_ror,India,17,openalex,True
31975635,2020,China,openalex_ror,China|Thailand,16,openalex,True
31956581,2020,Egypt,openalex_ror,Egypt,13,openalex,True
31954667,2020,China,openalex_ror,China,9,openalex,True
31940059,2020,Canada,openalex_ror,Canada|Germany,3,openalex,True
31933332,2019,China,affil_country_name,China,1,openalex,True
31925593,2020,Turkey,affil_country_name,Turkey,11,openalex,True
31924174,2020,China,openalex_ror,China,27,openalex,True
31917855,2020,Unknown,no_affiliation,,6,openalex,True
31917854,2020,Unknown,no_affiliation,,0,openalex,True
31917852,2020,Unknown,no_affiliation,,7,openalex,True
31917851,2020,Unknown,no_affiliation,,8,openalex,True
31917849,2020,Unknown,no_affiliation,,4,openalex,True
31917848,2020,Unknown,no_affiliation,,24,openalex,True
31917845,2020,Unknown,no_affiliation,,12,openalex,True
31916275,2020,Australia,openalex_ror,Australia,19,openalex,True
31912660,2020,China,openalex_ror,Australia|China,55,openalex,True
31906169,2019,United States,openalex_ror,United States,14,openalex,True
31903000,2019,India,openalex_ror,India,3,openalex,True
31895275,2020,United States,openalex_ror,United States,17,openalex,True
31890719,2019,Italy,affil_country_name,China|Greece|Italy|Norway,10,openalex,True
31887084,2020,United States,openalex_ror,United States,9,openalex,True
31878825,2019,China,openalex_ror,China,15,openalex,True
31875112,2019,United States,openalex_ror,United States,2,openalex,True
31875098,2019,United States,openalex_ror,United States,3,openalex,True
31874503,2019,China,openalex_ror,China,1,openalex,True
31869261,2019,China,openalex_ror,China|United Kingdom,26,openalex,True
31868850,2020,South Korea,openalex_ror,South Korea,18,openalex,True
31868847,2020,Turkey,affil_country_name,Turkey,64,openalex,True
31857007,2019,Brazil,affil_country_name,Brazil|India,0,openalex,True
31857006,2019,United States,affil_country_name,United States,0,openalex,True
31857005,2019,United States,affil_country_name,United States,0,openalex,True
31857004,2019,Greece,affil_country_name,Greece,0,openalex,True
31857003,2019,Brazil,affil_country_name,Brazil,0,openalex,True
31857002,2019,Unknown,no_affiliation,,0,openalex,True
31857001,2019,United Kingdom,affil_country_name,United Kingdom,0,openalex,True
31856997,2019,Israel,openalex_ror,Israel,6,openalex,True
31856990,2019,United States,openalex_ror,United States,9,openalex,True
31856988,2019,United States,openalex_ror,United States,3,openalex,True
31850179,2019,Saudi Arabia,openalex_ror,Saudi Arabia,39,openalex,True
31844785,2019,Iran,openalex_ror,Iran,7,openalex,True
31836123,2019,United Kingdom,openalex_ror,Canada|United Kingdom|United States,1,openalex,True
31833250,2019,South Korea,openalex_ror,South Korea,11,openalex,True
31830298,2019,Unknown,no_affiliation,,6,openalex,True
31830293,2019,Unknown,no_affiliation,,4,openalex,True
31830292,2019,Unknown,no_affiliation,,10,openalex,True
31830291,2019,Unknown,no_affiliation,,24,openalex,True
31829164,2019,South Korea,openalex_ror,South Korea,21,openalex,True
31828176,2019,Australia,openalex_ror,Australia|Italy,8,openalex,True
31824289,2019,Switzerland,openalex_ror,Greece|Switzerland,0,openalex,True
31819355,2019,Italy,openalex_ror,Italy,59,openalex,True
31813266,2019,Israel,openalex_ror,Israel,3,openalex,True
31810388,2019,Germany,openalex_ror,Germany,1,openalex,True
31808933,2020,United States,openalex_ror,United States,11,openalex,True
31805561,2019,China,openalex_ror,China,19,openalex,True
31794541,2020,United States,openalex_ror,United States,5,openalex,True
31781974,2019,United States,openalex_ror,United States,3,openalex,True
31781379,2019,Turkey,openalex_ror,Turkey,2,openalex,True
31780331,2019,France,openalex_ror,France,2,openalex,True
31773250,2019,Singapore,openalex_ror,Singapore,10,openalex,True
31762574,2019,Bosnia and Herzegovina,affil_country_name_over_openalex,Bosnia and Herzegovina|Croatia|United Kingdom,3,openalex,True
31758590,2019,Germany,openalex_ror,Germany,7,openalex,True
31758508,2019,Turkey,affil_country_name,Turkey,2,openalex,True
31754892,2019,China,openalex_ror,China,18,openalex,True
31752779,2019,China,openalex_ror,China,8,openalex,True
31741859,2019,Egypt,openalex_ror,Egypt,9,openalex,True
31740714,2019,India,openalex_ror,Hong Kong|India|United States,25,openalex,True
31735992,2019,China,openalex_ror,China,21,openalex,True
31727328,2019,France,openalex_ror,France,18,openalex,True
31725699,2020,Spain,openalex_ror,Spain,7,openalex,True
31724109,2019,Switzerland,openalex_ror,Germany|Switzerland,18,openalex,True
31714520,2019,Russia,openalex_ror,Russia,3,openalex,True
31714508,2019,Russia,openalex_ror,Russia,4,openalex,True
31712000,2019,Canada,openalex_ror,Canada,90,openalex,True
31710376,2019,Unknown,no_affiliation,,5,openalex,True
31710373,2019,Unknown,no_affiliation,,17,openalex,True
31710372,2019,Unknown,no_affiliation,,4,openalex,True
31710371,2019,Unknown,no_affiliation,,47,openalex,True
31710370,2019,Unknown,no_affiliation,,33,openalex,True
31706535,2019,India,affil_country_name,India,0,openalex,True
31706523,2019,Unknown,no_affiliation,,0,openalex,True
31697752,2019,Argentina,affil_country_name_over_openalex,Argentina|United States,19,openalex,True
33437599,2019,Yemen,openalex_ror,Yemen,6,openalex,True
31696253,2019,Germany,openalex_ror,Germany,26,openalex,True
31692604,2019,Germany,affil_country_name_over_openalex,Austria|Germany,2,openalex,True
31691730,2020,Brazil,affil_country_name,Brazil,18,openalex,True
31691656,2019,Russia,openalex_ror,Russia,9,openalex,True
31688202,2020,United States,openalex_ror,United States,11,openalex,True
31687243,2019,Lebanon,openalex_ror,Lebanon,1,openalex,True
31686775,2019,Singapore,openalex_ror,Brazil|Singapore,25,openalex,True
31678559,2019,Germany,openalex_ror,Germany,34,openalex,True
31677547,2019,Poland,openalex_ror,Poland,7,openalex,True
31668808,2019,United States,affil_country_name,United States,19,openalex,True
31668775,2019,Croatia,openalex_ror,Croatia|United Kingdom,10,openalex,True
31664518,2019,China,openalex_ror,China,16,openalex,True
31658171,2020,Israel,openalex_ror,Israel,9,openalex,True
31650300,2019,Iran,openalex_ror,Iran,3,openalex,True
31650272,2019,Spain,openalex_ror,Ecuador|Spain,8,openalex,True
31647929,2019,China,openalex_ror,China|United States,87,openalex,True
31639827,2019,Singapore,openalex_ror,Singapore,14,openalex,True
31634446,2019,United States,openalex_ror,United Kingdom|United States,13,openalex,True
31621798,2019,Singapore,openalex_ror,Singapore,4,openalex,True
31619358,2019,Singapore,openalex_ror,Singapore,108,openalex,True
31615462,2019,Spain,openalex_ror,Spain,0,openalex,True
31612657,2019,Turkey,affil_country_name,Turkey,13,openalex,True
31610006,2019,Unknown,no_affiliation,,25,openalex,True
31610004,2019,Unknown,no_affiliation,,40,openalex,True
31610003,2019,Unknown,no_affiliation,,10,openalex,True
31610002,2019,Unknown,no_affiliation,,120,openalex,True
31605317,2019,United States,openalex_ror,United States,51,openalex,True
31598523,2019,United States,openalex_ror,United States,13,openalex,True
31598514,2019,United States,openalex_ror,Iran|United States,0,openalex,True
31598512,2019,United States,openalex_ror,United States,7,openalex,True
31585855,2019,Italy,openalex_ror,Italy|United States,16,openalex,True
31585852,2019,Germany,openalex_ror,Germany,30,openalex,True
31585850,2019,United States,openalex_ror,United States,3,openalex,True
31579231,2019,Thailand,openalex_ror,Thailand,11,openalex,True
31573565,2019,Russia,openalex_ror,Russia,11,openalex,True
31573554,2019,Russia,openalex_ror,Russia,8,openalex,True
31572660,2019,Greece,openalex_ror,Greece,1,openalex,True
31572653,2019,Taiwan,openalex_ror,Taiwan,11,openalex,True
31571091,2019,China,openalex_ror,China,14,openalex,True
31570360,2019,India,openalex_ror,India,1,openalex,True
31567630,2019,Israel,openalex_ror,Israel,59,openalex,True
31567435,2019,China,openalex_ror,China|Hong Kong|Singapore,11,openalex,True
31567265,2019,China,openalex_ror,China,48,openalex,True
31567264,2019,India,openalex_ror,India,75,openalex,True
31564337,2019,Mexico,affil_country_name,Mexico,0,openalex,True
31564334,2019,Switzerland,affil_country_name,Switzerland,11,openalex,True
31564320,2019,Spain,openalex_ror,Spain,13,openalex,True
31564315,2019,Norway,affil_country_name,Norway,26,openalex,True
31560871,2019,United States,openalex_ror,United States,72,openalex,True
31559093,2019,United States,openalex_ror,United States,9,openalex,True
31546548,2019,India,affil_country_name,India,8,openalex,True
31537074,2019,Czechia,openalex_ror,Czechia,9,openalex,True
31531550,2020,Spain,openalex_ror,Spain,4,openalex,True
31526796,2019,Israel,openalex_ror,Israel,11,openalex,True
31517724,2020,France,openalex_ror,France,15,openalex,True
31514537,2019,Spain,openalex_ror,Germany|Spain,4,openalex,True
31513041,2019,Germany,openalex_ror,Germany,27,openalex,True
31498419,2019,Unknown,no_affiliation,,7,openalex,True
31498418,2019,Unknown,no_affiliation,,41,openalex,True
31498417,2019,Spain,openalex_ror,Spain,12,openalex,True
31498416,2019,Unknown,no_affiliation,,17,openalex,True
31498415,2019,Unknown,no_affiliation,,30,openalex,True
31495762,2019,Turkey,openalex_ror,Turkey,17,openalex,True
31490270,2019,Spain,affil_country_name,Spain,5,openalex,True
31490200,2019,China,openalex_ror,China,34,openalex,True
31490199,2019,China,openalex_ror,China|Hong Kong,65,openalex,True
31490198,2019,China,openalex_ror,China|Hong Kong,67,openalex,True
31487097,2019,China,openalex_ror,China|United States,6,openalex,True
31480601,2019,United States,openalex_ror,United States,21,openalex,True
31478935,2019,Singapore,openalex_ror,Singapore,20,openalex,True
31473174,2019,Canada,affil_country_name,Canada|Germany,22,openalex,True
31470947,2019,Unknown,no_affiliation,,3,openalex,True
31466466,2019,China,openalex_ror,China,54,openalex,True
31463819,2019,China,openalex_ror,China,44,openalex,True
31449434,2019,United States,openalex_ror,United States,12,openalex,True
31448878,2019,United Kingdom,openalex_ror,United Kingdom,43,openalex,True
31436639,2019,China,openalex_ror,China,13,openalex,True
31436200,2019,United Kingdom,openalex_ror,United Kingdom,2,openalex,True
31411927,2019,Singapore,openalex_ror,Singapore,51,openalex,True
31402804,2019,Bosnia and Herzegovina,affil_country_name,Bosnia and Herzegovina|Croatia,20,openalex,True
31399702,2019,Hong Kong,openalex_ror,China|Hong Kong,7,openalex,True
31399324,2019,United States,openalex_ror,United States,149,openalex,True
31395052,2019,China,openalex_ror,China,5,openalex,True
31393994,2019,Unknown,no_affiliation,,0,openalex,True
31393992,2019,Unknown,no_affiliation,,4,openalex,True
31393991,2019,Unknown,no_affiliation,,13,openalex,True
31393990,2019,Unknown,no_affiliation,,19,openalex,True
31393989,2019,United States,openalex_ror,United States,28,openalex,True
31393988,2019,Unknown,no_affiliation,,26,openalex,True
31393985,2019,Unknown,no_affiliation,,91,openalex,True
31393449,2019,Russia,openalex_ror,Russia,3,openalex,True
31384163,2018,Colombia,openalex_ror,Colombia,10,openalex,True
31372580,2019,United States,openalex_ror,United States,5,openalex,True
31371015,2019,Denmark,affil_country_name,Denmark,1,openalex,True
31370817,2019,Canada,openalex_ror,Canada,163,openalex,True
35463040,2019,United States,openalex_ror,United States,1,openalex,True
31362315,2019,Germany,affil_city_hint,Germany,16,openalex,True
31360724,2019,South Korea,affil_country_name,South Korea|United States,10,openalex,True
31354232,2019,Egypt,openalex_ror,Egypt,5,openalex,True
31353955,2019,Turkey,openalex_ror,Turkey,14,openalex,True
31347395,2019,Germany,openalex_ror,Germany,8,openalex,True
31341997,2019,Germany,openalex_ror,Germany,6,openalex,True
31341652,2019,Canada,openalex_ror,Canada,4,openalex,True
31335530,2019,Canada,openalex_ror,Canada,22,openalex,True
31332141,2019,India,openalex_ror,India,10,openalex,True
31325106,2019,Hong Kong,openalex_ror,Hong Kong|United States,45,openalex,True
31317090,2019,Iran,openalex_ror,Iran,36,openalex,True
31315595,2019,China,openalex_ror,China,39,openalex,True
31313220,2019,United States,openalex_ror,United States,3,openalex,True
31313219,2019,United States,openalex_ror,United States,2,openalex,True
31306672,2019,India,openalex_ror,Australia|India|United States,50,openalex,True
31304405,2019,South Korea,openalex_ror,Singapore|South Korea,88,openalex,True
31298727,2019,Unknown,no_affiliation,,3,openalex,True
31298726,2019,Unknown,no_affiliation,,7,openalex,True
31298724,2019,Unknown,no_affiliation,,46,openalex,True
31282203,2019,Germany,openalex_ror,Germany,13,openalex,True
31278147,2019,United Kingdom,openalex_ror,Israel|Italy|Saudi Arabia|United Kingdom,8,openalex,True
31275633,2019,Israel,openalex_ror,Israel,16,openalex,True
31272775,2019,China,openalex_ror,China,19,openalex,True
31266074,2019,Germany,affil_city_hint,Bulgaria|Germany,6,openalex,True
31265052,2019,Austria,openalex_ror,Austria,15,openalex,True
31262484,2019,United Kingdom,openalex_ror,Germany|United Kingdom,14,openalex,True
31262479,2019,United Kingdom,openalex_ror,United Kingdom,0,openalex,True
31257965,2019,China,openalex_ror,China,8,openalex,True
31254257,2019,United States,openalex_ror,United States,7,openalex,True
31249905,2019,Taiwan,openalex_ror,Taiwan,10,openalex,True
31248387,2019,China,openalex_ror,China,15,openalex,True
31241605,2019,United Kingdom,openalex_ror,United Kingdom,13,openalex,True
31238402,2019,New Zealand,openalex_ror,New Zealand,22,openalex,True
31236290,2019,China,openalex_ror,China,17,openalex,True
31232744,2019,Greece,affil_country_name,Germany|Greece,10,openalex,True
31218400,2019,Israel,openalex_ror,Israel,12,openalex,True
31215542,2019,Russia,openalex_ror,Russia,2,openalex,True
31213328,2019,Spain,openalex_ror,Spain,33,openalex,True
31213327,2019,Spain,openalex_ror,Spain,11,openalex,True
31211003,2019,France,openalex_ror,France,63,openalex,True
31196580,2019,South Korea,openalex_ror,South Korea,45,openalex,True
31189274,2019,China,openalex_ror,China,2,openalex,True
31185107,2019,Unknown,no_affiliation,,6,openalex,True
31185106,2019,Unknown,no_affiliation,,8,openalex,True
31185105,2019,Unknown,no_affiliation,,5,openalex,True
31185103,2019,Unknown,no_affiliation,,23,openalex,True
31185102,2019,Unknown,no_affiliation,,7,openalex,True
31185100,2019,Unknown,no_affiliation,,20,openalex,True
31185099,2019,Unknown,no_affiliation,,50,openalex,True
31184408,2019,Denmark,openalex_ror,Denmark,2,openalex,True
31182265,2019,Canada,openalex_ror,Canada,15,openalex,True
31179392,2019,United Kingdom,openalex_ror,United Kingdom,11,openalex,True
31177849,2019,United Kingdom,openalex_ror,India|United Kingdom,9,openalex,True
31173739,2019,United States,openalex_ror,United States,20,openalex,True
31170272,2019,China,openalex_ror,China,15,openalex,True
31170117,2019,Turkey,openalex_ror,Turkey,12,openalex,True
31169612,2019,Greece,openalex_ror,Greece,30,openalex,True
31169605,2019,France,affil_country_name,France|Germany,14,openalex,True
31169030,2019,China,openalex_ror,China,4,openalex,True
31146945,2019,United States,affil_country_name,United States,0,openalex,True
31146944,2019,Brazil,affil_country_name,Brazil,0,openalex,True
31146943,2019,Switzerland,affil_country_name,Switzerland,0,openalex,True
31146942,2019,Brazil,affil_country_name,Brazil,0,openalex,True
31146941,2019,United States,affil_country_name,United States,0,openalex,True
31146940,2019,United States,affil_country_name,United States,0,openalex,True
31146939,2019,Unknown,no_affiliation,,0,openalex,True
31146936,2019,Unknown,no_affiliation,,14,openalex,True
31144011,2020,Germany,openalex_ror,Germany,4,openalex,True
31143527,2019,Singapore,openalex_ror,Singapore,22,openalex,True
31134424,2019,China,affil_country_name,China,1,openalex,True
31133417,2019,South Korea,openalex_ror,South Korea|United States,23,openalex,True
31131251,2019,Spain,openalex_ror,Spain,6,openalex,True
31131228,2019,China,openalex_ror,China|United States,11,openalex,True
31130390,2019,Turkey,openalex_ror,Turkey,4,openalex,True
31128091,2019,Japan,openalex_ror,Japan,26,openalex,True
31125090,2019,United States,affil_city_hint,United States,15,openalex,True
31124345,2019,Germany,openalex_ror,Germany|United States,7,openalex,True
31119423,2019,Spain,openalex_ror,Spain,24,openalex,True
31118557,2019,Greece,openalex_ror,Greece,24,openalex,True
31114152,2019,Finland,openalex_ror,Finland,6,openalex,True
31109505,2018,United States,openalex_ror,United States,11,openalex,True
31109479,2018,Canada,openalex_ror,Canada,11,openalex,True
31106754,2019,South Korea,openalex_ror,France|Singapore|South Korea|Spain|United Kingdom,380,openalex,True
31103563,2019,United States,openalex_ror,United States,8,openalex,True
31098325,2019,Egypt,openalex_ror,Egypt,26,openalex,True
31088795,2019,South Korea,openalex_ror,South Korea,9,openalex,True
31087210,2019,Italy,openalex_ror,Italy,15,openalex,True
31080047,2019,Switzerland,openalex_ror,Greece|Switzerland,4,openalex,True
31077191,2019,China,openalex_ror,China,7,openalex,True
31075513,2019,China,openalex_ror,China,28,openalex,True
31065904,2019,Turkey,openalex_ror,Turkey,13,openalex,True
31061728,2019,China,openalex_ror,China,1,openalex,True
31059582,2019,Unknown,no_affiliation,,41,openalex,True
31059579,2019,Unknown,no_affiliation,,22,openalex,True
31059578,2019,Unknown,no_affiliation,,38,openalex,True
31059577,2019,Unknown,no_affiliation,,24,openalex,True
31040638,2019,Greece,openalex_ror,Greece,30,openalex,True
31036587,2019,China,openalex_ror,China,31,openalex,True
31033739,2019,United States,openalex_ror,United States,21,openalex,True
31030795,2019,Italy,affil_country_name,Italy,0,openalex,True
31029476,2019,South Korea,openalex_ror,Germany|South Korea,22,openalex,True
31029475,2019,India,openalex_ror,India,32,openalex,True
31029474,2019,Spain,openalex_ror,Greece|Spain,35,openalex,True
31024822,2019,China,openalex_ror,China,10,openalex,True
31024810,2019,Turkey,affil_country_name,Turkey,7,openalex,True
31014283,2019,Egypt,openalex_ror,Egypt,9,openalex,True
30988598,2019,Russia,openalex_ror,Russia,37,openalex,True
30988596,2019,Greece,openalex_ror,Greece,17,openalex,True
30987783,2019,United Kingdom,openalex_ror,United Kingdom,6,openalex,True
30984984,2019,Unknown,no_affiliation,,10,openalex,True
30984981,2019,Unknown,no_affiliation,,7,openalex,True
30984980,2019,Denmark,openalex_ror,Denmark,84,openalex,True
30984979,2019,Unknown,no_affiliation,,34,openalex,True
30982142,2019,Israel,openalex_ror,Israel,2,openalex,True
30977320,2019,Egypt,openalex_ror,Egypt,14,openalex,True
30971148,2019,China,openalex_ror,China,22,openalex,True
30961593,2019,China,openalex_ror,China,29,openalex,True
30950894,2019,China,openalex_ror,China,32,openalex,True
30947856,2019,Unknown,no_affiliation,,9,openalex,True
30943184,2019,United States,openalex_ror,United States,65,openalex,True
30930670,2018,Colombia,openalex_ror,Colombia,17,openalex,True
30923715,2019,Egypt,openalex_ror,Egypt,11,openalex,True
30918820,2019,Spain,openalex_ror,Spain,8,openalex,True
30909749,2019,China,openalex_ror,China,25,openalex,True
30906586,2019,China,openalex_ror,China,8,openalex,True
30899844,2018,Iran,openalex_ror,Iran,6,openalex,True
30898533,2019,Spain,openalex_ror,Spain,4,openalex,True
30894159,2019,China,openalex_ror,China,25,openalex,True
30889260,2019,Unknown,no_affiliation,,5,openalex,True
30882544,2019,India,openalex_ror,Greece|India,16,openalex,True
30876782,2019,China,openalex_ror,China,16,openalex,True
30872596,2019,Denmark,openalex_ror,Denmark|Singapore,16,openalex,True
30866867,2019,South Korea,openalex_ror,South Korea,8,openalex,True
30866063,2019,Spain,openalex_ror,Spain,9,openalex,True
30859502,2019,Spain,openalex_ror,Greece|Spain,55,openalex,True
30858493,2019,Japan,openalex_ror,Japan,23,openalex,True
30857805,2019,France,affil_country_name,France,4,openalex,True
30855093,2019,Unknown,no_affiliation,,16,openalex,True
30855092,2019,South Korea,openalex_ror,Brazil|South Korea|United Kingdom|United States,15,openalex,True
30855091,2019,Unknown,no_affiliation,,37,openalex,True
30855090,2019,Unknown,no_affiliation,,30,openalex,True
30851806,2019,China,openalex_ror,China|Italy,41,openalex,True
30851800,2018,Canada,openalex_ror,Canada|Ireland|United States,6,openalex,True
30851766,2018,United States,openalex_ror,United States,12,openalex,True
30846350,2019,United States,openalex_ror,United States,21,openalex,True
30846349,2019,Germany,openalex_ror,Germany,14,openalex,True
30845834,2019,Spain,openalex_ror,Spain,17,openalex,True
30840141,2019,Germany,openalex_ror,Germany,14,openalex,True
30839408,2019,Taiwan,openalex_ror,Taiwan,4,openalex,True
30830083,2019,Russia,openalex_ror,Russia,6,openalex,True
30830078,2019,Russia,openalex_ror,Russia,6,openalex,True
30825050,2019,China,openalex_ror,China,1,openalex,True
30819562,2019,United States,openalex_ror,United States,3,openalex,True
30819561,2019,United States,openalex_ror,United States,21,openalex,True
30817567,2019,China,openalex_ror,China,10,openalex,True
30816092,2019,Russia,openalex_ror,Russia,6,openalex,True
30815621,2019,Italy,affil_country_name,Italy,6,openalex,True
30809492,2019,Jordan,openalex_ror,Jordan,14,openalex,True
30809485,2019,Egypt,openalex_ror,Egypt,26,openalex,True
30809386,2019,Israel,openalex_ror,Brazil|Israel,15,openalex,True
30801504,2019,China,openalex_ror,China,9,openalex,True
30798286,2019,China,openalex_ror,China,1,openalex,True
30787527,2019,Iran,openalex_ror,Iran,6,openalex,True
30783746,2019,Austria,openalex_ror,Austria|Germany,8,openalex,True
30772991,2019,China,openalex_ror,China,1,openalex,True
30772990,2019,China,openalex_ror,China,8,openalex,True
30742227,2019,Unknown,no_affiliation,,3,openalex,True
30742225,2019,Unknown,no_affiliation,,34,openalex,True
30742223,2019,Unknown,no_affiliation,,9,openalex,True
30742222,2019,Unknown,no_affiliation,,38,openalex,True
30742221,2019,Unknown,no_affiliation,,32,openalex,True
30733872,2019,China,openalex_ror,China,13,openalex,True
30733107,2019,France,openalex_ror,France,19,openalex,True
30733106,2019,United States,openalex_ror,United States,8,openalex,True
30732575,2019,China,openalex_ror,China,39,openalex,True
30721688,2019,United States,openalex_ror,Israel|United States,38,openalex,True
30721171,2019,Greece,openalex_ror,Greece,56,openalex,True
30713018,2019,United States,openalex_ror,United States,21,openalex,True
30713017,2019,Spain,openalex_ror,Spain,14,openalex,True
30709628,2019,Turkey,affil_country_name,Turkey,37,openalex,True
30705998,2019,United States,openalex_ror,United States,10,openalex,True
30702573,2019,China,affil_country_name,China,18,openalex,True
30690906,2019,Italy,openalex_ror,Italy,4,openalex,True
30690129,2019,Brazil,affil_country_name_over_openalex,Brazil|Israel|United States,21,openalex,True
30686703,2019,United Kingdom,openalex_ror,United Kingdom,3,openalex,True
30686702,2019,Mexico,openalex_ror,Mexico,7,openalex,True
30684006,2019,Germany,affil_country_name_over_openalex,Austria|Germany,3,openalex,True
30664391,2019,Brazil,openalex_ror,Brazil,89,openalex,True
30662255,2019,United States,openalex_ror,United States,2,openalex,True
30660507,2019,United States,openalex_ror,United States,23,openalex,True
30658034,2018,United States,openalex_ror,United States,21,openalex,True
30647966,2018,Turkey,affil_country_name,Turkey,3,openalex,True
30645293,2018,Singapore,imputed_affil_country_over_openalex,France,22,openalex,True
30643965,2019,China,openalex_ror,China,50,openalex,True
30640250,2019,Greece,openalex_ror,Greece,9,openalex,True
30633789,2019,Unknown,no_affiliation,,16,openalex,True
30633786,2019,Spain,openalex_ror,Spain,19,openalex,True
30633785,2019,Unknown,no_affiliation,,11,openalex,True
30633784,2019,Unknown,no_affiliation,,30,openalex,True
30633783,2019,Unknown,no_affiliation,,65,openalex,True
30633782,2019,India,openalex_ror,India|United States,31,openalex,True
30632671,2019,China,openalex_ror,China|United States,80,openalex,True
30632489,2019,Singapore,openalex_ror,Singapore,66,openalex,True
30619971,2018,United Kingdom,openalex_ror,United Kingdom,4,openalex,True
30605216,2019,United States,openalex_ror,United States,0,openalex,True
30601290,2019,United States,openalex_ror,United States,2,openalex,True
30601287,2019,Lebanon,affil_country_name,Lebanon,13,openalex,True
30601286,2019,Brazil,affil_country_name_over_openalex,Brazil|United States,0,openalex,True
30601172,2019,China,openalex_ror,China,18,openalex,True
30581603,2018,Lebanon,openalex_ror,Lebanon,10,openalex,True
30579527,2018,Germany,affil_country_name,Germany,3,openalex,True
30575622,2019,Canada,openalex_ror,Canada|United States,8,openalex,True
30573402,2018,United Kingdom,openalex_ror,Germany|United Kingdom,17,openalex,True
30568424,2018,United States,openalex_ror,United Kingdom|United States,17,openalex,True
30557979,2018,South Korea,openalex_ror,South Korea,4,openalex,True
30557231,2019,Canada,openalex_ror,Canada|Israel,17,openalex,True
30556213,2018,Taiwan,affil_country_name,Taiwan,6,openalex,True
30550575,2018,Israel,openalex_ror,Israel,48,openalex,True
30549474,2018,South Korea,openalex_ror,South Korea,29,openalex,True
30544483,2018,Saudi Arabia,openalex_ror,Saudi Arabia|South Korea,6,openalex,True
30541292,2018,Unknown,no_affiliation,,7,openalex,True
30524165,2018,Kosovo,affil_country_name,Kosovo,13,openalex,True
30540363,2018,Unknown,no_affiliation,,23,openalex,True
30540362,2018,Unknown,no_affiliation,,,,False
30540361,2018,United States,openalex_ror,Brazil|United States,33,openalex,True
30538855,2018,Egypt,openalex_ror,Egypt,13,openalex,True
30538854,2018,Saudi Arabia,openalex_ror,Saudi Arabia,30,openalex,True
30526787,2018,China,openalex_ror,China,9,openalex,True
30519669,2018,United States,openalex_ror,United States,2,openalex,True
30519182,2018,Italy,openalex_ror,Italy,12,openalex,True
30502978,2018,Egypt,openalex_ror,Egypt,17,openalex,True
30502977,2018,Canada,openalex_ror,Canada,17,openalex,True
30516488,2018,Kazakhstan,openalex_ror,Kazakhstan,0,openalex,True
30499549,2018,Russia,openalex_ror,Russia,7,openalex,True
30499539,2018,Russia,openalex_ror,Russia,7,openalex,True
30499532,2018,Russia,openalex_ror,Russia,6,openalex,True
30499232,2018,Egypt,openalex_ror,Egypt,39,openalex,True
30481814,2018,Japan,openalex_ror,Japan,147,openalex,True
30480706,2018,United States,openalex_ror,United States,33,openalex,True
30479729,2018,Italy,openalex_ror,Italy,2,openalex,True
30473083,2018,United States,affil_country_name,United States,0,openalex,True
30473082,2018,Unknown,no_affiliation,,1,openalex,True
30454903,2018,Germany,affil_country_name,Germany,9,openalex,True
30450305,2018,Egypt,openalex_ror,Egypt,10,openalex,True
30428100,2018,Unknown,no_affiliation,,0,openalex,True
30428099,2018,Unknown,no_affiliation,,11,openalex,True
30428098,2018,Unknown,no_affiliation,,3,openalex,True
30428095,2018,Unknown,no_affiliation,,33,openalex,True
30428093,2018,Unknown,no_affiliation,,11,openalex,True
30428092,2018,Unknown,no_affiliation,,32,openalex,True
30424903,2018,Germany,openalex_ror,Germany,39,openalex,True
30421010,2018,United States,openalex_ror,United States,29,openalex,True
30420916,2018,Turkey,affil_country_name,Turkey,39,openalex,True
30419871,2018,China,openalex_ror,China,45,openalex,True
30419866,2018,China,openalex_ror,China|United States,14,openalex,True
30417371,2018,Italy,openalex_ror,Italy|United States,4,openalex,True
30412143,2018,China,openalex_ror,China,2,openalex,True
30411683,2018,China,openalex_ror,Canada|China,4,openalex,True
30410923,2018,Turkey,affil_country_name,Turkey,22,openalex,True
30406472,2019,Germany,affil_country_name,Germany,12,openalex,True
30398623,2018,India,openalex_ror,India|Netherlands,36,openalex,True
30391154,2018,Denmark,openalex_ror,Denmark,52,openalex,True
30384777,2018,Spain,openalex_ror,Spain,9,openalex,True
30368563,2018,Hong Kong,openalex_ror,China|Hong Kong|South Korea,51,openalex,True
30368350,2018,United States,openalex_ror,United States,35,openalex,True
30364663,2018,Japan,openalex_ror,Japan,9,openalex,True
30359155,2018,Croatia,openalex_ror,Croatia,116,openalex,True
30355862,2018,India,affil_country_name,India,1,openalex,True
30355861,2018,China,affil_country_name,China,10,openalex,True
30355860,2018,India,affil_country_name,India,35,openalex,True
30355717,2018,Singapore,openalex_ror,Singapore,35,openalex,True
30352572,2018,Hungary,openalex_ror,Hungary,5,openalex,True
30349183,2018,United States,affil_country_name_over_openalex,United States,1,openalex,True
30347568,2018,China,openalex_ror,China,1,openalex,True
30347562,2018,China,openalex_ror,China,7,openalex,True
30347561,2018,China,openalex_ror,China,0,openalex,True
30347560,2018,China,openalex_ror,China,7,openalex,True
30347559,2018,China,openalex_ror,China,0,openalex,True
30347558,2018,China,openalex_ror,China,1,openalex,True
30340722,2018,Israel,openalex_ror,Israel,29,openalex,True
30339641,2018,United States,openalex_ror,United States,2,openalex,True
30339639,2018,Croatia,openalex_ror,Croatia,13,openalex,True
30314752,2018,China,openalex_ror,China,5,openalex,True
30308583,2019,Spain,openalex_ror,Greece|Spain,12,openalex,True
30308580,2019,Turkey,affil_country_name,Turkey,11,openalex,True
30297232,2018,United States,openalex_ror,United States,0,openalex,True
30296331,2018,Unknown,no_affiliation,,28,openalex,True
30296330,2018,Unknown,no_affiliation,,14,openalex,True
30296329,2018,Unknown,no_affiliation,,12,openalex,True
30296328,2018,Unknown,no_affiliation,,16,openalex,True
30296327,2018,Unknown,no_affiliation,,45,openalex,True
30296326,2018,Unknown,no_affiliation,,22,openalex,True
30294528,2018,Taiwan,openalex_ror,Taiwan,16,openalex,True
30294526,2018,Spain,openalex_ror,Spain,35,openalex,True
30294393,2018,Palestine,openalex_ror,Palestine,7,openalex,True
30288030,2018,Japan,openalex_ror,Japan,21,openalex,True
30287159,2018,United Kingdom,openalex_ror,United Kingdom,9,openalex,True
30284476,2018,Spain,openalex_ror,Spain,22,openalex,True
30281373,2018,China,openalex_ror,China,25,openalex,True
30274848,2018,Switzerland,openalex_ror,Switzerland,15,openalex,True
30272616,2019,Egypt,openalex_ror,Egypt,23,openalex,True
30271678,2018,United States,openalex_ror,China|United States,27,openalex,True
30250852,2018,United States,openalex_ror,United States,25,openalex,True
30244049,2018,United Kingdom,openalex_ror,United Kingdom,340,openalex,True
30243406,2018,Spain,affil_country_name,Spain,3,openalex,True
30243405,2018,Spain,affil_country_name,Spain,1,openalex,True
30243392,2018,China,openalex_ror,China,56,openalex,True
30242370,2018,France,openalex_ror,France,4,openalex,True
30237694,2018,Finland,openalex_ror,Finland,25,openalex,True
30233132,2018,India,openalex_ror,India,75,openalex,True
30233129,2018,United States,openalex_ror,United Kingdom|United States,16,openalex,True
30228689,2018,United States,openalex_ror,United States,9,openalex,True
30228078,2018,Taiwan,openalex_ror,Taiwan,5,openalex,True
30228014,2018,United States,openalex_ror,United States,56,openalex,True
30222719,2018,Turkey,affil_country_name_over_openalex,Turkey|United States,19,openalex,True
30222716,2019,Japan,openalex_ror,Japan,5,openalex,True
30219258,2018,Germany,openalex_ror,Germany,10,openalex,True
30217386,2018,Portugal,openalex_ror,Portugal|Spain,8,openalex,True
30214139,2018,United States,affil_country_name,United States,12,openalex,True
30208141,2018,Brazil,affil_country_name,Brazil,2,openalex,True
30205716,2018,Turkey,affil_country_name,Turkey,7,openalex,True
30203530,2018,Denmark,openalex_ror,Denmark,46,openalex,True
30201128,2018,United States,openalex_ror,United States,4,openalex,True
30199569,2018,Unknown,no_affiliation,,25,openalex,True
30199564,2018,Unknown,no_affiliation,,9,openalex,True
30199562,2018,Unknown,no_affiliation,,17,openalex,True
30199561,2018,Unknown,no_affiliation,,37,openalex,True
30197718,2018,Singapore,affil_country_name,Singapore,,,False
30191680,2018,India,openalex_ror,India|Netherlands,10,openalex,True
30187653,2018,China,openalex_ror,China,62,openalex,True
30175611,2018,Israel,openalex_ror,Israel,5,openalex,True
30172569,2018,Iran,openalex_ror,Iran,71,openalex,True
30171445,2018,China,openalex_ror,China,7,openalex,True
30170707,2018,France,openalex_ror,France,4,openalex,True
30166507,2018,Russia,openalex_ror,Russia,1,openalex,True
30165945,2018,Netherlands,affil_country_name,Netherlands,0,openalex,True
30165937,2018,Netherlands,openalex_ror,Netherlands,7,openalex,True
30165936,2018,United States,openalex_ror,United States,6,openalex,True
30154512,2018,United States,openalex_ror,United States,61,openalex,True
30153819,2018,China,openalex_ror,China,32,openalex,True
30147948,2018,China,openalex_ror,China,6,openalex,True
30135552,2018,United States,openalex_ror,United States,37,openalex,True
30128373,2018,United States,openalex_ror,United States,14,openalex,True
30127592,2018,Canada,openalex_ror,Canada,20,openalex,True
30125906,2018,Unknown,no_affiliation,,1,openalex,True
30123384,2018,Indonesia,openalex_ror,Indonesia,15,openalex,True
30123383,2018,Singapore,openalex_ror,Singapore,54,openalex,True
30123381,2018,Denmark,openalex_ror,Denmark|Egypt,58,openalex,True
30123379,2018,Singapore,openalex_ror,Singapore,21,openalex,True
30121713,2018,Israel,openalex_ror,Israel,13,openalex,True
30119784,2018,United Arab Emirates,affil_country_name,Canada|United Arab Emirates,5,openalex,True
30115298,2018,Singapore,openalex_ror,Singapore,52,openalex,True
30115279,2018,United States,openalex_ror,United States,3,openalex,True
30107965,2018,Mexico,openalex_ror,Mexico,16,openalex,True
30107828,2018,Iran,openalex_ror,Iran,27,openalex,True
30106799,2021,United States,openalex_ror,United States,1,openalex,True
30105485,2018,Turkey,affil_country_name,Turkey,9,openalex,True
30104861,2018,Egypt,openalex_ror,Egypt,10,openalex,True
30103748,2018,Italy,openalex_ror,Italy|Poland,3,openalex,True
30098348,2018,Brazil,affil_country_name_over_openalex,Brazil|Italy|United Kingdom|United States,212,openalex,True
30095530,2019,Australia,affil_country_name_over_openalex,Australia,22,openalex,True
30093502,2018,Poland,openalex_ror,Germany|Poland,19,openalex,True
30090199,2018,Italy,openalex_ror,Italy,1,openalex,True
30089184,2018,Unknown,no_affiliation,,22,openalex,True
30089183,2018,Unknown,no_affiliation,,22,openalex,True
30089182,2018,Unknown,no_affiliation,,24,openalex,True
30078538,2018,France,openalex_ror,France,38,openalex,True
30078534,2018,Denmark,openalex_ror,Denmark,24,openalex,True
30077354,2018,Australia,openalex_ror,Australia,28,openalex,True
30076471,2018,Germany,openalex_ror,Germany,7,openalex,True
30073213,2018,China,openalex_ror,China,18,openalex,True
30067519,2019,China,openalex_ror,China,5,openalex,True
30061116,2018,China,openalex_ror,China,118,openalex,True
30060900,2018,China,openalex_ror,China,1,openalex,True
30056550,2018,South Korea,affil_country_name,South Korea,4,openalex,True
30055956,2018,Lebanon,openalex_ror,Lebanon,6,openalex,True
30055838,2018,United States,openalex_ror,Brazil|South Korea|United States,151,openalex,True
30055691,2018,Turkey,openalex_ror,Turkey,31,openalex,True
30055689,2018,Brazil,openalex_ror,Brazil,3,openalex,True
30053468,2018,United States,openalex_ror,United States,3,openalex,True
30051889,2018,China,openalex_ror,China,7,openalex,True
30050690,2018,China,openalex_ror,China,30,openalex,True
30049566,2018,Italy,affil_country_name_over_openalex,Italy,35,openalex,True
30048340,2019,Spain,openalex_ror,Spain,15,openalex,True
30046544,2018,China,openalex_ror,China|United States,9,openalex,True
30043267,2018,Australia,openalex_ror,Australia|China,14,openalex,True
30041744,2018,Unknown,no_affiliation,,1,openalex,True
30038922,2018,Italy,openalex_ror,Italy|United States,131,openalex,True
30037700,2018,United Kingdom,openalex_ror,United Kingdom,6,openalex,True
30037699,2018,United States,openalex_ror,United States,20,openalex,True
30037645,2018,Germany,affil_country_name,Germany,17,openalex,True
30024453,2018,Egypt,openalex_ror,Egypt,22,openalex,True
30016942,2018,China,openalex_ror,China,5,openalex,True
30013314,2018,Spain,affil_country_name_over_openalex,Spain,14,openalex,True
30001454,2018,Unknown,no_affiliation,,2,openalex,True
30001451,2018,Unknown,no_affiliation,,19,openalex,True
30001450,2018,Unknown,no_affiliation,,33,openalex,True
30001449,2018,Unknown,no_affiliation,,9,openalex,True
30001448,2018,Unknown,no_affiliation,,14,openalex,True
30001447,2018,Unknown,no_affiliation,Germany|South Korea|United Kingdom|United States,53,openalex,True
29997707,2018,Australia,openalex_ror,Australia,28,openalex,True
29995130,2018,Brazil,openalex_ror,Brazil,2,openalex,True
29995123,2018,Spain,openalex_ror,Spain,6,openalex,True
29979230,2018,China,openalex_ror,China,2,openalex,True
29970067,2018,China,openalex_ror,China,12,openalex,True
29960656,2018,France,openalex_ror,France,13,openalex,True
29959753,2018,United States,openalex_ror,United States,22,openalex,True
29952798,2018,Egypt,openalex_ror,Egypt,29,openalex,True
29944510,2019,Iran,openalex_ror,Iran,15,openalex,True
29944499,2018,Hong Kong,openalex_ror,Hong Kong,14,openalex,True
29944495,2018,China,openalex_ror,China,12,openalex,True
29941747,2018,India,affil_country_name,India,5,openalex,True
29940974,2018,South Korea,openalex_ror,Germany|South Korea,38,openalex,True
29940638,2018,Romania,openalex_ror,Romania,12,openalex,True
29936526,2018,Czechia,affil_country_name,Czechia,4,openalex,True
29928221,2018,United States,openalex_ror,United States,1,openalex,True
29927753,2018,China,openalex_ror,China,34,openalex,True
29923860,2018,Israel,openalex_ror,Israel,21,openalex,True
29922892,2018,Spain,openalex_ror,Spain,0,openalex,True
29922889,2018,Italy,openalex_ror,Italy,3,openalex,True
29922033,2018,United States,openalex_ror,United States,7,openalex,True
29914764,2018,France,openalex_ror,France,6,openalex,True
29910599,2018,United States,affil_country_name,United States,1,openalex,True
29910132,2018,France,openalex_ror,France,0,openalex,True
29909252,2018,Hong Kong,openalex_ror,Hong Kong,43,openalex,True
29891154,2018,United Kingdom,openalex_ror,United Kingdom,64,openalex,True
29889298,2018,Unknown,no_affiliation,,0,openalex,True
29889296,2018,Unknown,no_affiliation,,58,openalex,True
29889293,2018,Unknown,no_affiliation,,22,openalex,True
29889292,2018,Unknown,no_affiliation,,53,openalex,True
29889291,2018,Unknown,no_affiliation,,10,openalex,True
29886478,2018,Spain,openalex_ror,Spain,32,openalex,True
29885775,2018,United Kingdom,openalex_ror,United Kingdom,16,openalex,True
29879580,2018,China,openalex_ror,China,41,openalex,True
29874938,2018,China,openalex_ror,China|Hong Kong,15,openalex,True
29872485,2018,Thailand,openalex_ror,Thailand,16,openalex,True
29872484,2018,Saudi Arabia,openalex_ror,Saudi Arabia,20,openalex,True
29871968,2018,United States,openalex_ror,United States,21,openalex,True
29866738,2018,China,openalex_ror,China|United Kingdom,22,openalex,True
29863541,2018,China,openalex_ror,China|Hong Kong,8,openalex,True
29855287,2018,China,openalex_ror,China,11,openalex,True
29847663,2018,Denmark,openalex_ror,Denmark|Singapore,39,openalex,True
29847636,2018,South Korea,openalex_ror,Germany|South Korea|United Kingdom|United States,78,openalex,True
29847633,2018,Spain,openalex_ror,Spain,40,openalex,True
29845344,2019,Germany,openalex_ror,Germany,0,openalex,True
29844658,2018,Egypt,openalex_ror,Egypt,34,openalex,True
29796404,2018,Portugal,openalex_ror,Portugal|Spain,81,openalex,True
29789156,2018,South Korea,openalex_ror,South Korea,34,openalex,True
29787391,2018,United States,openalex_ror,United States,21,openalex,True
29785300,2018,Jordan,openalex_ror,Jordan|Spain,13,openalex,True
29785083,2018,United States,affil_country_name,United States,3,openalex,True
29785082,2018,Japan,affil_country_name,Japan,12,openalex,True
29782336,2018,United States,openalex_ror,United States,66,openalex,True
29780911,2018,United States,affil_country_name,Canada|United States,9,openalex,True
29780903,2018,Lebanon,openalex_ror,Lebanon,8,openalex,True
29776767,2018,France,affil_country_name,France,6,openalex,True
29773456,2018,United States,openalex_ror,United States,5,openalex,True
29772222,2018,Spain,affil_country_name,Spain,11,openalex,True
29771882,2018,Russia,openalex_ror,Russia,0,openalex,True
29765198,2018,Canada,openalex_ror,Canada|United States,18,openalex,True
29757850,2018,Greece,affil_country_name,Germany|Greece,17,openalex,True
29754993,2018,Greece,openalex_ror,Greece,23,openalex,True
29753555,2018,Iran,openalex_ror,Iran,21,openalex,True
29752594,2018,United Kingdom,openalex_ror,United Kingdom,15,openalex,True
29750010,2018,India,affil_country_name,India,35,openalex,True
29743044,2018,China,openalex_ror,China,23,openalex,True
29738592,2018,Unknown,no_affiliation,,57,openalex,True
29738587,2018,Unknown,no_affiliation,,7,openalex,True
29738586,2018,Unknown,no_affiliation,,6,openalex,True
29738585,2018,Unknown,no_affiliation,,37,openalex,True
29728896,2018,Egypt,openalex_ror,Egypt,11,openalex,True
29718869,2018,China,openalex_ror,China,26,openalex,True
29708931,2018,United States,openalex_ror,United States,55,openalex,True
29708928,2018,United States,openalex_ror,United States,47,openalex,True
29708926,2018,United States,openalex_ror,United States,41,openalex,True
29705008,2018,Italy,affil_country_name_over_openalex,Italy,116,openalex,True
29704827,2018,China,openalex_ror,China|United Kingdom,24,openalex,True
29703305,2018,Netherlands,affil_country_name,Netherlands,0,openalex,True
29703304,2018,United States,affil_country_name,United States,0,openalex,True
29703303,2018,Brazil,affil_country_name,Brazil,0,openalex,True
29703302,2018,Germany,affil_country_name,Germany,0,openalex,True
29703301,2018,Netherlands,affil_country_name,Netherlands,0,openalex,True
29703300,2018,Spain,affil_country_name,Spain,0,openalex,True
29703299,2018,France,affil_country_name,France,1,openalex,True
29703298,2018,Spain,affil_country_name,Spain,0,openalex,True
29703297,2018,United Kingdom,affil_country_name,United Kingdom,0,openalex,True
29703296,2018,Netherlands,openalex_ror,Netherlands,0,openalex,True
29703293,2018,France,openalex_ror,France,13,openalex,True
29703289,2018,United States,openalex_ror,United States,27,openalex,True
29703284,2018,United States,affil_country_name,United States,5,openalex,True
29700964,2018,Australia,openalex_ror,Australia|Hong Kong,51,openalex,True
29700642,2018,Japan,openalex_ror,Japan,9,openalex,True
29685778,2018,Netherlands,openalex_ror,Netherlands,36,openalex,True
29685776,2018,United Kingdom,openalex_ror,United Kingdom,27,openalex,True
29675396,2018,United Kingdom,openalex_ror,United Kingdom,0,openalex,True
29675388,2018,China,openalex_ror,China,8,openalex,True
29675387,2018,China,openalex_ror,China|United States,24,openalex,True
29675379,2018,Italy,openalex_ror,Italy,10,openalex,True
29674843,2018,Egypt,openalex_ror,Egypt,21,openalex,True
29672432,2018,Israel,openalex_ror,Israel,17,openalex,True
29658366,2018,China,openalex_ror,China,16,openalex,True
29657982,2018,United Kingdom,openalex_ror,United Kingdom,100,openalex,True
29644238,2018,United States,openalex_ror,United States,46,openalex,True
29636597,2018,United States,openalex_ror,United States,6,openalex,True
29634844,2018,Unknown,no_affiliation,,11,openalex,True
29634836,2018,Spain,openalex_ror,Spain,25,openalex,True
29619255,2018,Israel,openalex_ror,Israel,43,openalex,True
29616154,2018,Singapore,openalex_ror,Singapore,21,openalex,True
29615281,2018,Spain,openalex_ror,Spain,25,openalex,True
29611373,2018,South Korea,openalex_ror,South Korea,2,openalex,True
29610851,2018,Denmark,openalex_ror,Denmark,35,openalex,True
29610714,2018,Pakistan,openalex_ror,Pakistan,9,openalex,True
29610222,2018,Brazil,openalex_ror,Brazil|United States,10,openalex,True
29610024,2018,Iran,openalex_ror,Iran,23,openalex,True
29607215,2018,Italy,openalex_ror,Germany|Italy,7,openalex,True
29605283,2018,United States,openalex_ror,United States,5,openalex,True
29600182,2018,China,openalex_ror,China,46,openalex,True
29600181,2018,South Korea,openalex_ror,South Korea,11,openalex,True
29600180,2018,China,openalex_ror,China,10,openalex,True
29594789,2018,China,openalex_ror,China|Hong Kong,35,openalex,True
29590157,2018,Singapore,openalex_ror,Singapore,35,openalex,True
29587988,2018,United States,affil_country_name,United States,0,openalex,True
29587979,2018,Costa Rica,affil_country_name,Costa Rica,4,openalex,True
29576876,2018,China,openalex_ror,China,18,openalex,True
29566542,2018,Azerbaijan,affil_country_name,Azerbaijan|Portugal|Spain,55,openalex,True
29561408,2018,China,openalex_ror,China,3,openalex,True
29543664,2018,Russia,openalex_ror,Russia,11,openalex,True
29543195,2018,Russia,openalex_ror,Russia,1,openalex,True
29537886,2018,Germany,openalex_ror,Germany,25,openalex,True
29532217,2018,Israel,openalex_ror,Israel,21,openalex,True
29526338,2018,Portugal,openalex_ror,Portugal,49,openalex,True
29525838,2018,Germany,openalex_ror,Germany,27,openalex,True
29522231,2018,Unknown,no_affiliation,,36,openalex,True
29522226,2018,Unknown,no_affiliation,,11,openalex,True
29522224,2018,South Korea,openalex_ror,Germany|South Korea|United Kingdom|United States,75,openalex,True
29506498,2018,China,openalex_ror,China,8,openalex,True
29502622,2018,Spain,openalex_ror,Spain,12,openalex,True
29502608,2018,Unknown,no_affiliation,,0,openalex,True
29502607,2018,Italy,affil_country_name,Italy,2,openalex,True
29502213,2018,Italy,openalex_ror,Italy,4,openalex,True
29478225,2018,Egypt,openalex_ror,Egypt,10,openalex,True
29474295,2018,Japan,affil_country_name,Japan,10,openalex,True
29464901,2018,Hong Kong,openalex_ror,Hong Kong,1,openalex,True
29454328,2018,Egypt,affil_country_name,Egypt,11,openalex,True
29438121,2018,Iran,openalex_ror,Iran,19,openalex,True
29429287,2018,China,openalex_ror,China,0,openalex,True
29429286,2018,China,openalex_ror,China,1,openalex,True
29429285,2018,China,openalex_ror,China,2,openalex,True
29429284,2018,China,openalex_ror,China,1,openalex,True
29429283,2018,China,openalex_ror,China,3,openalex,True
29429282,2018,China,openalex_ror,China,1,openalex,True
29425395,2018,Unknown,no_affiliation,,0,openalex,True
29425394,2018,Unknown,no_affiliation,,0,openalex,True
29425392,2018,Unknown,no_affiliation,,14,openalex,True
29425391,2018,Unknown,no_affiliation,,25,openalex,True
29425390,2018,Unknown,no_affiliation,,16,openalex,True
29425389,2018,Unknown,no_affiliation,,11,openalex,True
29425388,2018,Unknown,no_affiliation,,20,openalex,True
29425387,2018,Denmark,openalex_ror,Denmark,48,openalex,True
29421383,2018,United States,openalex_ror,United States,23,openalex,True
29419553,2018,United States,openalex_ror,United States,21,openalex,True
29417088,2018,Spain,affil_country_name_over_openalex,Germany|Spain,20,openalex,True
29416315,2018,Greece,openalex_ror,Greece,44,openalex,True
29411563,2018,Germany,openalex_ror,Germany|Italy,6,openalex,True
29408829,2018,China,openalex_ror,China,13,openalex,True
29401477,2018,South Korea,openalex_ror,South Korea,17,openalex,True
29394173,2018,India,openalex_ror,India,16,openalex,True
29382905,2018,Singapore,openalex_ror,Singapore,57,openalex,True
29380760,2018,India,openalex_ror,India,25,openalex,True
29376229,2018,South Korea,openalex_ror,South Korea,8,openalex,True
29375990,2018,Saudi Arabia,openalex_ror,Saudi Arabia,17,openalex,True
29372114,2018,United States,openalex_ror,United States,23,openalex,True
29360197,2018,United States,openalex_ror,United States,30,openalex,True
29352407,2018,Austria,openalex_ror,Austria,26,openalex,True
29340891,2018,Brazil,openalex_ror,Brazil,14,openalex,True
29339637,2018,China,openalex_ror,China,10,openalex,True
29339065,2018,United States,openalex_ror,United States,2,openalex,True
29315443,2018,Unknown,no_affiliation,Brazil|United States,82,openalex,True
29315440,2018,Unknown,no_affiliation,,131,openalex,True
29315438,2018,Unknown,no_affiliation,,18,openalex,True
29315436,2018,Unknown,no_affiliation,,36,openalex,True
29315435,2018,Unknown,no_affiliation,,16,openalex,True
29283117,2018,India,openalex_ror,India,67,openalex,True
29265469,2018,United States,openalex_ror,Spain|United States,20,openalex,True
29256981,2018,Germany,openalex_ror,Germany,32,openalex,True
29219897,2018,United States,openalex_ror,United States,7,openalex,True
29215394,2018,Brazil,openalex_ror,Brazil|Spain,22,openalex,True
29210827,2018,China,openalex_ror,China,5,openalex,True
29140825,2018,United States,openalex_ror,United States,1,openalex,True
29111994,2018,Brazil,affil_country_name_over_openalex,Brazil,25,openalex,True
29085999,2018,Germany,affil_country_name,Germany,1,openalex,True
29053560,2018,China,openalex_ror,China,15,openalex,True
29053556,2018,Lebanon,openalex_ror,Germany|Lebanon,24,openalex,True
28945650,2018,Turkey,openalex_ror,Turkey,6,openalex,True
28945645,2018,Spain,openalex_ror,Spain,10,openalex,True
28741163,2018,Germany,openalex_ror,Germany,2,openalex,True
28741162,2018,Germany,openalex_ror,Germany,0,openalex,True
28346277,2018,China,openalex_ror,China,7,openalex,True
28244933,2018,China,openalex_ror,China,8,openalex,True
28099283,2018,Iran,openalex_ror,Iran,8,openalex,True
28002091,2018,United States,openalex_ror,United States,7,openalex,True
27930395,2018,China,openalex_ror,China,13,openalex,True
27755289,2018,Singapore,openalex_ror,Singapore,2,openalex,True
27585399,2018,Germany,affil_country_name_over_openalex,Germany,23,openalex,True
